Timestamp,Generation,AliveCount,AvgLength,MaxLength,Aggressiveness
2025-12-28 18:07:42,55,145,1.13,2,0.2345
2025-12-28 18:07:43,144,56,1.54,4,0.0893
2025-12-28 18:07:44,172,28,1.93,4,0.1786
2025-12-28 18:07:45,187,13,2.00,4,0.1538
2025-12-28 18:07:46,192,18,1.50,6,0.1111
2025-12-28 18:07:47,195,15,1.67,8,0.2667
2025-12-28 18:07:48,197,13,2.08,8,0.1538
2025-12-28 18:07:49,203,17,1.71,10,0.2353
2025-12-28 18:07:50,208,12,2.08,11,0.0000
2025-12-28 18:07:51,216,14,1.93,11,0.2857
2025-12-28 18:07:52,220,10,2.60,11,0.3000
2025-12-28 18:07:53,222,18,1.83,11,0.1667
2025-12-28 18:07:54,230,11,2.09,6,0.2727
2025-12-28 18:07:55,231,10,2.70,7,0.2000
2025-12-28 18:07:56,235,16,1.88,7,0.3750
2025-12-28 18:07:57,238,13,1.92,7,0.3077
2025-12-28 18:07:58,241,10,2.00,7,0.2000
2025-12-28 18:07:58,249,12,1.83,8,0.2500
2025-12-28 18:07:58,252,19,1.53,7,0.2105
2025-12-28 18:07:58,256,15,1.80,9,0.1333
2025-12-28 18:07:58,262,19,1.63,8,0.2632
2025-12-28 18:07:58,265,16,1.94,9,0.1875
2025-12-28 18:07:58,275,16,1.94,10,0.1250
2025-12-28 18:07:58,278,13,2.00,8,0.2308
2025-12-28 18:07:58,284,17,1.88,9,0.0588
2025-12-28 18:07:58,293,18,1.33,9,0.2222
2025-12-28 18:07:58,294,17,1.53,9,0.1765
2025-12-28 18:07:58,302,19,1.63,10,0.3684
2025-12-28 18:07:58,307,14,2.00,11,0.2143
2025-12-28 18:07:58,315,16,1.81,11,0.0625
2025-12-28 18:07:58,317,14,2.00,11,0.0714
2025-12-28 18:07:58,323,18,1.67,12,0.1111
2025-12-28 18:07:58,329,12,1.17,11,0.0833
2025-12-28 18:07:58,335,16,1.25,11,0.2500
2025-12-28 18:07:58,338,13,1.31,11,0.0769
2025-12-28 18:07:58,346,15,1.33,11,0.0667
2025-12-28 18:07:58,351,10,1.50,11,0.1000
2025-12-28 18:07:58,355,16,1.31,11,0.1875
2025-12-28 18:07:58,362,19,1.47,11,0.3158
2025-12-28 18:07:58,366,15,1.73,11,0.2667
2025-12-28 18:07:58,373,18,1.39,11,0.1667
2025-12-28 18:07:58,380,11,1.82,11,0.2727
2025-12-28 18:07:59,383,18,1.56,11,0.1111
2025-12-28 18:07:59,386,15,1.47,11,0.2667
2025-12-28 18:07:59,391,10,1.40,11,0.1000
2025-12-28 18:07:59,396,15,1.33,11,0.2667
2025-12-28 18:07:59,400,11,1.64,11,0.4545
2025-12-28 18:07:59,406,15,1.27,11,0.3333
2025-12-28 18:07:59,412,19,1.37,11,0.0526
2025-12-28 18:07:59,417,14,1.43,11,0.0000
2025-12-28 18:07:59,421,10,1.50,11,0.0000
2025-12-28 18:07:59,426,15,1.27,11,0.0667
2025-12-28 18:07:59,433,18,1.22,11,0.0556
2025-12-28 18:07:59,436,15,1.33,11,0.2667
2025-12-28 18:07:59,441,10,1.50,11,0.0000
2025-12-28 18:07:59,445,16,1.12,11,0.1250
2025-12-28 18:07:59,454,17,1.18,11,0.0000
2025-12-28 18:07:59,459,12,1.17,11,0.0833
2025-12-28 18:07:59,463,18,1.17,11,0.0556
2025-12-28 18:07:59,470,11,1.36,11,0.0909
2025-12-28 18:07:59,477,14,1.14,11,0.1429
2025-12-28 18:07:59,484,17,1.06,11,0.1176
2025-12-28 18:07:59,489,12,1.17,11,0.1667
2025-12-28 18:07:59,494,17,1.24,11,0.1765
2025-12-28 18:07:59,497,14,1.57,11,0.1429
2025-12-28 18:07:59,505,16,1.50,11,0.0625
2025-12-28 18:07:59,513,18,1.39,11,0.1111
2025-12-28 18:07:59,517,14,1.43,11,0.1429
2025-12-28 18:07:59,522,19,1.32,11,0.1053
2025-12-28 18:07:59,526,15,1.53,11,0.0667
2025-12-28 18:07:59,532,19,1.58,11,0.2105
2025-12-28 18:07:59,537,14,1.71,11,0.2143
2025-12-28 18:07:59,543,18,1.50,11,0.2222
2025-12-28 18:07:59,546,15,1.27,11,0.2667
2025-12-28 18:07:59,554,17,1.24,11,0.0588
2025-12-28 18:07:59,562,19,1.26,11,0.2632
2025-12-28 18:07:59,570,11,1.27,11,0.1818
2025-12-28 18:07:59,578,13,1.54,11,0.2308
2025-12-28 18:07:59,580,11,1.91,11,0.2727
2025-12-28 18:07:59,584,17,1.47,11,0.3529
2025-12-28 18:07:59,593,18,1.44,11,0.1667
2025-12-28 18:08:00,598,13,1.31,11,0.3077
2025-12-28 18:08:00,605,16,1.50,11,0.2500
2025-12-28 18:08:00,607,14,1.64,11,0.2857
2025-12-28 18:08:00,611,10,1.80,11,0.2000
2025-12-28 18:08:00,619,12,1.92,11,0.1667
2025-12-28 18:08:00,621,10,2.30,11,0.3000
2025-12-28 18:08:00,625,16,1.88,11,0.1875
2025-12-28 18:08:00,631,10,2.40,11,0.2000
2025-12-28 18:08:00,636,15,2.27,11,0.1333
2025-12-28 18:08:00,638,13,2.54,11,0.1538
2025-12-28 18:08:00,639,12,2.67,11,0.2500
2025-12-28 18:08:00,647,14,2.43,11,0.4286
2025-12-28 18:08:00,648,13,1.62,11,0.2308
2025-12-28 18:08:00,651,10,1.90,11,0.0000
2025-12-28 18:08:00,659,12,1.50,11,0.1667
2025-12-28 18:08:00,661,10,1.60,11,0.1000
2025-12-28 18:08:00,663,18,1.44,11,0.3889
2025-12-28 18:08:00,675,16,1.50,11,0.1250
2025-12-28 18:08:00,678,13,1.69,11,0.1538
2025-12-28 18:08:00,683,18,1.44,11,0.0000
2025-12-28 18:08:00,691,10,1.60,11,0.1000
2025-12-28 18:08:00,693,18,1.22,11,0.1111
2025-12-28 18:08:00,698,13,1.31,11,0.0769
2025-12-28 18:08:00,705,16,1.25,11,0.1250
2025-12-28 18:08:00,711,10,1.50,11,0.0000
2025-12-28 18:08:00,712,19,1.16,11,0.1053
2025-12-28 18:08:00,719,12,1.33,11,0.0833
2025-12-28 18:08:00,724,17,1.35,11,0.1176
2025-12-28 18:08:00,730,11,1.73,11,0.1818
2025-12-28 18:08:00,734,17,1.18,11,0.1765
2025-12-28 18:08:00,740,11,1.27,11,0.1818
2025-12-28 18:08:00,741,10,1.30,11,0.0000
2025-12-28 18:08:00,747,14,1.29,11,0.2143
2025-12-28 18:08:00,754,17,1.18,11,0.1176
2025-12-28 18:08:00,758,13,1.15,11,0.0769
2025-12-28 18:08:00,766,15,1.13,11,0.1333
2025-12-28 18:08:00,773,18,1.11,11,0.2222
2025-12-28 18:08:00,775,16,1.19,11,0.2500
2025-12-28 18:08:00,784,17,1.12,11,0.2353
2025-12-28 18:08:00,790,11,1.45,11,0.1818
2025-12-28 18:08:01,792,19,1.32,11,0.2632
2025-12-28 18:08:01,796,15,1.20,11,0.2000
2025-12-28 18:08:01,809,12,1.42,11,0.3333
2025-12-28 18:08:01,814,17,1.29,11,0.2941
2025-12-28 18:08:01,820,11,1.82,11,0.2727
2025-12-28 18:08:01,826,15,1.67,11,0.4000
2025-12-28 18:08:01,832,19,1.63,11,0.1579
2025-12-28 18:08:01,837,14,1.93,11,0.0714
2025-12-28 18:08:01,840,11,2.18,11,0.1818
2025-12-28 18:08:01,850,11,2.18,11,0.1818
2025-12-28 18:08:01,854,17,1.71,11,0.2941
2025-12-28 18:08:01,859,12,2.17,11,0.3333
2025-12-28 18:08:01,865,16,2.00,11,0.1250
2025-12-28 18:08:01,871,10,2.40,11,0.0000
2025-12-28 18:08:01,875,16,1.75,11,0.3750
2025-12-28 18:08:01,880,11,1.18,11,0.2727
2025-12-28 18:08:01,891,10,1.30,11,0.3000
2025-12-28 18:08:01,895,16,1.12,11,0.1250
2025-12-28 18:08:01,898,13,1.08,11,0.0000
2025-12-28 18:08:01,907,14,1.00,11,0.2857
2025-12-28 18:08:01,913,18,1.33,11,0.2778
2025-12-28 18:08:01,919,12,1.67,11,0.1667
2025-12-28 18:08:01,925,16,1.44,11,0.1875
2025-12-28 18:08:01,929,12,1.67,11,0.0833
2025-12-28 18:08:01,933,18,1.39,11,0.2222
2025-12-28 18:08:01,940,11,1.45,11,0.2727
2025-12-28 18:08:01,945,16,1.19,11,0.1875
2025-12-28 18:08:01,948,13,1.23,11,0.1538
2025-12-28 18:08:01,955,16,1.19,11,0.0625
2025-12-28 18:08:01,965,16,1.25,11,0.1875
2025-12-28 18:08:01,968,13,1.23,11,0.1538
2025-12-28 18:08:01,974,17,1.35,11,0.1176
2025-12-28 18:08:01,981,10,1.80,11,0.3000
2025-12-28 18:08:01,985,16,1.31,11,0.1250
2025-12-28 18:08:01,990,11,1.45,11,0.1818
2025-12-28 18:08:01,996,15,1.47,11,0.1333
2025-12-28 18:08:01,1003,18,1.44,11,0.0556
2025-12-28 18:08:01,1006,15,1.40,11,0.0000
2025-12-28 18:08:01,1009,12,1.58,11,0.0833
2025-12-28 18:08:01,1017,14,1.71,11,0.0714
2025-12-28 18:08:02,1021,10,1.90,11,0.0000
2025-12-28 18:08:02,1021,10,1.70,11,0.0000
2025-12-28 18:08:02,1026,15,1.47,11,0.1333
2025-12-28 18:08:02,1028,13,1.31,11,0.2308
2025-12-28 18:08:02,1035,16,1.31,11,0.1875
2025-12-28 18:08:02,1043,18,1.39,11,0.2222
2025-12-28 18:08:02,1048,13,1.62,11,0.0000
2025-12-28 18:08:02,1052,19,1.47,11,0.2105
2025-12-28 18:08:02,1057,14,1.86,11,0.4286
2025-12-28 18:08:02,1067,14,1.71,11,0.1429
2025-12-28 18:08:02,1068,13,1.92,11,0.0769
2025-12-28 18:08:02,1073,18,1.67,11,0.1667
2025-12-28 18:08:02,1080,11,2.09,11,0.2727
2025-12-28 18:08:02,1083,18,1.39,11,0.1667
2025-12-28 18:08:02,1086,15,1.73,11,0.1333
2025-12-28 18:08:02,1089,12,1.58,11,0.1667
2025-12-28 18:08:02,1097,14,1.14,11,0.1429
2025-12-28 18:08:02,1103,18,1.22,11,0.1111
2025-12-28 18:08:02,1104,17,1.24,11,0.1176
2025-12-28 18:08:02,1111,10,1.40,11,0.0000
2025-12-28 18:08:02,1117,14,1.29,11,0.1429
2025-12-28 18:08:02,1126,15,1.27,11,0.3333
2025-12-28 18:08:02,1133,18,1.44,11,0.1667
2025-12-28 18:08:02,1138,13,1.69,11,0.1538
2025-12-28 18:08:02,1145,16,1.62,11,0.1250
2025-12-28 18:08:02,1150,11,1.64,11,0.1818
2025-12-28 18:08:02,1154,17,1.35,11,0.0588
2025-12-28 18:08:02,1160,11,1.00,11,0.0909
2025-12-28 18:08:02,1164,17,1.12,11,0.1765
2025-12-28 18:08:02,1175,16,1.25,11,0.1250
2025-12-28 18:08:02,1179,12,1.33,11,0.1667
2025-12-28 18:08:02,1186,15,1.40,11,0.0667
2025-12-28 18:08:02,1190,11,1.45,11,0.0909
2025-12-28 18:08:02,1195,16,1.25,11,0.1875
2025-12-28 18:08:02,1201,10,1.10,11,0.0000
2025-12-28 18:08:02,1208,13,1.08,11,0.0769
2025-12-28 18:08:02,1215,16,1.12,11,0.2500
2025-12-28 18:08:02,1220,11,1.27,11,0.1818
2025-12-28 18:08:02,1227,14,1.07,11,0.0714
2025-12-28 18:08:02,1231,10,1.20,11,0.0000
2025-12-28 18:08:03,1233,18,1.11,11,0.1667
2025-12-28 18:08:03,1238,13,1.38,11,0.1538
2025-12-28 18:08:04,1244,17,1.00,11,0.1176
2025-12-28 18:08:04,1251,10,1.40,11,0.2000
2025-12-28 18:08:04,1256,15,1.33,11,0.4000
2025-12-28 18:08:04,1263,18,1.11,11,0.1667
2025-12-28 18:08:04,1268,13,1.23,11,0.0769
2025-12-28 18:08:04,1273,18,1.06,11,0.0000
2025-12-28 18:08:04,1276,15,1.20,11,0.0000
2025-12-28 18:08:04,1281,10,1.00,11,0.0000
2025-12-28 18:08:04,1291,10,1.10,11,0.2000
2025-12-28 18:08:04,1294,17,1.06,11,0.2353
2025-12-28 18:08:04,1299,12,1.08,11,0.0833
2025-12-28 18:08:04,1304,17,1.06,11,0.1765
2025-12-28 18:08:04,1311,10,1.30,11,0.1000
2025-12-28 18:08:04,1316,15,1.13,11,0.2667
2025-12-28 18:08:04,1324,17,1.18,11,0.3529
2025-12-28 18:08:04,1327,14,1.14,11,0.4286
2025-12-28 18:08:04,1341,10,1.20,11,0.1000
2025-12-28 18:08:04,1344,17,1.35,11,0.2353
2025-12-28 18:08:04,1350,11,1.55,11,0.1818
2025-12-28 18:08:04,1356,15,1.27,11,0.1333
2025-12-28 18:08:04,1363,18,1.17,11,0.0556
2025-12-28 18:08:04,1367,14,1.07,11,0.1429
2025-12-28 18:08:04,1372,19,1.05,11,0.1053
2025-12-28 18:08:04,1377,14,1.21,11,0.2143
2025-12-28 18:08:04,1386,15,1.13,11,0.1333
2025-12-28 18:08:04,1393,18,1.28,11,0.1111
2025-12-28 18:08:04,1397,14,1.29,11,0.3571
2025-12-28 18:08:04,1404,17,1.24,11,0.1765
2025-12-28 18:08:04,1411,10,1.50,11,0.3000
2025-12-28 18:08:04,1415,16,1.44,11,0.2500
2025-12-28 18:08:04,1422,19,1.37,11,0.3684
2025-12-28 18:08:04,1427,14,1.57,11,0.3571
2025-12-28 18:08:04,1437,14,1.36,11,0.4286
2025-12-28 18:08:04,1444,17,1.24,11,0.3529
2025-12-28 18:08:04,1448,13,1.08,11,0.2308
2025-12-28 18:08:04,1455,16,1.06,11,0.0000
2025-12-28 18:08:05,1461,10,1.10,11,0.1000
2025-12-28 18:08:05,1467,14,1.29,11,0.2143
2025-12-28 18:08:05,1474,17,1.24,11,0.2941
2025-12-28 18:08:05,1483,18,1.22,11,0.0000
2025-12-28 18:08:05,1487,14,1.43,11,0.2143
2025-12-28 18:08:05,1490,11,1.64,11,0.1818
2025-12-28 18:08:05,1499,12,1.08,11,0.2500
2025-12-28 18:08:05,1504,17,1.06,11,0.2353
2025-12-28 18:08:05,1509,12,1.25,11,0.0833
2025-12-28 18:08:05,1516,15,1.27,11,0.1333
2025-12-28 18:08:05,1521,10,1.20,11,0.2000
2025-12-28 18:08:05,1527,14,1.29,11,0.1429
2025-12-28 18:08:05,1532,19,1.16,11,0.2632
2025-12-28 18:08:05,1540,11,1.18,11,0.0909
2025-12-28 18:08:05,1546,15,1.20,11,0.2000
2025-12-28 18:08:05,1551,10,1.20,11,0.0000
2025-12-28 18:08:05,1557,14,1.07,11,0.2857
2025-12-28 18:08:05,1564,17,1.24,11,0.2353
2025-12-28 18:08:05,1566,15,1.27,11,0.5333
2025-12-28 18:08:05,1575,16,1.25,11,0.3125
2025-12-28 18:08:05,1581,10,1.20,11,0.1000
2025-12-28 18:08:05,1586,15,1.07,11,0.2000
2025-12-28 18:08:05,1596,15,1.40,11,0.0667
2025-12-28 18:08:05,1598,13,1.62,11,0.1538
2025-12-28 18:08:05,1600,11,1.73,11,0.0000
2025-12-28 18:08:05,1604,17,1.59,11,0.1176
2025-12-28 18:08:05,1610,11,1.91,11,0.1818
2025-12-28 18:08:05,1613,18,1.67,11,0.1111
2025-12-28 18:08:05,1620,11,2.18,11,0.0909
2025-12-28 18:08:05,1625,16,1.81,11,0.0625
2025-12-28 18:08:05,1630,11,2.18,11,0.0909
2025-12-28 18:08:05,1635,16,1.69,11,0.1875
2025-12-28 18:08:05,1640,11,2.27,11,0.2727
2025-12-28 18:08:05,1645,16,1.81,11,0.1250
2025-12-28 18:08:05,1648,13,2.00,11,0.3077
2025-12-28 18:08:05,1659,12,2.08,11,0.2500
2025-12-28 18:08:05,1662,19,1.68,11,0.1053
2025-12-28 18:08:05,1666,15,1.73,11,0.1333
2025-12-28 18:08:05,1674,17,1.41,11,0.1176
2025-12-28 18:08:05,1679,12,1.67,11,0.0833
2025-12-28 18:08:05,1682,19,1.58,11,0.0526
2025-12-28 18:08:06,1684,17,1.71,11,0.1765
2025-12-28 18:08:06,1695,16,1.62,11,0.1875
2025-12-28 18:08:06,1700,11,1.27,11,0.0000
2025-12-28 18:08:06,1704,17,1.18,11,0.2941
2025-12-28 18:08:06,1712,19,1.26,11,0.1053
2025-12-28 18:08:06,1719,12,1.17,11,0.2500
2025-12-28 18:08:06,1726,15,1.13,11,0.2000
2025-12-28 18:08:06,1729,12,1.50,11,0.1667
2025-12-28 18:08:06,1737,14,1.21,11,0.1429
2025-12-28 18:08:06,1743,18,1.06,11,0.2222
2025-12-28 18:08:06,1748,13,1.08,11,0.0769
2025-12-28 18:08:06,1755,16,1.19,11,0.2500
2025-12-28 18:08:06,1759,12,1.17,11,0.0833
2025-12-28 18:08:06,1763,18,1.11,11,0.1667
2025-12-28 18:08:06,1770,11,1.36,11,0.3636
2025-12-28 18:08:06,1775,16,1.38,11,0.1875
2025-12-28 18:08:06,1779,12,1.33,11,0.3333
2025-12-28 18:08:06,1785,16,1.44,11,0.2500
2025-12-28 18:08:06,1791,10,1.50,11,0.1000
2025-12-28 18:08:06,1796,15,1.20,11,0.1333
2025-12-28 18:08:06,1800,11,1.73,11,0.0909
2025-12-28 18:08:06,1807,14,1.71,11,0.1429
2025-12-28 18:08:06,1810,11,1.82,11,0.0909
2025-12-28 18:08:06,1812,19,1.53,11,0.1053
2025-12-28 18:08:07,1820,11,1.73,11,0.0909
2025-12-28 18:08:07,1821,10,1.90,11,0.0000
2025-12-28 18:08:07,1825,16,1.44,11,0.2500
2025-12-28 18:08:07,1831,10,1.70,11,0.2000
2025-12-28 18:08:07,1835,16,1.56,11,0.1250
2025-12-28 18:08:07,1842,19,1.37,11,0.1579
2025-12-28 18:08:07,1846,15,1.40,11,0.0667
2025-12-28 18:08:07,1856,15,1.20,11,0.2000
2025-12-28 18:08:07,1864,17,1.18,11,0.2941
2025-12-28 18:08:07,1871,10,1.20,11,0.3000
2025-12-28 18:08:07,1877,14,1.21,11,0.2143
2025-12-28 18:08:07,1882,19,1.16,11,0.1579
2025-12-28 18:08:07,1888,13,1.23,11,0.0000
2025-12-28 18:08:07,1893,18,1.11,11,0.0556
2025-12-28 18:08:07,1898,13,1.15,11,0.0000
2025-12-28 18:08:07,1905,16,1.25,11,0.2500
2025-12-28 18:08:07,1912,19,1.26,11,0.2105
2025-12-28 18:08:07,1919,12,1.08,11,0.3333
2025-12-28 18:08:07,1924,17,1.12,11,0.1765
2025-12-28 18:08:07,1930,11,1.09,11,0.2727
2025-12-28 18:08:07,1939,12,1.08,11,0.1667
2025-12-28 18:08:07,1943,18,1.00,11,0.1667
2025-12-28 18:08:07,1948,13,1.15,11,0.0000
2025-12-28 18:08:07,1956,15,1.20,11,0.2000
2025-12-28 18:08:07,1961,10,1.20,11,0.2000
2025-12-28 18:08:07,1968,13,1.23,11,0.0000
2025-12-28 18:08:07,1971,10,1.40,11,0.2000
2025-12-28 18:08:08,1976,15,1.40,11,0.1333
2025-12-28 18:08:08,1984,17,1.24,11,0.1176
2025-12-28 18:08:08,1987,14,1.29,11,0.0000
2025-12-28 18:08:08,1991,10,1.70,11,0.2000
2025-12-28 18:08:08,2000,11,1.27,11,0.1818
2025-12-28 18:08:08,2004,17,1.35,11,0.2353
2025-12-28 18:08:08,2007,14,1.14,11,0.1429
2025-12-28 18:08:08,2017,14,1.14,11,0.2857
2025-12-28 18:08:08,2021,10,1.30,11,0.2000
2025-12-28 18:08:08,2026,15,1.07,11,0.1333
2025-12-28 18:08:08,2032,19,1.11,11,0.2632
2025-12-28 18:08:08,2037,14,1.21,11,0.3571
2025-12-28 18:08:08,2045,16,1.19,11,0.0625
2025-12-28 18:08:08,2047,14,1.29,11,0.1429
2025-12-28 18:08:08,2054,17,1.24,11,0.0588
2025-12-28 18:08:08,2059,12,1.25,11,0.0833
2025-12-28 18:08:08,2062,19,1.11,11,0.1053
2025-12-28 18:08:08,2065,16,1.31,11,0.0625
2025-12-28 18:08:08,2074,17,1.41,11,0.1765
2025-12-28 18:08:08,2080,11,1.55,11,0.0909
2025-12-28 18:08:08,2087,14,1.36,11,0.0714
2025-12-28 18:08:08,2088,13,1.54,11,0.1538
2025-12-28 18:08:08,2096,15,1.47,11,0.2000
2025-12-28 18:08:08,2099,12,1.33,11,0.2500
2025-12-28 18:08:08,2104,17,1.18,11,0.1765
2025-12-28 18:08:08,2113,18,1.22,11,0.0556
2025-12-28 18:08:08,2117,14,1.21,11,0.1429
2025-12-28 18:08:08,2121,10,1.20,11,0.0000
2025-12-28 18:08:08,2127,14,1.07,11,0.2143
2025-12-28 18:08:08,2135,16,1.12,11,0.1875
2025-12-28 18:08:08,2140,11,1.00,11,0.1818
2025-12-28 18:08:08,2149,12,1.08,11,0.2500
2025-12-28 18:08:08,2157,14,1.14,11,0.2143
2025-12-28 18:08:08,2159,12,1.25,11,0.1667
2025-12-28 18:08:08,2164,17,1.29,11,0.2941
2025-12-28 18:08:08,2165,16,1.44,11,0.1875
2025-12-28 18:08:08,2175,16,1.38,11,0.2500
2025-12-28 18:08:08,2178,13,1.62,11,0.3077
2025-12-28 18:08:08,2181,10,1.70,11,0.1000
2025-12-28 18:08:08,2188,13,1.69,11,0.2308
2025-12-28 18:08:08,2192,19,1.26,11,0.3158
2025-12-28 18:08:09,2195,16,1.31,11,0.3125
2025-12-28 18:08:09,2203,18,1.44,11,0.0556
2025-12-28 18:08:09,2207,14,1.86,11,0.2143
2025-12-28 18:08:09,2209,12,2.00,11,0.2500
2025-12-28 18:08:09,2213,18,1.56,11,0.0556
2025-12-28 18:08:09,2217,14,1.21,11,0.2143
2025-12-28 18:08:09,2222,19,1.26,11,0.1579
2025-12-28 18:08:09,2229,12,1.25,11,0.0833
2025-12-28 18:08:09,2232,19,1.32,11,0.3158
2025-12-28 18:08:09,2235,16,1.38,11,0.1250
2025-12-28 18:08:09,2241,10,1.60,11,0.0000
2025-12-28 18:08:09,2245,16,1.50,11,0.2500
2025-12-28 18:08:09,2250,11,1.73,11,0.3636
2025-12-28 18:08:09,2257,14,1.71,11,0.0714
2025-12-28 18:08:09,2260,11,1.82,11,0.0909
2025-12-28 18:08:09,2265,16,1.75,11,0.1250
2025-12-28 18:08:09,2270,11,1.64,11,0.0909
2025-12-28 18:08:09,2273,18,1.44,11,0.1111
2025-12-28 18:08:09,2279,12,1.17,11,0.0833
2025-12-28 18:08:09,2287,14,1.14,11,0.0000
2025-12-28 18:08:09,2293,18,1.06,11,0.0556
2025-12-28 18:08:09,2296,15,1.13,11,0.0000
2025-12-28 18:08:09,2307,14,1.07,11,0.2857
2025-12-28 18:08:09,2311,10,1.30,11,0.2000
2025-12-28 18:08:09,2318,13,1.23,11,0.0769
2025-12-28 18:08:09,2321,10,1.40,11,0.2000
2025-12-28 18:08:09,2331,10,1.40,11,0.2000
2025-12-28 18:08:09,2336,15,1.27,11,0.2667
2025-12-28 18:08:09,2342,19,1.11,11,0.3158
2025-12-28 18:08:09,2347,14,1.29,11,0.2143
2025-12-28 18:08:09,2354,17,1.35,11,0.1176
2025-12-28 18:08:09,2356,15,1.60,11,0.2667
2025-12-28 18:08:10,2365,16,1.44,11,0.1875
2025-12-28 18:08:11,2371,10,1.60,11,0.1000
2025-12-28 18:08:11,2378,13,1.31,11,0.0769
2025-12-28 18:08:11,2382,19,1.16,11,0.1579
2025-12-28 18:08:11,2385,16,1.12,11,0.1250
2025-12-28 18:08:11,2393,18,1.22,11,0.1111
2025-12-28 18:08:11,2397,14,1.21,11,0.2857
2025-12-28 18:08:11,2405,16,1.06,11,0.2500
2025-12-28 18:08:11,2412,19,1.11,11,0.2105
2025-12-28 18:08:11,2419,12,1.17,11,0.0833
2025-12-28 18:08:11,2424,17,1.06,11,0.1765
2025-12-28 18:08:11,2435,16,1.19,11,0.1250
2025-12-28 18:08:11,2444,17,1.06,11,0.1176
2025-12-28 18:08:11,2448,13,1.46,11,0.1538
2025-12-28 18:08:11,2454,17,1.47,11,0.2353
2025-12-28 18:08:12,2459,12,1.50,11,0.1667
2025-12-28 18:08:12,2460,11,1.36,11,0.0909
2025-12-28 18:08:12,2467,14,1.29,11,0.1429
2025-12-28 18:08:12,2470,11,1.27,11,0.1818
2025-12-28 18:08:12,2473,18,1.22,11,0.3889
2025-12-28 18:08:12,2482,19,1.32,11,0.3158
2025-12-28 18:08:12,2486,15,1.20,11,0.1333
2025-12-28 18:08:12,2490,11,1.55,11,0.0909
2025-12-28 18:08:12,2497,14,1.43,11,0.0000
2025-12-28 18:08:12,2502,19,1.11,11,0.1579
2025-12-28 18:08:12,2506,15,1.13,11,0.2667
2025-12-28 18:08:12,2514,17,1.00,11,0.1765
2025-12-28 18:08:12,2517,14,1.00,11,0.2143
2025-12-28 18:08:12,2526,15,1.13,11,0.0000
2025-12-28 18:08:12,2533,18,1.17,11,0.1667
2025-12-28 18:08:12,2535,16,1.31,11,0.0625
2025-12-28 18:08:12,2543,18,1.44,11,0.1667
2025-12-28 18:08:12,2549,12,1.17,11,0.1667
2025-12-28 18:08:12,2556,15,1.13,11,0.2667
2025-12-28 18:08:12,2565,16,1.31,11,0.2500
2025-12-28 18:08:12,2567,14,1.36,11,0.1429
2025-12-28 18:08:12,2572,19,1.21,11,0.1579
2025-12-28 18:08:12,2579,12,1.42,11,0.2500
2025-12-28 18:08:12,2583,18,1.22,11,0.1111
2025-12-28 18:08:12,2584,17,1.18,11,0.1176
2025-12-28 18:08:12,2592,19,1.11,11,0.0526
2025-12-28 18:08:12,2592,19,1.26,11,0.0000
2025-12-28 18:08:12,2602,19,1.16,11,0.0526
2025-12-28 18:08:12,2608,13,1.23,11,0.1538
2025-12-28 18:08:12,2613,18,1.06,11,0.1667
2025-12-28 18:08:12,2618,13,1.00,11,0.0000
2025-12-28 18:08:12,2625,16,1.06,11,0.3125
2025-12-28 18:08:12,2631,10,1.00,11,0.3000
2025-12-28 18:08:12,2636,15,1.07,11,0.2000
2025-12-28 18:08:12,2647,14,1.07,11,0.1429
2025-12-28 18:08:12,2651,10,1.10,11,0.0000
2025-12-28 18:08:12,2658,13,1.23,11,0.0769
2025-12-28 18:08:12,2662,19,1.11,11,0.2105
2025-12-28 18:08:12,2667,14,1.21,11,0.3571
2025-12-28 18:08:12,2673,18,1.28,11,0.2222
2025-12-28 18:08:13,2678,13,1.46,11,0.2308
2025-12-28 18:08:13,2683,18,1.11,11,0.3889
2025-12-28 18:08:13,2690,11,1.27,11,0.2727
2025-12-28 18:08:13,2700,11,1.27,11,0.2727
2025-12-28 18:08:13,2705,16,1.00,11,0.0625
2025-12-28 18:08:13,2709,12,1.17,11,0.0833
2025-12-28 18:08:13,2713,18,1.22,11,0.2222
2025-12-28 18:08:13,2716,15,1.60,11,0.2667
2025-12-28 18:08:13,2722,19,1.58,11,0.2105
2025-12-28 18:08:13,2729,12,1.83,11,0.2500
2025-12-28 18:08:13,2733,18,1.61,11,0.1111
2025-12-28 18:08:13,2740,11,2.18,11,0.0000
2025-12-28 18:08:13,2744,17,1.71,11,0.2941
2025-12-28 18:08:13,2749,12,2.00,11,0.0833
2025-12-28 18:08:13,2755,16,1.69,11,0.1875
2025-12-28 18:08:13,2763,18,1.56,11,0.1111
2025-12-28 18:08:13,2769,12,1.33,11,0.1667
2025-12-28 18:08:13,2773,18,1.33,11,0.1667
2025-12-28 18:08:13,2778,13,1.15,11,0.3077
2025-12-28 18:08:13,2788,13,1.15,11,0.1538
2025-12-28 18:08:13,2791,10,1.30,11,0.2000
2025-12-28 18:08:13,2796,15,1.27,11,0.1333
2025-12-28 18:08:13,2800,11,1.27,11,0.0909
2025-12-28 18:08:13,2803,18,1.17,11,0.2222
2025-12-28 18:08:13,2809,12,1.25,11,0.2500
2025-12-28 18:08:13,2815,16,1.19,11,0.1250
2025-12-28 18:08:13,2822,19,1.21,11,0.1579
2025-12-28 18:08:13,2827,14,1.21,11,0.2857
2025-12-28 18:08:13,2833,18,1.22,11,0.1111
2025-12-28 18:08:13,2837,14,1.50,11,0.0000
2025-12-28 18:08:13,2845,16,1.44,11,0.0625
2025-12-28 18:08:13,2846,15,1.60,11,0.0667
2025-12-28 18:08:13,2851,10,1.70,11,0.0000
2025-12-28 18:08:13,2859,12,1.67,11,0.0833
2025-12-28 18:08:13,2862,19,1.53,11,0.2632
2025-12-28 18:08:13,2865,16,1.62,11,0.3750
2025-12-28 18:08:13,2869,12,1.50,11,0.1667
2025-12-28 18:08:13,2876,15,1.53,11,0.0000
2025-12-28 18:08:13,2880,11,1.45,11,0.0000
2025-12-28 18:08:13,2881,10,1.60,11,0.0000
2025-12-28 18:08:14,2888,13,1.46,11,0.3846
2025-12-28 18:08:14,2893,18,1.06,11,0.2778
2025-12-28 18:08:14,2900,11,1.18,11,0.1818
2025-12-28 18:08:14,2908,13,1.38,11,0.3077
2025-12-28 18:08:14,2912,19,1.32,11,0.1579
2025-12-28 18:08:14,2917,14,1.14,11,0.0714
2025-12-28 18:08:14,2920,11,1.27,11,0.0000
2025-12-28 18:08:14,2924,17,1.00,11,0.1176
2025-12-28 18:08:14,2933,18,1.00,11,0.1667
2025-12-28 18:08:14,2941,10,1.00,11,0.3000
2025-12-28 18:08:14,2950,11,1.45,11,0.0000
2025-12-28 18:08:14,2954,17,1.53,11,0.1176
2025-12-28 18:08:14,2958,13,1.77,11,0.1538
2025-12-28 18:08:14,2964,17,1.41,11,0.0588
2025-12-28 18:08:14,2967,14,1.36,11,0.2143
2025-12-28 18:08:14,2974,17,1.18,11,0.1765
2025-12-28 18:08:14,2982,19,1.16,11,0.2632
2025-12-28 18:08:14,2986,15,1.20,11,0.2667
2025-12-28 18:08:14,2992,19,1.11,11,0.1053
2025-12-28 18:08:14,3001,10,1.20,11,0.2000
2025-12-28 18:08:14,3007,14,1.21,11,0.3571
2025-12-28 18:08:14,3013,18,1.11,11,0.0556
2025-12-28 18:08:14,3018,13,1.23,11,0.0000
2025-12-28 18:08:14,3023,18,1.28,11,0.1111
2025-12-28 18:08:14,3029,12,1.17,11,0.0000
2025-12-28 18:08:14,3033,18,1.11,11,0.1667
2025-12-28 18:08:14,3039,12,1.17,11,0.2500
2025-12-28 18:08:14,3048,13,1.15,11,0.1538
2025-12-28 18:08:14,3050,11,1.27,11,0.1818
2025-12-28 18:08:14,3060,11,1.64,11,0.1818
2025-12-28 18:08:14,3066,15,1.53,11,0.2667
2025-12-28 18:08:14,3070,11,1.82,11,0.3636
2025-12-28 18:08:14,3078,13,1.85,11,0.0000
2025-12-28 18:08:14,3080,11,1.73,11,0.0909
2025-12-28 18:08:14,3084,17,1.18,11,0.1765
2025-12-28 18:08:14,3090,11,1.36,11,0.1818
2025-12-28 18:08:14,3096,15,1.33,11,0.1333
2025-12-28 18:08:14,3103,18,1.22,11,0.1667
2025-12-28 18:08:14,3107,14,1.29,11,0.0714
2025-12-28 18:08:14,3111,10,1.50,11,0.2000
2025-12-28 18:08:14,3116,15,1.27,11,0.2000
2025-12-28 18:08:15,3121,10,2.00,11,0.3000
2025-12-28 18:08:15,3129,12,1.67,11,0.1667
2025-12-28 18:08:15,3134,17,1.59,11,0.2353
2025-12-28 18:08:15,3141,10,1.90,11,0.3000
2025-12-28 18:08:15,3146,15,1.60,11,0.2000
2025-12-28 18:08:15,3152,19,1.37,11,0.1053
2025-12-28 18:08:15,3156,15,1.27,11,0.2000
2025-12-28 18:08:15,3164,17,1.24,11,0.2941
2025-12-28 18:08:15,3171,10,1.60,11,0.2000
2025-12-28 18:08:15,3177,14,1.50,11,0.0714
2025-12-28 18:08:15,3184,17,1.47,11,0.1176
2025-12-28 18:08:15,3186,15,1.67,11,0.2667
2025-12-28 18:08:15,3191,10,1.90,11,0.1000
2025-12-28 18:08:15,3197,14,1.50,11,0.1429
2025-12-28 18:08:15,3202,19,1.37,11,0.1579
2025-12-28 18:08:15,3207,14,1.57,11,0.0714
2025-12-28 18:08:15,3212,19,1.42,11,0.0526
2025-12-28 18:08:15,3217,14,1.71,11,0.1429
2025-12-28 18:08:15,3221,10,2.00,11,0.0000
2025-12-28 18:08:15,3228,13,1.62,11,0.0769
2025-12-28 18:08:15,3234,17,1.41,11,0.1176
2025-12-28 18:08:15,3240,11,1.64,11,0.1818
2025-12-28 18:08:15,3247,14,1.57,11,0.0714
2025-12-28 18:08:15,3248,13,1.77,11,0.1538
2025-12-28 18:08:15,3255,16,1.62,11,0.0625
2025-12-28 18:08:15,3260,11,1.82,11,0.0909
2025-12-28 18:08:15,3264,17,1.59,11,0.1765
2025-12-28 18:08:15,3272,19,1.53,11,0.1053
2025-12-28 18:08:15,3276,15,1.47,11,0.1333
2025-12-28 18:08:15,3281,10,1.40,11,0.3000
2025-12-28 18:08:15,3289,12,1.42,11,0.2500
2025-12-28 18:08:15,3295,16,1.38,11,0.1875
2025-12-28 18:08:15,3300,11,1.36,11,0.1818
2025-12-28 18:08:15,3307,14,1.14,11,0.1429
2025-12-28 18:08:15,3311,10,1.40,11,0.1000
2025-12-28 18:08:15,3316,15,1.53,11,0.2000
2025-12-28 18:08:15,3323,18,1.50,11,0.1111
2025-12-28 18:08:15,3327,14,1.57,11,0.1429
2025-12-28 18:08:15,3330,11,1.91,11,0.0909
2025-12-28 18:08:15,3332,19,1.68,11,0.0526
2025-12-28 18:08:15,3338,13,2.08,11,0.0000
2025-12-28 18:08:16,3340,11,2.18,11,0.1818
2025-12-28 18:08:16,3347,14,1.79,11,0.1429
2025-12-28 18:08:16,3351,10,2.60,11,0.2000
2025-12-28 18:08:16,3356,15,1.93,11,0.2000
2025-12-28 18:08:16,3363,18,1.72,11,0.0556
2025-12-28 18:08:16,3366,15,1.87,11,0.0667
2025-12-28 18:08:16,3371,10,2.30,11,0.0000
2025-12-28 18:08:16,3373,18,1.72,11,0.2222
2025-12-28 18:08:16,3379,12,1.75,11,0.3333
2025-12-28 18:08:16,3383,18,1.56,11,0.3889
2025-12-28 18:08:16,3389,12,1.75,11,0.1667
2025-12-28 18:08:16,3395,16,1.62,11,0.3750
2025-12-28 18:08:16,3400,11,1.82,11,0.3636
2025-12-28 18:08:16,3407,14,1.50,11,0.1429
2025-12-28 18:08:16,3411,10,1.70,11,0.0000
2025-12-28 18:08:16,3414,17,1.24,11,0.3529
2025-12-28 18:08:16,3422,19,1.16,11,0.2105
2025-12-28 18:08:16,3429,12,1.17,11,0.2500
2025-12-28 18:08:16,3437,14,1.00,11,0.1429
2025-12-28 18:08:16,3442,19,1.16,11,0.3158
2025-12-28 18:08:16,3449,12,1.17,11,0.2500
2025-12-28 18:08:16,3457,14,1.21,11,0.1429
2025-12-28 18:08:16,3461,10,1.30,11,0.1000
2025-12-28 18:08:16,3467,14,1.29,11,0.2857
2025-12-28 18:08:16,3472,19,1.21,11,0.1579
2025-12-28 18:08:16,3476,15,1.47,11,0.0667
2025-12-28 18:08:16,3482,19,1.26,11,0.2105
2025-12-28 18:08:16,3487,14,1.21,11,0.2143
2025-12-28 18:08:16,3496,15,1.13,11,0.0667
2025-12-28 18:08:16,3501,10,1.20,11,0.1000
2025-12-28 18:08:16,3507,14,1.14,11,0.2143
2025-12-28 18:08:16,3514,17,1.06,11,0.0588
2025-12-28 18:08:16,3517,14,1.14,11,0.2143
2025-12-28 18:08:16,3523,18,1.44,11,0.1667
2025-12-28 18:08:16,3527,14,1.86,11,0.2143
2025-12-28 18:08:16,3537,14,1.79,11,0.1429
2025-12-28 18:08:16,3539,12,1.67,11,0.2500
2025-12-28 18:08:16,3543,18,1.22,11,0.1111
2025-12-28 18:08:16,3548,13,1.23,11,0.0769
2025-12-28 18:08:16,3550,11,1.18,11,0.0000
2025-12-28 18:08:16,3557,14,1.14,11,0.0714
2025-12-28 18:08:17,3560,11,1.09,11,0.0909
2025-12-28 18:08:17,3568,13,1.38,11,0.1538
2025-12-28 18:08:17,3576,15,1.27,11,0.2000
2025-12-28 18:08:17,3582,19,1.11,11,0.1053
2025-12-28 18:08:17,3586,15,1.20,11,0.2000
2025-12-28 18:08:17,3589,12,1.08,11,0.0000
2025-12-28 18:08:17,3598,13,1.31,11,0.1538
2025-12-28 18:08:17,3606,15,1.33,11,0.2000
2025-12-28 18:08:17,3611,10,1.60,11,0.1000
2025-12-28 18:08:17,3617,14,1.43,11,0.0714
2025-12-28 18:08:17,3622,19,1.16,11,0.1053
2025-12-28 18:08:17,3630,11,1.18,11,0.0909
2025-12-28 18:08:17,3634,17,1.41,11,0.0588
2025-12-28 18:08:17,3638,13,1.38,11,0.0000
2025-12-28 18:08:17,3642,19,1.21,11,0.2105
2025-12-28 18:08:17,3650,11,1.64,11,0.1818
2025-12-28 18:08:17,3655,16,1.19,11,0.1875
2025-12-28 18:08:17,3657,14,1.36,11,0.2143
2025-12-28 18:08:17,3666,15,1.27,11,0.1333
2025-12-28 18:08:17,3671,10,1.40,11,0.2000
2025-12-28 18:08:17,3675,16,1.25,11,0.2500
2025-12-28 18:08:17,3681,10,1.10,11,0.1000
2025-12-28 18:08:17,3690,11,1.18,11,0.2727
2025-12-28 18:08:17,3696,15,1.00,11,0.2000
2025-12-28 18:08:17,3701,10,1.10,11,0.3000
2025-12-28 18:08:17,3707,14,1.43,11,0.2143
2025-12-28 18:08:17,3713,18,1.28,11,0.2222
2025-12-28 18:08:17,3716,15,1.53,11,0.2667
2025-12-28 18:08:17,3723,18,1.22,11,0.2222
2025-12-28 18:08:17,3727,14,1.50,11,0.3571
2025-12-28 18:08:17,3733,18,1.28,11,0.0000
2025-12-28 18:08:17,3736,15,1.20,11,0.1333
2025-12-28 18:08:17,3745,16,1.25,11,0.1875
2025-12-28 18:08:17,3753,18,1.11,11,0.2778
2025-12-28 18:08:17,3756,15,1.20,11,0.2667
2025-12-28 18:08:17,3763,18,1.11,11,0.1667
2025-12-28 18:08:17,3767,14,1.14,11,0.2143
2025-12-28 18:08:17,3772,19,1.16,11,0.2105
2025-12-28 18:08:17,3779,12,1.33,11,0.2500
2025-12-28 18:08:17,3788,13,1.31,11,0.2308
2025-12-28 18:08:18,3790,11,1.55,11,0.0909
2025-12-28 18:08:18,3797,14,1.71,11,0.0714
2025-12-28 18:08:18,3801,10,2.20,11,0.1000
2025-12-28 18:08:18,3805,16,1.25,11,0.3750
2025-12-28 18:08:18,3811,10,1.20,11,0.2000
2025-12-28 18:08:18,3820,11,1.18,11,0.2727
2025-12-28 18:08:18,3825,16,1.31,11,0.1250
2025-12-28 18:08:18,3831,10,1.40,11,0.0000
2025-12-28 18:08:18,3836,15,1.33,11,0.1333
2025-12-28 18:08:18,3843,18,1.17,11,0.1667
2025-12-28 18:08:18,3849,12,1.58,11,0.0833
2025-12-28 18:08:18,3853,18,1.28,11,0.1667
2025-12-28 18:08:18,3858,13,1.62,11,0.2308
2025-12-28 18:08:18,3860,11,1.64,11,0.1818
2025-12-28 18:08:18,3864,17,1.53,11,0.2353
2025-12-28 18:08:18,3870,11,2.09,11,0.1818
2025-12-28 18:08:18,3876,15,1.53,11,0.2667
2025-12-28 18:08:18,3882,19,1.26,11,0.1053
2025-12-28 18:08:18,3885,16,1.25,11,0.1250
2025-12-28 18:08:18,3893,18,1.17,11,0.1111
2025-12-28 18:08:18,3898,13,1.23,11,0.0000
2025-12-28 18:08:18,3904,17,1.06,11,0.2941
2025-12-28 18:08:18,3908,13,1.00,11,0.2308
2025-12-28 18:08:18,3916,15,1.07,11,0.0667
2025-12-28 18:08:18,3919,12,1.08,11,0.0833
2025-12-28 18:08:18,3926,15,1.20,11,0.0000
2025-12-28 18:08:18,3930,11,1.27,11,0.1818
2025-12-28 18:08:18,3934,17,1.12,11,0.1765
2025-12-28 18:08:18,3940,11,1.27,11,0.0909
2025-12-28 18:08:18,3944,17,1.12,11,0.1176
2025-12-28 18:08:18,3949,12,1.50,11,0.2500
2025-12-28 18:08:18,3953,18,1.39,11,0.1667
2025-12-28 18:08:18,3957,14,1.50,11,0.2143
2025-12-28 18:08:18,3963,18,1.28,11,0.1111
2025-12-28 18:08:18,3970,11,1.82,11,0.0000
2025-12-28 18:08:18,3970,11,1.64,11,0.0909
2025-12-28 18:08:18,3974,17,1.41,11,0.1176
2025-12-28 18:08:18,3981,10,1.40,11,0.1000
2025-12-28 18:08:18,3982,19,1.26,11,0.1579
2025-12-28 18:08:18,3988,13,1.46,11,0.1538
2025-12-28 18:08:18,3993,18,1.39,11,0.0556
2025-12-28 18:08:19,3999,12,1.33,11,0.0833
2025-12-28 18:08:19,4003,18,1.44,11,0.0556
2025-12-28 18:08:19,4012,19,1.58,11,0.1579
2025-12-28 18:08:19,4016,15,1.67,11,0.1333
2025-12-28 18:08:19,4020,11,1.82,11,0.0909
2025-12-28 18:08:19,4024,17,1.82,11,0.1176
2025-12-28 18:08:19,4028,13,1.85,11,0.0769
2025-12-28 18:08:19,4034,17,1.53,11,0.2941
2025-12-28 18:08:19,4038,13,1.69,11,0.2308
2025-12-28 18:08:19,4043,18,1.44,11,0.1111
2025-12-28 18:08:19,4049,12,2.25,11,0.0833
2025-12-28 18:08:19,4056,15,1.67,11,0.0667
2025-12-28 18:08:19,4060,11,2.09,11,0.1818
2025-12-28 18:08:19,4067,14,1.79,11,0.0714
2025-12-28 18:08:19,4071,10,2.50,12,0.0000
2025-12-28 18:08:19,4079,13,1.77,11,0.3077
2025-12-28 18:08:19,4083,19,1.74,11,0.2632
2025-12-28 18:08:19,4089,14,1.86,11,0.1429
2025-12-28 18:08:19,4092,11,2.00,11,0.0909
2025-12-28 18:08:19,4093,10,2.10,11,0.1000
2025-12-28 18:08:19,4102,11,1.82,11,0.2727
2025-12-28 18:08:19,4105,18,1.89,11,0.1667
2025-12-28 18:08:19,4106,17,2.00,11,0.1765
2025-12-28 18:08:19,4114,19,1.79,11,0.1053
2025-12-28 18:08:19,4117,16,2.19,11,0.2500
2025-12-28 18:08:19,4123,10,2.90,11,0.1000
2025-12-28 18:08:19,4126,17,2.59,11,0.1176
2025-12-28 18:08:19,4133,10,4.10,11,0.2000
2025-12-28 18:08:19,4136,17,2.94,11,0.4706
2025-12-28 18:08:19,4144,10,3.30,11,0.3000
2025-12-28 18:08:19,4150,14,2.71,11,0.3571
2025-12-28 18:08:19,4152,12,3.42,12,0.1667
2025-12-28 18:08:19,4156,18,2.00,11,0.2778
2025-12-28 18:08:19,4159,15,2.47,11,0.2000
2025-12-28 18:08:19,4163,11,2.82,11,0.0909
2025-12-28 18:08:19,4167,17,2.59,11,0.2941
2025-12-28 18:08:19,4173,12,2.08,11,0.1667
2025-12-28 18:08:19,4179,16,1.44,11,0.2500
2025-12-28 18:08:19,4184,11,1.91,11,0.3636
2025-12-28 18:08:19,4190,15,1.87,11,0.1333
2025-12-28 18:08:20,4191,14,2.43,11,0.0000
2025-12-28 18:08:20,4192,13,2.46,11,0.0769
2025-12-28 18:08:20,4200,15,2.40,11,0.0000
2025-12-28 18:08:20,4202,13,2.54,11,0.2308
2025-12-28 18:08:20,4208,17,2.29,12,0.0588
2025-12-28 18:08:20,4211,15,2.13,11,0.0000
2025-12-28 18:08:20,4212,14,2.64,11,0.0714
2025-12-28 18:08:20,4219,17,2.53,11,0.1176
2025-12-28 18:08:20,4220,16,2.62,12,0.1875
2025-12-28 18:08:20,4223,14,2.36,11,0.0000
2025-12-28 18:08:20,4226,11,2.91,11,0.0909
2025-12-28 18:08:20,4232,15,2.40,11,0.0000
2025-12-28 18:08:20,4235,12,2.92,11,0.0833
2025-12-28 18:08:20,4237,10,3.40,11,0.1000
2025-12-28 18:08:20,4243,14,3.14,11,0.2857
2025-12-28 18:08:20,4247,10,4.00,11,0.0000
2025-12-28 18:08:20,4251,16,2.69,11,0.0625
2025-12-28 18:08:20,4253,14,3.36,12,0.0714
2025-12-28 18:08:20,4258,19,2.37,12,0.0526
2025-12-28 18:08:20,4263,15,2.47,11,0.1333
2025-12-28 18:08:20,4269,19,1.74,11,0.1053
2025-12-28 18:08:20,4272,16,2.06,11,0.2500
2025-12-28 18:08:20,4278,10,2.90,11,0.2000
2025-12-28 18:08:20,4284,14,2.14,11,0.2143
2025-12-28 18:08:20,4289,19,1.79,11,0.1053
2025-12-28 18:08:20,4293,15,1.67,11,0.2000
2025-12-28 18:08:20,4302,16,1.88,11,0.2500
2025-12-28 18:08:20,4306,12,2.25,11,0.0833
2025-12-28 18:08:20,4311,17,1.88,11,0.1765
2025-12-28 18:08:20,4316,12,2.67,11,0.0000
2025-12-28 18:08:20,4319,19,2.00,11,0.1053
2025-12-28 18:08:20,4324,14,2.71,11,0.2143
2025-12-28 18:08:20,4325,13,2.92,11,0.2308
2025-12-28 18:08:20,4331,17,2.12,11,0.0588
2025-12-28 18:08:20,4337,11,3.00,12,0.0000
2025-12-28 18:08:20,4341,18,1.94,11,0.2222
2025-12-28 18:08:20,4348,11,2.64,11,0.0909
2025-12-28 18:08:20,4350,19,2.32,11,0.2105
2025-12-28 18:08:20,4355,14,2.86,12,0.0000
2025-12-28 18:08:20,4359,10,3.30,11,0.1000
2025-12-28 18:08:20,4362,17,2.53,11,0.1176
2025-12-28 18:08:21,4372,17,2.29,11,0.0588
2025-12-28 18:08:21,4374,15,2.73,11,0.0667
2025-12-28 18:08:21,4379,10,3.70,11,0.1000
2025-12-28 18:08:21,4381,18,2.78,12,0.0556
2025-12-28 18:08:21,4386,14,3.14,12,0.1429
2025-12-28 18:08:21,4388,13,3.08,11,0.0769
2025-12-28 18:08:21,4395,16,2.75,11,0.2500
2025-12-28 18:08:21,4398,13,3.92,11,0.2308
2025-12-28 18:08:21,4405,16,3.12,12,0.2500
2025-12-28 18:08:21,4410,11,3.09,12,0.1818
2025-12-28 18:08:21,4417,14,2.79,12,0.0714
2025-12-28 18:08:21,4420,12,2.83,12,0.0833
2025-12-28 18:08:21,4421,12,2.33,12,0.0833
2025-12-28 18:08:21,4427,16,1.69,12,0.1875
2025-12-28 18:08:21,4430,13,1.77,12,0.1538
2025-12-28 18:08:21,4433,10,2.10,12,0.1000
2025-12-28 18:08:21,4439,14,2.07,12,0.3571
2025-12-28 18:08:21,4442,11,2.27,12,0.4545
2025-12-28 18:08:21,4448,15,1.87,12,0.1333
2025-12-28 18:08:21,4455,18,1.89,12,0.1111
2025-12-28 18:08:21,4456,18,1.67,12,0.2222
2025-12-28 18:08:21,4465,19,1.95,12,0.1053
2025-12-28 18:08:21,4469,15,2.53,12,0.1333
2025-12-28 18:08:21,4476,18,2.67,12,0.1667
2025-12-28 18:08:21,4479,15,3.00,12,0.0667
2025-12-28 18:08:21,4484,11,3.18,12,0.0000
2025-12-28 18:08:21,4490,16,2.38,12,0.0000
2025-12-28 18:08:21,4495,12,3.25,12,0.2500
2025-12-28 18:08:21,4498,19,2.68,12,0.2632
2025-12-28 18:08:21,4503,15,3.60,12,0.1333
2025-12-28 18:08:21,4506,13,4.23,12,0.0769
2025-12-28 18:08:21,4508,11,5.73,12,0.0000
2025-12-28 18:08:21,4510,20,3.70,12,0.0500
2025-12-28 18:08:21,4512,20,3.45,12,0.1500
2025-12-28 18:08:21,4519,13,5.38,13,0.0769
2025-12-28 18:08:21,4521,12,5.83,12,0.0000
2025-12-28 18:08:21,4522,12,5.92,12,0.0000
2025-12-28 18:08:21,4522,13,6.15,12,0.0000
2025-12-28 18:08:21,4522,15,5.67,12,0.0000
2025-12-28 18:08:21,4522,15,6.20,12,0.0000
2025-12-28 18:08:21,4522,15,6.53,12,0.0000
2025-12-28 18:08:22,4523,15,6.80,12,0.0000
2025-12-28 18:08:22,4523,16,6.06,12,0.0000
2025-12-28 18:08:22,4523,17,5.59,12,0.0000
2025-12-28 18:08:22,4524,16,6.19,12,0.0000
2025-12-28 18:08:22,4524,16,6.38,12,0.0000
2025-12-28 18:08:22,4528,14,6.43,12,0.0000
2025-12-28 18:08:22,4531,12,7.50,12,0.0000
2025-12-28 18:08:22,4531,15,6.07,12,0.0000
2025-12-28 18:08:22,4531,16,6.50,12,0.0625
2025-12-28 18:08:22,4532,16,6.56,12,0.0000
2025-12-28 18:08:22,4532,18,6.06,12,0.0000
2025-12-28 18:08:22,4532,19,6.21,12,0.0000
2025-12-28 18:08:22,4533,19,6.05,12,0.0000
2025-12-28 18:08:22,4533,19,6.68,12,0.0000
2025-12-28 18:08:22,4534,19,7.37,12,0.0000
2025-12-28 18:08:22,4534,21,7.05,12,0.0000
2025-12-28 18:08:22,4534,21,7.76,12,0.0000
2025-12-28 18:08:22,4535,22,7.32,12,0.0000
2025-12-28 18:08:22,4535,24,6.83,12,0.0417
2025-12-28 18:08:22,4535,24,7.54,12,0.0000
2025-12-28 18:08:22,4537,24,7.50,12,0.0000
2025-12-28 18:08:22,4538,27,6.59,13,0.0000
2025-12-28 18:08:22,4538,29,6.28,12,0.0000
2025-12-28 18:08:22,4538,30,6.60,12,0.0000
2025-12-28 18:08:22,4540,30,6.50,12,0.0000
2025-12-28 18:08:22,4541,31,6.65,12,0.0323
2025-12-28 18:08:22,4542,31,6.81,12,0.0000
2025-12-28 18:08:22,4542,32,7.22,12,0.0000
2025-12-28 18:08:22,4543,36,6.53,12,0.0278
2025-12-28 18:08:22,4543,36,7.36,12,0.0000
2025-12-28 18:08:22,4543,41,6.44,12,0.0000
2025-12-28 18:08:23,4544,44,5.80,12,0.0000
2025-12-28 18:08:23,4547,42,5.81,12,0.0000
2025-12-28 18:08:23,4549,40,6.40,12,0.0250
2025-12-28 18:08:23,4554,38,6.42,12,0.0263
2025-12-28 18:08:23,4556,38,6.26,12,0.0000
2025-12-28 18:08:23,4556,39,6.23,12,0.0000
2025-12-28 18:08:23,4557,39,6.62,12,0.0256
2025-12-28 18:08:23,4559,40,6.35,12,0.0000
2025-12-28 18:08:23,4563,39,6.10,12,0.0000
2025-12-28 18:08:23,4566,37,6.70,12,0.0000
2025-12-28 18:08:23,4566,40,6.55,12,0.0500
2025-12-28 18:08:23,4566,40,6.83,12,0.0000
2025-12-28 18:08:23,4568,38,7.08,12,0.0000
2025-12-28 18:08:23,4568,41,6.37,12,0.0000
2025-12-28 18:08:23,4568,43,6.60,12,0.0233
2025-12-28 18:08:23,4571,43,6.42,12,0.0000
2025-12-28 18:08:23,4572,43,6.67,12,0.0000
2025-12-28 18:08:23,4574,44,6.70,12,0.0227
2025-12-28 18:08:23,4580,39,7.33,12,0.0256
2025-12-28 18:08:23,4582,38,7.34,12,0.0000
2025-12-28 18:08:24,4584,37,7.51,12,0.0000
2025-12-28 18:08:24,4585,41,6.76,12,0.0000
2025-12-28 18:08:24,4585,43,6.74,12,0.0000
2025-12-28 18:08:24,4585,47,6.30,12,0.0213
2025-12-28 18:08:24,4586,48,6.33,12,0.0000
2025-12-28 18:08:24,4590,46,6.63,12,0.0217
2025-12-28 18:08:24,4593,45,6.96,12,0.0000
2025-12-28 18:08:24,4595,44,7.18,12,0.0227
2025-12-28 18:08:24,4595,48,6.88,12,0.0208
2025-12-28 18:08:24,4598,48,6.71,12,0.0417
2025-12-28 18:08:24,4603,44,7.20,12,0.0227
2025-12-28 18:08:24,4604,47,7.13,12,0.0000
2025-12-28 18:08:24,4606,49,6.59,12,0.0000
2025-12-28 18:08:24,4610,47,6.98,12,0.0000
2025-12-28 18:08:24,4611,49,7.10,12,0.0204
2025-12-28 18:08:25,4614,50,6.94,12,0.0000
2025-12-28 18:08:26,4614,53,6.87,12,0.0000
2025-12-28 18:08:27,4618,52,6.85,12,0.0000
2025-12-28 18:08:28,4620,54,6.94,12,0.0556
2025-12-28 18:08:28,4621,56,6.75,12,0.0000
2025-12-28 18:08:28,4622,56,6.77,12,0.0000
2025-12-28 18:08:28,4627,55,6.75,12,0.0000
2025-12-28 18:08:28,4627,58,6.76,12,0.0000
2025-12-28 18:08:28,4629,59,6.75,12,0.0000
2025-12-28 18:08:28,4630,59,6.85,12,0.0000
2025-12-28 18:08:28,4631,58,7.07,12,0.0000
2025-12-28 18:08:28,4634,60,6.65,12,0.0000
2025-12-28 18:08:28,4635,65,6.06,12,0.0000
2025-12-28 18:08:29,4636,68,5.75,12,0.0294
2025-12-28 18:08:29,4638,68,5.81,12,0.0147
2025-12-28 18:08:29,4639,68,6.01,12,0.0000
2025-12-28 18:08:29,4639,70,6.14,12,0.0000
2025-12-28 18:08:29,4639,70,6.59,12,0.0000
2025-12-28 18:08:29,4643,66,7.09,12,0.0000
2025-12-28 18:08:29,4643,70,6.51,12,0.0143
2025-12-28 18:08:29,4647,66,7.06,12,0.0000
2025-12-28 18:08:29,4649,67,6.69,12,0.0149
2025-12-28 18:08:29,4654,63,6.81,12,0.0000
2025-12-28 18:08:29,4655,63,6.89,12,0.0317
2025-12-28 18:08:29,4656,66,6.48,12,0.0000
2025-12-28 18:08:30,4660,66,6.41,12,0.0000
2025-12-28 18:08:30,4662,65,6.45,12,0.0000
2025-12-28 18:08:30,4664,64,7.03,12,0.0312
2025-12-28 18:08:30,4666,68,6.44,12,0.0000
2025-12-28 18:08:30,4668,68,6.72,12,0.0000
2025-12-28 18:08:30,4671,66,7.11,12,0.0000
2025-12-28 18:08:30,4671,69,7.22,12,0.0000
2025-12-28 18:08:30,4673,71,7.17,12,0.0141
2025-12-28 18:08:30,4676,72,7.01,13,0.0000
2025-12-28 18:08:30,4679,72,7.06,12,0.0000
2025-12-28 18:08:30,4680,77,6.61,12,0.0000
2025-12-28 18:08:30,4685,75,6.61,12,0.0000
2025-12-28 18:08:31,4685,78,6.50,12,0.0000
2025-12-28 18:08:31,4689,78,6.33,12,0.0128
2025-12-28 18:08:31,4693,78,6.31,12,0.0128
2025-12-28 18:08:31,4694,81,6.14,12,0.0123
2025-12-28 18:08:31,4700,78,6.14,12,0.0000
2025-12-28 18:08:31,4706,77,6.09,12,0.0000
2025-12-28 18:08:31,4710,73,6.82,12,0.0000
2025-12-28 18:08:31,4711,77,6.42,12,0.0000
2025-12-28 18:08:31,4715,75,6.65,12,0.0267
2025-12-28 18:08:31,4718,74,6.88,12,0.0000
2025-12-28 18:08:31,4720,75,6.79,12,0.0000
2025-12-28 18:08:32,4722,78,6.44,12,0.0128
2025-12-28 18:08:32,4723,79,6.41,12,0.0000
2025-12-28 18:08:32,4728,76,6.54,12,0.0132
2025-12-28 18:08:32,4729,77,6.48,12,0.0260
2025-12-28 18:08:32,4733,74,6.84,12,0.0135
2025-12-28 18:08:32,4733,76,6.80,12,0.0132
2025-12-28 18:08:32,4740,71,7.03,12,0.0282
2025-12-28 18:08:32,4745,69,7.01,12,0.0580
2025-12-28 18:08:32,4748,68,7.10,12,0.0147
2025-12-28 18:08:32,4750,70,6.77,12,0.0000
2025-12-28 18:08:32,4752,71,6.76,13,0.0000
2025-12-28 18:08:33,4755,73,6.51,12,0.0000
2025-12-28 18:08:33,4758,74,6.61,12,0.0135
2025-12-28 18:08:33,4768,64,7.17,12,0.0000
2025-12-28 18:08:33,4769,67,6.96,12,0.0000
2025-12-28 18:08:33,4770,68,6.94,12,0.0294
2025-12-28 18:08:33,4772,67,7.25,12,0.0000
2025-12-28 18:08:33,4774,70,6.93,12,0.0000
2025-12-28 18:08:33,4774,76,6.16,12,0.0000
2025-12-28 18:08:33,4778,75,6.03,12,0.0000
2025-12-28 18:08:33,4781,74,6.20,12,0.0270
2025-12-28 18:08:33,4782,76,6.41,13,0.0132
2025-12-28 18:08:33,4786,74,6.68,12,0.0000
2025-12-28 18:08:34,4786,78,6.54,12,0.0128
2025-12-28 18:08:34,4791,74,6.74,12,0.0135
2025-12-28 18:08:34,4794,75,6.48,12,0.0133
2025-12-28 18:08:34,4800,71,6.68,12,0.0000
2025-12-28 18:08:34,4804,71,6.51,12,0.0000
2025-12-28 18:08:34,4806,72,6.31,12,0.0000
2025-12-28 18:08:34,4807,73,6.32,12,0.0000
2025-12-28 18:08:34,4809,75,6.24,12,0.0133
2025-12-28 18:08:34,4811,76,6.39,12,0.0000
2025-12-28 18:08:34,4814,75,6.52,12,0.0000
2025-12-28 18:08:34,4815,77,6.57,12,0.0000
2025-12-28 18:08:35,4815,79,6.59,12,0.0000
2025-12-28 18:08:35,4818,79,6.38,12,0.0000
2025-12-28 18:08:35,4822,80,5.94,12,0.0125
2025-12-28 18:08:35,4825,78,5.97,12,0.0128
2025-12-28 18:08:35,4828,79,5.68,12,0.0253
2025-12-28 18:08:35,4831,77,6.14,12,0.0260
2025-12-28 18:08:35,4837,72,6.81,12,0.0417
2025-12-28 18:08:35,4840,72,6.86,12,0.0139
2025-12-28 18:08:35,4844,69,6.70,12,0.0290
2025-12-28 18:08:35,4847,68,6.76,12,0.0294
2025-12-28 18:08:36,4849,71,6.20,12,0.0000
2025-12-28 18:08:36,4851,71,6.46,12,0.0282
2025-12-28 18:08:36,4856,69,6.25,12,0.0000
2025-12-28 18:08:36,4860,66,6.56,12,0.0000
2025-12-28 18:08:36,4863,65,7.03,12,0.0000
2025-12-28 18:08:36,4864,70,6.53,12,0.0143
2025-12-28 18:08:36,4865,73,6.33,12,0.0137
2025-12-28 18:08:36,4866,76,6.38,12,0.0000
2025-12-28 18:08:36,4867,75,6.69,12,0.0133
2025-12-28 18:08:36,4872,73,6.45,12,0.0000
2025-12-28 18:08:36,4873,73,6.36,12,0.0137
2025-12-28 18:08:36,4874,74,6.24,12,0.0000
2025-12-28 18:08:37,4877,71,6.55,12,0.0000
2025-12-28 18:08:37,4879,72,6.46,12,0.0139
2025-12-28 18:08:37,4884,72,6.06,12,0.0278
2025-12-28 18:08:38,4892,67,6.04,12,0.0299
2025-12-28 18:08:39,4893,66,6.38,12,0.0000
2025-12-28 18:08:40,4894,69,6.07,12,0.0000
2025-12-28 18:08:41,4897,67,6.12,12,0.0000
2025-12-28 18:08:42,4899,68,5.91,12,0.0000
2025-12-28 18:08:43,4902,65,6.49,12,0.0000
2025-12-28 18:08:44,4902,66,6.70,12,0.0000
2025-12-28 18:08:44,4905,66,6.79,12,0.0152
2025-12-28 18:08:45,4907,69,6.70,12,0.0000
2025-12-28 18:08:46,4908,72,6.31,13,0.0000
2025-12-28 18:08:47,4912,72,6.25,12,0.0000
2025-12-28 18:08:48,4913,73,6.34,12,0.0000
2025-12-28 18:08:51,4916,73,6.33,12,0.0000
2025-12-28 18:08:52,4917,73,6.68,12,0.0000
2025-12-28 18:08:53,4922,72,6.56,12,0.0000
2025-12-28 18:08:54,4923,76,6.12,12,0.0000
2025-12-28 18:08:55,4924,78,6.12,12,0.0128
2025-12-28 18:08:56,4927,78,6.41,12,0.0128
2025-12-28 18:08:57,4933,73,6.89,12,0.0137
2025-12-28 18:08:58,4936,75,6.57,12,0.0133
2025-12-28 18:08:59,4938,73,6.84,12,0.0000
2025-12-28 18:09:00,4938,77,6.57,13,0.0260
2025-12-28 18:09:01,4941,78,6.46,12,0.0000
2025-12-28 18:09:01,4945,76,6.49,12,0.0263
2025-12-28 18:09:01,4948,76,6.62,12,0.0000
2025-12-28 18:09:01,4951,75,7.05,12,0.0133
2025-12-28 18:09:01,4952,79,6.91,12,0.0127
2025-12-28 18:09:01,4955,77,7.10,12,0.0130
2025-12-28 18:09:01,4958,79,6.89,12,0.0127
2025-12-28 18:09:01,4960,82,6.72,12,0.0000
2025-12-28 18:09:01,4963,84,6.58,13,0.0119
2025-12-28 18:09:01,4966,85,6.52,12,0.0118
2025-12-28 18:09:02,4966,86,6.73,12,0.0000
2025-12-28 18:09:02,4969,87,6.67,12,0.0000
2025-12-28 18:09:02,4972,87,6.54,12,0.0115
2025-12-28 18:09:02,4973,89,6.40,12,0.0000
2025-12-28 18:09:02,4978,86,6.57,12,0.0000
2025-12-28 18:09:02,4980,86,6.58,12,0.0116
2025-12-28 18:09:02,4983,87,6.16,12,0.0115
2025-12-28 18:09:02,4986,90,5.61,12,0.0222
2025-12-28 18:09:02,4992,85,5.96,12,0.0000
2025-12-28 18:09:02,4995,85,6.04,12,0.0118
2025-12-28 18:09:03,4998,85,6.07,12,0.0118
2025-12-28 18:09:03,5001,84,6.05,12,0.0000
2025-12-28 18:09:03,5005,81,6.28,12,0.0000
2025-12-28 18:09:03,5011,76,6.34,12,0.0000
2025-12-28 18:09:03,5012,78,6.14,13,0.0000
2025-12-28 18:09:03,5013,79,6.22,12,0.0127
2025-12-28 18:09:03,5015,83,5.84,12,0.0000
2025-12-28 18:09:03,5018,83,5.90,12,0.0000
2025-12-28 18:09:03,5019,84,5.92,12,0.0357
2025-12-28 18:09:03,5024,83,5.80,12,0.0000
2025-12-28 18:09:03,5031,78,6.05,12,0.0128
2025-12-28 18:09:04,5036,74,6.43,12,0.0000
2025-12-28 18:09:04,5038,72,6.81,12,0.0139
2025-12-28 18:09:04,5040,72,6.94,12,0.0139
2025-12-28 18:09:04,5043,74,6.41,12,0.0405
2025-12-28 18:09:04,5045,78,6.23,12,0.0000
2025-12-28 18:09:04,5046,78,6.47,12,0.0000
2025-12-28 18:09:04,5050,77,6.75,12,0.0260
2025-12-28 18:09:04,5051,82,6.26,12,0.0122
2025-12-28 18:09:04,5052,84,6.29,12,0.0000
2025-12-28 18:09:04,5062,76,6.58,12,0.0000
2025-12-28 18:09:04,5064,76,6.63,12,0.0132
2025-12-28 18:09:05,5065,78,6.56,12,0.0000
2025-12-28 18:09:05,5068,81,6.20,12,0.0123
2025-12-28 18:09:05,5069,80,6.71,12,0.0125
2025-12-28 18:09:05,5070,82,6.83,13,0.0000
2025-12-28 18:09:05,5071,86,6.62,12,0.0116
2025-12-28 18:09:05,5072,87,6.63,12,0.0000
2025-12-28 18:09:05,5074,90,6.27,12,0.0111
2025-12-28 18:09:05,5075,90,6.33,12,0.0000
2025-12-28 18:09:05,5077,90,6.36,12,0.0000
2025-12-28 18:09:05,5081,89,6.56,12,0.0112
2025-12-28 18:09:06,5082,88,6.74,12,0.0000
2025-12-28 18:09:06,5082,90,6.73,13,0.0000
2025-12-28 18:09:06,5086,92,6.21,12,0.0000
2025-12-28 18:09:06,5089,90,6.56,12,0.0000
2025-12-28 18:09:06,5094,87,6.38,12,0.0000
2025-12-28 18:09:06,5097,88,6.03,12,0.0114
2025-12-28 18:09:06,5100,86,6.14,12,0.0116
2025-12-28 18:09:06,5104,84,6.36,12,0.0000
2025-12-28 18:09:06,5105,88,6.15,13,0.0341
2025-12-28 18:09:06,5108,91,6.04,12,0.0110
2025-12-28 18:09:07,5109,91,6.12,12,0.0000
2025-12-28 18:09:07,5117,87,6.10,12,0.0115
2025-12-28 18:09:07,5123,85,6.08,12,0.0353
2025-12-28 18:09:07,5128,82,6.46,12,0.0000
2025-12-28 18:09:07,5128,82,6.85,12,0.0122
2025-12-28 18:09:07,5131,81,6.73,12,0.0000
2025-12-28 18:09:07,5134,79,7.06,12,0.0127
2025-12-28 18:09:07,5137,79,7.16,12,0.0127
2025-12-28 18:09:07,5138,84,6.62,12,0.0119
2025-12-28 18:09:07,5140,85,6.65,12,0.0000
2025-12-28 18:09:08,5141,85,6.68,12,0.0000
2025-12-28 18:09:08,5146,82,6.73,12,0.0244
2025-12-28 18:09:08,5148,84,6.64,12,0.0119
2025-12-28 18:09:08,5149,84,6.89,12,0.0000
2025-12-28 18:09:08,5151,84,6.70,12,0.0000
2025-12-28 18:09:08,5153,85,6.67,12,0.0000
2025-12-28 18:09:08,5156,86,6.37,12,0.0000
2025-12-28 18:09:08,5161,82,6.73,12,0.0000
2025-12-28 18:09:08,5161,86,6.44,12,0.0000
2025-12-28 18:09:08,5164,83,6.93,12,0.0120
2025-12-28 18:09:09,5165,85,7.16,12,0.0000
2025-12-28 18:09:09,5166,90,6.84,12,0.0111
2025-12-28 18:09:09,5167,92,6.68,12,0.0109
2025-12-28 18:09:09,5170,91,6.76,12,0.0000
2025-12-28 18:09:09,5171,91,6.89,12,0.0000
2025-12-28 18:09:09,5175,92,6.76,12,0.0000
2025-12-28 18:09:09,5177,98,6.18,12,0.0204
2025-12-28 18:09:09,5178,98,6.42,12,0.0102
2025-12-28 18:09:09,5181,100,6.25,12,0.0000
2025-12-28 18:09:09,5183,102,6.10,12,0.0196
2025-12-28 18:09:10,5191,96,6.26,12,0.0000
2025-12-28 18:09:10,5196,93,6.40,12,0.0108
2025-12-28 18:09:10,5200,91,6.51,12,0.0110
2025-12-28 18:09:10,5204,89,6.76,12,0.0449
2025-12-28 18:09:10,5205,92,6.60,12,0.0326
2025-12-28 18:09:10,5208,93,6.58,12,0.0000
2025-12-28 18:09:10,5211,91,6.73,12,0.0110
2025-12-28 18:09:10,5214,90,6.76,12,0.0000
2025-12-28 18:09:10,5214,92,6.59,12,0.0000
2025-12-28 18:09:11,5219,90,6.49,12,0.0000
2025-12-28 18:09:11,5222,90,6.54,12,0.0111
2025-12-28 18:09:11,5224,90,6.58,12,0.0111
2025-12-28 18:09:11,5224,91,6.66,12,0.0330
2025-12-28 18:09:11,5225,95,6.17,12,0.0105
2025-12-28 18:09:11,5228,94,6.51,12,0.0000
2025-12-28 18:09:11,5231,97,6.20,12,0.0103
2025-12-28 18:09:11,5236,95,6.40,12,0.0105
2025-12-28 18:09:11,5238,94,6.61,12,0.0106
2025-12-28 18:09:12,5238,96,6.58,12,0.0000
2025-12-28 18:09:12,5242,96,6.32,12,0.0104
2025-12-28 18:09:12,5244,97,6.43,12,0.0000
2025-12-28 18:09:12,5247,100,6.33,12,0.0100
2025-12-28 18:09:12,5252,100,6.41,12,0.0300
2025-12-28 18:09:12,5256,96,6.80,12,0.0208
2025-12-28 18:09:12,5258,103,6.19,13,0.0000
2025-12-28 18:09:12,5262,104,6.01,12,0.0096
2025-12-28 18:09:12,5263,107,5.93,12,0.0093
2025-12-28 18:09:13,5268,103,6.04,12,0.0000
2025-12-28 18:09:13,5274,100,6.18,12,0.0100
2025-12-28 18:09:13,5279,97,6.36,12,0.0206
2025-12-28 18:09:13,5284,96,6.08,12,0.0104
2025-12-28 18:09:13,5287,94,6.35,12,0.0000
2025-12-28 18:09:13,5291,90,6.58,12,0.0000
2025-12-28 18:09:13,5295,88,6.76,12,0.0227
2025-12-28 18:09:13,5298,87,6.71,12,0.0230
2025-12-28 18:09:13,5299,89,6.78,12,0.0225
2025-12-28 18:09:13,5300,92,6.43,12,0.0109
2025-12-28 18:09:14,5302,94,6.55,12,0.0213
2025-12-28 18:09:14,5302,99,6.11,12,0.0000
2025-12-28 18:09:14,5307,97,6.22,12,0.0103
2025-12-28 18:09:14,5314,93,6.34,12,0.0000
2025-12-28 18:09:14,5318,91,6.46,12,0.0000
2025-12-28 18:09:14,5321,88,6.91,12,0.0227
2025-12-28 18:09:14,5325,85,7.12,12,0.0000
2025-12-28 18:09:14,5328,86,6.66,12,0.0116
2025-12-28 18:09:14,5329,88,6.34,12,0.0114
2025-12-28 18:09:15,5330,92,6.09,12,0.0109
2025-12-28 18:09:15,5331,93,6.18,12,0.0108
2025-12-28 18:09:15,5334,94,6.04,12,0.0106
2025-12-28 18:09:15,5337,96,5.95,12,0.0104
2025-12-28 18:09:15,5338,96,6.08,12,0.0000
2025-12-28 18:09:15,5341,96,6.21,12,0.0208
2025-12-28 18:09:15,5344,94,6.51,12,0.0000
2025-12-28 18:09:15,5345,96,6.43,12,0.0000
2025-12-28 18:09:15,5348,95,6.36,12,0.0105
2025-12-28 18:09:15,5351,93,6.35,12,0.0215
2025-12-28 18:09:16,5355,93,6.29,12,0.0215
2025-12-28 18:09:16,5357,93,6.39,12,0.0323
2025-12-28 18:09:16,5363,89,6.64,12,0.0000
2025-12-28 18:09:16,5365,95,5.83,12,0.0105
2025-12-28 18:09:16,5369,92,6.26,12,0.0217
2025-12-28 18:09:16,5372,94,6.11,12,0.0000
2025-12-28 18:09:16,5376,94,6.09,12,0.0106
2025-12-28 18:09:16,5379,93,6.37,12,0.0430
2025-12-28 18:09:16,5381,93,6.34,12,0.0108
2025-12-28 18:09:17,5383,93,6.51,12,0.0108
2025-12-28 18:09:17,5387,92,6.42,12,0.0000
2025-12-28 18:09:17,5390,90,6.76,12,0.0222
2025-12-28 18:09:17,5392,92,6.50,12,0.0000
2025-12-28 18:09:17,5392,92,6.67,12,0.0000
2025-12-28 18:09:17,5394,90,6.71,12,0.0111
2025-12-28 18:09:17,5396,91,6.69,12,0.0110
2025-12-28 18:09:17,5400,93,6.30,12,0.0108
2025-12-28 18:09:17,5402,93,6.44,12,0.0000
2025-12-28 18:09:17,5408,89,6.83,12,0.0225
2025-12-28 18:09:18,5410,90,6.86,12,0.0000
2025-12-28 18:09:18,5411,92,6.77,12,0.0000
2025-12-28 18:09:18,5413,92,6.85,12,0.0000
2025-12-28 18:09:18,5418,90,6.78,12,0.0111
2025-12-28 18:09:18,5419,91,6.90,13,0.0000
2025-12-28 18:09:18,5420,94,6.81,12,0.0106
2025-12-28 18:09:18,5426,96,6.41,12,0.0104
2025-12-28 18:09:18,5427,97,6.58,13,0.0000
2025-12-28 18:09:18,5427,100,6.41,12,0.0100
2025-12-28 18:09:18,5432,99,6.37,12,0.0202
2025-12-28 18:09:19,5435,97,6.64,12,0.0103
2025-12-28 18:09:19,5438,98,6.61,12,0.0000
2025-12-28 18:09:19,5440,98,6.65,12,0.0204
2025-12-28 18:09:19,5441,100,6.65,12,0.0200
2025-12-28 18:09:19,5442,103,6.58,12,0.0097
2025-12-28 18:09:19,5447,101,6.72,12,0.0198
2025-12-28 18:09:19,5452,100,6.45,12,0.0300
2025-12-28 18:09:19,5457,100,6.38,12,0.0000
2025-12-28 18:09:19,5458,103,6.18,12,0.0194
2025-12-28 18:09:20,5462,102,6.33,12,0.0000
2025-12-28 18:09:20,5469,100,6.11,12,0.0000
2025-12-28 18:09:20,5475,95,6.62,12,0.0211
2025-12-28 18:09:20,5478,98,6.47,12,0.0204
2025-12-28 18:09:20,5480,97,6.49,12,0.0000
2025-12-28 18:09:20,5480,99,6.60,12,0.0000
2025-12-28 18:09:20,5483,100,6.45,12,0.0400
2025-12-28 18:09:20,5485,104,6.10,12,0.0096
2025-12-28 18:09:20,5486,105,6.27,12,0.0000
2025-12-28 18:09:21,5486,108,6.36,12,0.0093
2025-12-28 18:09:21,5490,108,6.35,12,0.0278
2025-12-28 18:09:21,5494,108,6.30,12,0.0185
2025-12-28 18:09:21,5496,106,6.46,12,0.0094
2025-12-28 18:09:21,5501,105,6.32,12,0.0095
2025-12-28 18:09:21,5502,107,6.21,12,0.0093
2025-12-28 18:09:21,5506,106,6.31,12,0.0189
2025-12-28 18:09:21,5511,103,6.57,12,0.0000
2025-12-28 18:09:22,5514,102,6.48,12,0.0196
2025-12-28 18:09:22,5520,97,6.82,12,0.0000
2025-12-28 18:09:22,5524,99,6.42,12,0.0000
2025-12-28 18:09:22,5526,101,6.33,12,0.0099
2025-12-28 18:09:22,5531,99,6.25,12,0.0000
2025-12-28 18:09:22,5533,99,6.44,12,0.0000
2025-12-28 18:09:22,5533,102,6.44,12,0.0000
2025-12-28 18:09:22,5535,103,6.46,12,0.0097
2025-12-28 18:09:22,5538,102,6.51,12,0.0000
2025-12-28 18:09:23,5540,102,6.58,12,0.0098
2025-12-28 18:09:23,5545,99,6.74,12,0.0101
2025-12-28 18:09:23,5547,99,6.81,12,0.0101
2025-12-28 18:09:23,5553,96,7.14,12,0.0000
2025-12-28 18:09:23,5553,100,6.96,13,0.0100
2025-12-28 18:09:23,5556,101,6.82,12,0.0099
2025-12-28 18:09:23,5561,97,7.06,12,0.0000
2025-12-28 18:09:23,5563,101,6.79,12,0.0000
2025-12-28 18:09:23,5564,102,6.84,12,0.0098
2025-12-28 18:09:24,5566,104,6.53,12,0.0096
2025-12-28 18:09:24,5570,103,6.37,12,0.0097
2025-12-28 18:09:24,5574,101,6.57,12,0.0000
2025-12-28 18:09:24,5579,99,6.63,12,0.0101
2025-12-28 18:09:24,5584,98,6.52,12,0.0204
2025-12-28 18:09:24,5588,97,6.69,12,0.0103
2025-12-28 18:09:24,5590,99,6.63,12,0.0000
2025-12-28 18:09:24,5591,98,6.82,12,0.0102
2025-12-28 18:09:24,5595,97,6.75,12,0.0000
2025-12-28 18:09:25,5601,99,6.39,12,0.0000
2025-12-28 18:09:25,5602,101,6.30,12,0.0198
2025-12-28 18:09:25,5606,99,6.21,12,0.0202
2025-12-28 18:09:25,5607,100,6.11,12,0.0000
2025-12-28 18:09:25,5611,99,6.23,12,0.0101
2025-12-28 18:09:25,5613,100,6.20,12,0.0000
2025-12-28 18:09:25,5615,101,6.28,12,0.0099
2025-12-28 18:09:25,5618,102,6.30,12,0.0000
2025-12-28 18:09:25,5619,102,6.48,12,0.0000
2025-12-28 18:09:26,5620,107,6.25,12,0.0093
2025-12-28 18:09:26,5621,107,6.25,12,0.0093
2025-12-28 18:09:26,5624,109,6.04,12,0.0092
2025-12-28 18:09:26,5628,108,5.95,12,0.0185
2025-12-28 18:09:26,5631,106,6.05,12,0.0000
2025-12-28 18:09:26,5634,105,6.18,12,0.0000
2025-12-28 18:09:26,5639,101,6.54,12,0.0198
2025-12-28 18:09:26,5640,102,6.55,12,0.0098
2025-12-28 18:09:27,5649,97,6.44,12,0.0000
2025-12-28 18:09:27,5651,97,6.53,12,0.0103
2025-12-28 18:09:27,5655,96,6.62,13,0.0104
2025-12-28 18:09:27,5658,100,6.39,12,0.0000
2025-12-28 18:09:27,5661,102,6.25,12,0.0000
2025-12-28 18:09:27,5665,98,6.68,12,0.0102
2025-12-28 18:09:27,5666,103,6.42,12,0.0000
2025-12-28 18:09:27,5671,100,6.57,12,0.0000
2025-12-28 18:09:27,5673,102,6.32,13,0.0000
2025-12-28 18:09:28,5679,99,6.38,12,0.0101
2025-12-28 18:09:28,5682,100,6.33,12,0.0100
2025-12-28 18:09:28,5687,97,6.56,12,0.0103
2025-12-28 18:09:28,5688,98,6.39,12,0.0000
2025-12-28 18:09:28,5689,98,6.37,12,0.0000
2025-12-28 18:09:28,5692,99,6.14,12,0.0101
2025-12-28 18:09:28,5697,96,6.28,12,0.0000
2025-12-28 18:09:28,5699,96,6.44,12,0.0208
2025-12-28 18:09:28,5703,99,5.88,12,0.0000
2025-12-28 18:09:28,5707,97,5.99,13,0.0000
2025-12-28 18:09:29,5710,96,6.12,12,0.0000
2025-12-28 18:09:29,5712,101,5.91,12,0.0099
2025-12-28 18:09:29,5715,103,5.68,12,0.0000
2025-12-28 18:09:29,5719,106,5.57,12,0.0000
2025-12-28 18:09:29,5722,104,6.00,13,0.0096
2025-12-28 18:09:29,5727,103,6.08,12,0.0000
2025-12-28 18:09:29,5733,102,6.12,12,0.0000
2025-12-28 18:09:29,5736,103,6.01,12,0.0097
2025-12-28 18:09:30,5739,104,6.07,12,0.0192
2025-12-28 18:09:30,5741,103,6.23,12,0.0000
2025-12-28 18:09:30,5743,104,6.30,13,0.0000
2025-12-28 18:09:30,5746,103,6.43,13,0.0000
2025-12-28 18:09:30,5751,102,6.27,12,0.0098
2025-12-28 18:09:30,5754,100,6.44,12,0.0000
2025-12-28 18:09:30,5760,101,6.12,12,0.0297
2025-12-28 18:09:30,5763,103,5.90,12,0.0097
2025-12-28 18:09:30,5768,100,6.03,12,0.0000
2025-12-28 18:09:31,5771,99,6.10,12,0.0000
2025-12-28 18:09:31,5774,100,6.12,12,0.0200
2025-12-28 18:09:31,5777,99,6.36,12,0.0000
2025-12-28 18:09:31,5778,103,6.28,12,0.0194
2025-12-28 18:09:31,5778,106,6.23,12,0.0094
2025-12-28 18:09:31,5779,107,6.32,12,0.0093
2025-12-28 18:09:31,5782,107,6.23,12,0.0000
2025-12-28 18:09:31,5787,105,6.23,12,0.0095
2025-12-28 18:09:31,5788,111,5.75,12,0.0000
2025-12-28 18:09:32,5791,114,5.29,12,0.0088
2025-12-28 18:09:32,5796,113,5.35,12,0.0000
2025-12-28 18:09:32,5801,112,5.42,12,0.0000
2025-12-28 18:09:32,5805,109,5.54,12,0.0000
2025-12-28 18:09:32,5808,106,5.58,12,0.0000
2025-12-28 18:09:32,5813,102,6.00,12,0.0000
2025-12-28 18:09:32,5819,98,6.07,12,0.0102
2025-12-28 18:09:32,5819,101,6.01,12,0.0000
2025-12-28 18:09:33,5819,105,5.85,12,0.0000
2025-12-28 18:09:33,5823,104,5.91,12,0.0000
2025-12-28 18:09:33,5825,102,6.19,12,0.0000
2025-12-28 18:09:33,5829,101,6.16,12,0.0099
2025-12-28 18:09:33,5830,103,6.21,12,0.0194
2025-12-28 18:09:33,5832,101,6.61,12,0.0099
2025-12-28 18:09:33,5835,103,6.46,12,0.0194
2025-12-28 18:09:33,5838,104,6.47,12,0.0000
2025-12-28 18:09:33,5840,105,6.50,12,0.0000
2025-12-28 18:09:34,5841,109,6.14,12,0.0000
2025-12-28 18:09:34,5845,107,6.17,12,0.0000
2025-12-28 18:09:34,5853,105,5.98,12,0.0190
2025-12-28 18:09:34,5856,103,6.27,12,0.0194
2025-12-28 18:09:34,5857,106,6.24,13,0.0000
2025-12-28 18:09:34,5859,109,6.38,12,0.0000
2025-12-28 18:09:34,5863,109,6.40,12,0.0183
2025-12-28 18:09:34,5868,110,6.16,12,0.0000
2025-12-28 18:09:35,5869,110,6.40,12,0.0273
2025-12-28 18:09:35,5869,112,6.50,12,0.0000
2025-12-28 18:09:35,5872,112,6.36,12,0.0089
2025-12-28 18:09:35,5873,113,6.40,12,0.0000
2025-12-28 18:09:35,5875,116,6.26,12,0.0000
2025-12-28 18:09:35,5879,116,6.28,12,0.0000
2025-12-28 18:09:35,5882,116,6.35,12,0.0086
2025-12-28 18:09:35,5885,116,6.32,12,0.0086
2025-12-28 18:09:36,5893,113,6.34,12,0.0088
2025-12-28 18:09:36,5894,119,6.04,12,0.0000
2025-12-28 18:09:36,5898,120,5.92,12,0.0083
2025-12-28 18:09:36,5902,116,6.47,12,0.0086
2025-12-28 18:09:36,5906,113,6.80,12,0.0000
2025-12-28 18:09:36,5911,111,6.77,12,0.0000
2025-12-28 18:09:36,5916,110,6.83,12,0.0000
2025-12-28 18:09:36,5919,110,6.66,12,0.0000
2025-12-28 18:09:37,5920,115,6.48,12,0.0000
2025-12-28 18:09:37,5923,116,6.51,12,0.0086
2025-12-28 18:09:37,5925,120,6.31,12,0.0083
2025-12-28 18:09:37,5928,120,6.36,12,0.0083
2025-12-28 18:09:37,5931,123,6.05,12,0.0000
2025-12-28 18:09:37,5934,124,5.83,12,0.0000
2025-12-28 18:09:37,5938,123,5.89,12,0.0081
2025-12-28 18:09:38,5942,122,5.81,12,0.0000
2025-12-28 18:09:38,5945,122,5.89,12,0.0082
2025-12-28 18:09:38,5947,121,6.16,12,0.0000
2025-12-28 18:09:38,5950,121,6.10,12,0.0083
2025-12-28 18:09:38,5954,121,6.11,13,0.0083
2025-12-28 18:09:38,5960,121,6.10,13,0.0165
2025-12-28 18:09:38,5961,123,6.13,12,0.0081
2025-12-28 18:09:38,5964,125,6.16,12,0.0080
2025-12-28 18:09:39,5969,126,6.16,12,0.0079
2025-12-28 18:09:39,5970,128,6.28,12,0.0234
2025-12-28 18:09:39,5974,131,5.97,12,0.0076
2025-12-28 18:09:39,5979,127,6.33,12,0.0000
2025-12-28 18:09:39,5988,121,6.59,12,0.0000
2025-12-28 18:09:39,5994,120,6.57,12,0.0000
2025-12-28 18:09:39,5995,121,6.72,12,0.0248
2025-12-28 18:09:40,5997,124,6.62,12,0.0000
2025-12-28 18:09:40,5999,125,6.71,12,0.0080
2025-12-28 18:09:40,6004,121,6.76,12,0.0000
2025-12-28 18:09:40,6006,127,6.20,12,0.0236
2025-12-28 18:09:40,6010,124,6.39,12,0.0081
2025-12-28 18:09:40,6012,126,6.40,13,0.0159
2025-12-28 18:09:40,6016,124,6.55,12,0.0081
2025-12-28 18:09:41,6020,122,6.66,12,0.0082
2025-12-28 18:09:41,6021,125,6.71,12,0.0000
2025-12-28 18:09:41,6022,126,6.67,12,0.0079
2025-12-28 18:09:41,6023,132,6.28,12,0.0152
2025-12-28 18:09:41,6026,134,6.16,12,0.0075
2025-12-28 18:09:41,6029,133,6.24,12,0.0150
2025-12-28 18:09:41,6034,133,6.20,12,0.0075
2025-12-28 18:09:42,6040,134,5.97,12,0.0000
2025-12-28 18:09:42,6042,135,6.06,12,0.0074
2025-12-28 18:09:42,6046,136,5.95,12,0.0147
2025-12-28 18:09:42,6049,135,6.08,12,0.0148
2025-12-28 18:09:42,6055,130,6.09,12,0.0000
2025-12-28 18:09:42,6059,127,6.27,12,0.0157
2025-12-28 18:09:42,6063,132,5.91,13,0.0152
2025-12-28 18:09:43,6072,124,6.27,12,0.0000
2025-12-28 18:09:43,6073,128,6.04,12,0.0000
2025-12-28 18:09:43,6079,125,6.21,12,0.0080
2025-12-28 18:09:43,6085,122,6.41,12,0.0082
2025-12-28 18:09:43,6087,124,6.31,12,0.0081
2025-12-28 18:09:43,6089,123,6.48,12,0.0244
2025-12-28 18:09:43,6093,124,6.24,12,0.0081
2025-12-28 18:09:44,6096,124,6.35,12,0.0161
2025-12-28 18:09:44,6100,122,6.70,12,0.0000
2025-12-28 18:09:44,6100,125,6.76,12,0.0000
2025-12-28 18:09:44,6104,127,6.50,12,0.0000
2025-12-28 18:09:44,6105,130,6.52,12,0.0000
2025-12-28 18:09:44,6106,132,6.51,12,0.0000
2025-12-28 18:09:44,6109,130,6.60,12,0.0077
2025-12-28 18:09:45,6111,134,6.34,12,0.0075
2025-12-28 18:09:45,6118,130,6.40,12,0.0000
2025-12-28 18:09:45,6123,125,6.72,12,0.0000
2025-12-28 18:09:45,6124,126,6.61,12,0.0000
2025-12-28 18:09:45,6127,126,6.45,12,0.0000
2025-12-28 18:09:45,6128,126,6.43,12,0.0000
2025-12-28 18:09:45,6130,126,6.27,12,0.0079
2025-12-28 18:09:46,6132,129,5.85,12,0.0078
2025-12-28 18:09:46,6136,128,5.80,12,0.0078
2025-12-28 18:09:46,6141,124,6.02,12,0.0161
2025-12-28 18:09:46,6144,123,6.11,12,0.0000
2025-12-28 18:09:46,6147,124,6.08,12,0.0000
2025-12-28 18:09:46,6152,122,6.30,12,0.0082
2025-12-28 18:09:46,6156,123,6.33,12,0.0163
2025-12-28 18:09:47,6163,118,6.59,12,0.0085
2025-12-28 18:09:47,6170,113,6.68,12,0.0000
2025-12-28 18:09:47,6171,116,6.58,12,0.0000
2025-12-28 18:09:47,6178,117,6.39,12,0.0171
2025-12-28 18:09:47,6183,117,6.38,12,0.0171
2025-12-28 18:09:47,6186,120,6.27,12,0.0000
2025-12-28 18:09:47,6188,122,6.44,12,0.0000
2025-12-28 18:09:47,6191,123,6.34,12,0.0081
2025-12-28 18:09:48,6193,126,6.16,12,0.0000
2025-12-28 18:09:48,6204,120,6.36,12,0.0000
2025-12-28 18:09:48,6208,122,6.17,12,0.0082
2025-12-28 18:09:48,6213,118,6.20,12,0.0085
2025-12-28 18:09:48,6216,121,6.09,12,0.0000
2025-12-28 18:09:48,6220,120,6.11,12,0.0000
2025-12-28 18:09:48,6224,116,6.21,12,0.0000
2025-12-28 18:09:49,6230,113,6.37,12,0.0000
2025-12-28 18:09:49,6234,112,6.58,12,0.0089
2025-12-28 18:09:49,6236,113,6.66,12,0.0088
2025-12-28 18:09:49,6237,117,6.36,12,0.0085
2025-12-28 18:09:49,6239,120,6.33,12,0.0083
2025-12-28 18:09:49,6246,118,6.31,12,0.0000
2025-12-28 18:09:49,6247,125,5.96,12,0.0000
2025-12-28 18:09:49,6251,123,6.11,12,0.0163
2025-12-28 18:09:50,6253,126,6.09,12,0.0000
2025-12-28 18:09:50,6256,125,6.12,12,0.0080
2025-12-28 18:09:50,6260,124,6.29,12,0.0000
2025-12-28 18:09:50,6263,124,6.29,12,0.0000
2025-12-28 18:09:50,6266,124,6.34,12,0.0000
2025-12-28 18:09:50,6268,125,6.46,12,0.0080
2025-12-28 18:09:50,6271,126,6.37,12,0.0079
2025-12-28 18:09:51,6277,122,6.43,12,0.0082
2025-12-28 18:09:51,6280,121,6.60,12,0.0083
2025-12-28 18:09:51,6283,119,6.84,13,0.0084
2025-12-28 18:09:51,6285,124,6.45,12,0.0000
2025-12-28 18:09:51,6290,123,6.58,12,0.0081
2025-12-28 18:09:51,6294,121,6.76,12,0.0000
2025-12-28 18:09:51,6300,116,7.12,12,0.0086
2025-12-28 18:09:52,6304,118,6.69,12,0.0169
2025-12-28 18:09:52,6307,122,6.39,12,0.0082
2025-12-28 18:09:52,6308,123,6.56,12,0.0000
2025-12-28 18:09:52,6310,127,6.31,12,0.0000
2025-12-28 18:09:52,6314,125,6.60,12,0.0000
2025-12-28 18:09:52,6319,123,6.63,12,0.0000
2025-12-28 18:09:52,6322,124,6.49,12,0.0242
2025-12-28 18:09:53,6326,125,6.30,12,0.0080
2025-12-28 18:09:53,6333,122,6.16,12,0.0082
2025-12-28 18:09:53,6340,117,6.55,13,0.0085
2025-12-28 18:09:53,6343,117,6.57,12,0.0085
2025-12-28 18:09:53,6349,117,6.47,13,0.0085
2025-12-28 18:09:53,6350,118,6.48,12,0.0085
2025-12-28 18:09:53,6353,117,6.38,12,0.0000
2025-12-28 18:09:53,6356,115,6.47,12,0.0174
2025-12-28 18:09:54,6359,116,6.47,12,0.0000
2025-12-28 18:09:54,6363,114,6.51,12,0.0000
2025-12-28 18:09:54,6364,114,6.51,12,0.0088
2025-12-28 18:09:54,6368,113,6.48,12,0.0000
2025-12-28 18:09:54,6372,113,6.19,12,0.0000
2025-12-28 18:09:54,6376,112,6.29,12,0.0089
2025-12-28 18:09:54,6381,108,6.60,12,0.0000
2025-12-28 18:09:54,6384,107,6.77,12,0.0093
2025-12-28 18:09:55,6385,109,6.72,12,0.0092
2025-12-28 18:09:55,6388,110,6.71,12,0.0000
2025-12-28 18:09:55,6394,107,6.88,12,0.0000
2025-12-28 18:09:55,6395,109,6.79,12,0.0092
2025-12-28 18:09:55,6397,113,6.42,12,0.0088
2025-12-28 18:09:55,6401,112,6.47,12,0.0000
2025-12-28 18:09:55,6405,112,6.22,12,0.0089
2025-12-28 18:09:55,6410,109,6.39,12,0.0092
2025-12-28 18:09:56,6415,107,6.59,12,0.0000
2025-12-28 18:09:56,6417,106,6.69,12,0.0189
2025-12-28 18:09:56,6420,104,6.60,12,0.0096
2025-12-28 18:09:56,6424,101,6.66,12,0.0000
2025-12-28 18:09:56,6427,100,6.40,12,0.0000
2025-12-28 18:09:56,6431,97,6.58,13,0.0206
2025-12-28 18:09:56,6431,100,6.33,12,0.0000
2025-12-28 18:09:56,6435,101,6.34,12,0.0000
2025-12-28 18:09:56,6436,104,6.20,12,0.0000
2025-12-28 18:09:57,6439,103,6.32,12,0.0097
2025-12-28 18:09:57,6442,101,6.57,12,0.0000
2025-12-28 18:09:57,6449,99,6.54,12,0.0000
2025-12-28 18:09:57,6450,103,6.29,12,0.0000
2025-12-28 18:09:57,6451,105,6.37,12,0.0000
2025-12-28 18:09:57,6453,107,6.21,12,0.0000
2025-12-28 18:09:57,6458,106,6.27,12,0.0094
2025-12-28 18:09:57,6458,107,6.49,12,0.0000
2025-12-28 18:09:57,6460,108,6.39,12,0.0093
2025-12-28 18:09:58,6462,106,6.63,12,0.0094
2025-12-28 18:09:58,6466,105,6.73,12,0.0095
2025-12-28 18:09:58,6467,105,6.78,12,0.0000
2025-12-28 18:09:58,6467,109,6.51,12,0.0092
2025-12-28 18:09:58,6470,109,6.67,12,0.0000
2025-12-28 18:09:58,6472,108,6.81,12,0.0000
2025-12-28 18:09:58,6472,113,6.61,12,0.0177
2025-12-28 18:09:58,6474,116,6.43,12,0.0086
2025-12-28 18:09:59,6477,119,6.33,12,0.0168
2025-12-28 18:09:59,6478,121,6.38,12,0.0000
2025-12-28 18:09:59,6482,120,6.53,12,0.0000
2025-12-28 18:09:59,6487,121,6.48,12,0.0165
2025-12-28 18:09:59,6491,118,6.69,12,0.0085
2025-12-28 18:09:59,6493,119,6.83,12,0.0084
2025-12-28 18:09:59,6499,121,6.50,12,0.0000
2025-12-28 18:10:00,6501,123,6.46,12,0.0000
2025-12-28 18:10:00,6502,122,6.66,13,0.0000
2025-12-28 18:10:00,6507,121,6.68,12,0.0083
2025-12-28 18:10:00,6510,121,6.65,12,0.0083
2025-12-28 18:10:00,6512,121,6.74,13,0.0000
2025-12-28 18:10:00,6516,125,6.30,12,0.0000
2025-12-28 18:10:00,6518,125,6.51,12,0.0160
2025-12-28 18:10:00,6523,124,6.43,12,0.0161
2025-12-28 18:10:01,6526,122,6.62,12,0.0082
2025-12-28 18:10:01,6532,118,6.94,12,0.0000
2025-12-28 18:10:01,6535,118,6.83,12,0.0085
2025-12-28 18:10:01,6539,117,6.65,12,0.0085
2025-12-28 18:10:01,6545,115,6.65,12,0.0000
2025-12-28 18:10:01,6547,117,6.42,12,0.0085
2025-12-28 18:10:01,6551,117,6.26,12,0.0000
2025-12-28 18:10:02,6552,118,6.26,12,0.0085
2025-12-28 18:10:02,6556,116,6.45,12,0.0000
2025-12-28 18:10:02,6556,123,5.99,12,0.0081
2025-12-28 18:10:02,6557,124,6.10,12,0.0161
2025-12-28 18:10:02,6563,119,6.21,12,0.0252
2025-12-28 18:10:02,6567,117,6.24,12,0.0085
2025-12-28 18:10:02,6574,114,6.28,12,0.0000
2025-12-28 18:10:02,6578,115,6.26,12,0.0087
2025-12-28 18:10:03,6583,116,6.18,12,0.0000
2025-12-28 18:10:03,6587,116,6.18,12,0.0259
2025-12-28 18:10:03,6588,117,6.31,12,0.0085
2025-12-28 18:10:03,6589,118,6.27,12,0.0000
2025-12-28 18:10:03,6592,119,6.16,12,0.0000
2025-12-28 18:10:03,6598,118,5.97,12,0.0085
2025-12-28 18:10:03,6603,116,6.09,12,0.0000
2025-12-28 18:10:03,6605,115,6.17,12,0.0261
2025-12-28 18:10:04,6608,114,6.13,12,0.0088
2025-12-28 18:10:04,6613,112,6.20,12,0.0089
2025-12-28 18:10:04,6614,115,6.04,12,0.0000
2025-12-28 18:10:04,6619,113,5.98,12,0.0088
2025-12-28 18:10:04,6622,113,5.96,12,0.0177
2025-12-28 18:10:04,6626,112,5.79,12,0.0089
2025-12-28 18:10:04,6630,112,5.70,12,0.0000
2025-12-28 18:10:05,6635,109,5.97,12,0.0000
2025-12-28 18:10:05,6637,109,6.25,12,0.0183
2025-12-28 18:10:05,6642,105,6.59,12,0.0000
2025-12-28 18:10:05,6642,107,6.72,12,0.0187
2025-12-28 18:10:05,6644,112,6.36,12,0.0000
2025-12-28 18:10:05,6645,115,6.27,12,0.0000
2025-12-28 18:10:05,6650,117,5.93,12,0.0171
2025-12-28 18:10:05,6651,120,5.87,12,0.0000
2025-12-28 18:10:06,6651,124,5.66,12,0.0242
2025-12-28 18:10:06,6654,122,5.76,12,0.0000
2025-12-28 18:10:06,6659,119,5.92,12,0.0084
2025-12-28 18:10:06,6668,112,6.18,12,0.0089
2025-12-28 18:10:06,6674,108,6.14,12,0.0000
2025-12-28 18:10:06,6677,105,6.26,12,0.0095
2025-12-28 18:10:06,6681,103,5.98,12,0.0000
2025-12-28 18:10:06,6684,102,6.09,12,0.0000
2025-12-28 18:10:07,6687,101,6.10,12,0.0099
2025-12-28 18:10:07,6690,100,6.23,12,0.0100
2025-12-28 18:10:07,6694,99,6.24,12,0.0101
2025-12-28 18:10:07,6698,97,6.28,12,0.0000
2025-12-28 18:10:07,6703,96,6.44,12,0.0104
2025-12-28 18:10:07,6705,95,6.77,12,0.0211
2025-12-28 18:10:07,6706,96,6.90,12,0.0104
2025-12-28 18:10:07,6707,98,7.10,12,0.0000
2025-12-28 18:10:07,6708,103,6.61,12,0.0097
2025-12-28 18:10:08,6710,104,6.56,12,0.0000
2025-12-28 18:10:08,6712,105,6.57,12,0.0095
2025-12-28 18:10:08,6716,104,6.62,12,0.0096
2025-12-28 18:10:08,6720,103,6.46,12,0.0194
2025-12-28 18:10:08,6722,104,6.47,12,0.0096
2025-12-28 18:10:08,6724,106,6.20,12,0.0000
2025-12-28 18:10:08,6728,103,6.37,12,0.0000
2025-12-28 18:10:08,6730,103,6.60,12,0.0097
2025-12-28 18:10:08,6733,104,6.55,12,0.0192
2025-12-28 18:10:09,6737,106,6.29,12,0.0000
2025-12-28 18:10:09,6741,104,6.54,12,0.0192
2025-12-28 18:10:09,6744,103,6.60,12,0.0000
2025-12-28 18:10:09,6747,106,6.34,12,0.0189
2025-12-28 18:10:09,6749,108,6.23,12,0.0093
2025-12-28 18:10:09,6750,110,6.33,12,0.0091
2025-12-28 18:10:09,6752,110,6.51,13,0.0182
2025-12-28 18:10:09,6756,110,6.55,12,0.0091
2025-12-28 18:10:10,6759,107,6.82,12,0.0000
2025-12-28 18:10:10,6762,105,6.88,12,0.0000
2025-12-28 18:10:10,6766,108,6.50,12,0.0000
2025-12-28 18:10:10,6767,110,6.28,12,0.0000
2025-12-28 18:10:10,6771,111,6.17,12,0.0180
2025-12-28 18:10:10,6774,112,6.14,12,0.0089
2025-12-28 18:10:10,6777,114,5.81,12,0.0000
2025-12-28 18:10:10,6779,113,6.09,12,0.0000
2025-12-28 18:10:11,6780,115,6.05,12,0.0000
2025-12-28 18:10:11,6782,115,6.09,12,0.0087
2025-12-28 18:10:11,6784,115,6.25,13,0.0087
2025-12-28 18:10:11,6792,108,6.41,12,0.0093
2025-12-28 18:10:11,6794,109,6.36,12,0.0183
2025-12-28 18:10:11,6797,109,6.58,12,0.0183
2025-12-28 18:10:11,6798,111,6.59,12,0.0000
2025-12-28 18:10:11,6799,117,6.22,12,0.0171
2025-12-28 18:10:12,6803,116,6.37,12,0.0172
2025-12-28 18:10:12,6805,115,6.50,12,0.0087
2025-12-28 18:10:12,6809,114,6.46,13,0.0175
2025-12-28 18:10:12,6816,113,6.36,12,0.0088
2025-12-28 18:10:12,6819,115,6.23,12,0.0174
2025-12-28 18:10:12,6825,112,6.46,12,0.0179
2025-12-28 18:10:12,6835,105,6.55,12,0.0190
2025-12-28 18:10:12,6837,106,6.56,12,0.0189
2025-12-28 18:10:13,6840,105,6.57,12,0.0286
2025-12-28 18:10:13,6842,108,6.37,12,0.0278
2025-12-28 18:10:13,6844,110,6.22,13,0.0273
2025-12-28 18:10:13,6848,111,5.88,12,0.0000
2025-12-28 18:10:13,6853,107,5.91,12,0.0000
2025-12-28 18:10:13,6856,108,5.71,12,0.0093
2025-12-28 18:10:13,6864,103,5.99,12,0.0000
2025-12-28 18:10:13,6867,101,6.18,12,0.0198
2025-12-28 18:10:13,6873,98,6.42,12,0.0102
2025-12-28 18:10:14,6875,100,6.31,12,0.0200
2025-12-28 18:10:14,6880,97,6.33,12,0.0206
2025-12-28 18:10:14,6884,94,6.62,12,0.0213
2025-12-28 18:10:14,6888,91,6.82,12,0.0000
2025-12-28 18:10:14,6892,88,7.06,12,0.0455
2025-12-28 18:10:14,6895,87,6.87,12,0.0000
2025-12-28 18:10:14,6897,86,6.88,12,0.0000
2025-12-28 18:10:14,6900,86,6.83,12,0.0000
2025-12-28 18:10:14,6901,89,6.57,12,0.0000
2025-12-28 18:10:14,6906,85,6.75,12,0.0235
2025-12-28 18:10:15,6906,92,6.18,12,0.0109
2025-12-28 18:10:15,6910,90,6.40,12,0.0111
2025-12-28 18:10:15,6911,90,6.44,12,0.0111
2025-12-28 18:10:15,6912,92,6.30,12,0.0217
2025-12-28 18:10:15,6914,92,6.37,12,0.0217
2025-12-28 18:10:15,6916,93,6.33,12,0.0108
2025-12-28 18:10:15,6921,92,6.09,12,0.0000
2025-12-28 18:10:15,6924,92,6.20,12,0.0109
2025-12-28 18:10:15,6927,90,6.32,12,0.0222
2025-12-28 18:10:15,6931,88,6.43,12,0.0227
2025-12-28 18:10:16,6933,88,6.56,12,0.0114
2025-12-28 18:10:16,6937,88,6.06,12,0.0227
2025-12-28 18:10:16,6939,90,5.90,12,0.0111
2025-12-28 18:10:16,6944,88,6.06,12,0.0000
2025-12-28 18:10:16,6946,86,6.30,12,0.0116
2025-12-28 18:10:16,6951,82,6.84,12,0.0122
2025-12-28 18:10:16,6951,87,6.71,12,0.0000
2025-12-28 18:10:16,6951,91,6.49,12,0.0220
2025-12-28 18:10:16,6951,92,6.75,12,0.0000
2025-12-28 18:10:16,6951,93,6.92,12,0.0215
2025-12-28 18:10:17,6953,94,6.70,12,0.0213
2025-12-28 18:10:17,6955,95,6.60,12,0.0000
2025-12-28 18:10:17,6955,99,6.45,12,0.0101
2025-12-28 18:10:17,6957,102,6.17,12,0.0098
2025-12-28 18:10:17,6958,105,6.18,12,0.0095
2025-12-28 18:10:17,6960,105,6.32,12,0.0000
2025-12-28 18:10:17,6963,104,6.53,12,0.0000
2025-12-28 18:10:17,6965,108,6.29,12,0.0093
2025-12-28 18:10:17,6966,113,5.99,12,0.0088
2025-12-28 18:10:18,6969,113,6.10,12,0.0000
2025-12-28 18:10:18,6971,117,6.00,12,0.0171
2025-12-28 18:10:18,6975,114,6.45,12,0.0263
2025-12-28 18:10:18,6977,117,6.35,12,0.0000
2025-12-28 18:10:18,6979,121,6.06,12,0.0248
2025-12-28 18:10:18,6981,124,5.73,12,0.0323
2025-12-28 18:10:18,6985,120,5.77,12,0.0167
2025-12-28 18:10:19,6989,116,5.76,12,0.0259
2025-12-28 18:10:19,6991,115,5.70,12,0.0087
2025-12-28 18:10:19,6996,111,5.64,12,0.0180
2025-12-28 18:10:19,7001,108,5.73,12,0.0185
2025-12-28 18:10:19,7004,106,5.75,12,0.0000
2025-12-28 18:10:19,7007,107,5.61,12,0.0093
2025-12-28 18:10:19,7009,106,5.75,12,0.0000
2025-12-28 18:10:19,7014,103,5.97,12,0.0000
2025-12-28 18:10:19,7019,101,6.23,12,0.0099
2025-12-28 18:10:20,7022,100,6.24,12,0.0100
2025-12-28 18:10:20,7023,102,6.26,12,0.0098
2025-12-28 18:10:20,7030,95,6.78,12,0.0000
2025-12-28 18:10:20,7030,101,6.25,12,0.0099
2025-12-28 18:10:20,7030,103,6.10,12,0.0097
2025-12-28 18:10:20,7034,102,6.16,12,0.0196
2025-12-28 18:10:20,7038,101,6.27,12,0.0198
2025-12-28 18:10:20,7039,107,5.86,12,0.0187
2025-12-28 18:10:21,7044,102,6.33,12,0.0098
2025-12-28 18:10:21,7045,107,6.00,12,0.0093
2025-12-28 18:10:21,7049,104,6.16,12,0.0192
2025-12-28 18:10:21,7052,106,5.95,12,0.0283
2025-12-28 18:10:21,7057,105,5.90,12,0.0000
2025-12-28 18:10:21,7057,106,5.99,12,0.0094
2025-12-28 18:10:21,7057,107,6.20,12,0.0093
2025-12-28 18:10:21,7064,104,6.32,12,0.0096
2025-12-28 18:10:21,7065,103,6.42,12,0.0291
2025-12-28 18:10:22,7071,103,6.10,12,0.0194
2025-12-28 18:10:22,7072,104,6.20,12,0.0000
2025-12-28 18:10:22,7073,110,5.77,12,0.0182
2025-12-28 18:10:22,7077,107,6.25,12,0.0000
2025-12-28 18:10:22,7083,103,6.68,12,0.0194
2025-12-28 18:10:22,7085,105,6.37,12,0.0000
2025-12-28 18:10:22,7088,104,6.52,12,0.0000
2025-12-28 18:10:22,7093,101,6.65,12,0.0000
2025-12-28 18:10:22,7097,99,6.64,12,0.0000
2025-12-28 18:10:23,7100,99,6.77,12,0.0000
2025-12-28 18:10:23,7100,103,6.55,12,0.0000
2025-12-28 18:10:23,7100,105,6.74,12,0.0000
2025-12-28 18:10:23,7101,105,6.81,12,0.0000
2025-12-28 18:10:23,7105,108,6.46,13,0.0093
2025-12-28 18:10:23,7105,113,6.19,12,0.0177
2025-12-28 18:10:23,7108,111,6.40,12,0.0090
2025-12-28 18:10:23,7111,112,6.54,12,0.0089
2025-12-28 18:10:24,7114,114,6.32,12,0.0263
2025-12-28 18:10:24,7120,111,6.46,12,0.0000
2025-12-28 18:10:24,7121,112,6.62,12,0.0089
2025-12-28 18:10:24,7125,112,6.71,12,0.0179
2025-12-28 18:10:24,7126,112,6.80,12,0.0268
2025-12-28 18:10:24,7128,112,6.88,12,0.0179
2025-12-28 18:10:24,7132,114,6.61,12,0.0000
2025-12-28 18:10:24,7135,115,6.44,12,0.0000
2025-12-28 18:10:25,7138,119,6.08,12,0.0252
2025-12-28 18:10:25,7142,118,6.01,12,0.0000
2025-12-28 18:10:25,7148,114,6.17,12,0.0000
2025-12-28 18:10:25,7151,114,6.16,12,0.0000
2025-12-28 18:10:25,7152,114,6.39,12,0.0000
2025-12-28 18:10:25,7157,115,6.25,12,0.0000
2025-12-28 18:10:25,7160,115,6.28,12,0.0087
2025-12-28 18:10:25,7162,117,6.20,12,0.0342
2025-12-28 18:10:26,7165,115,6.55,12,0.0087
2025-12-28 18:10:26,7167,116,6.54,12,0.0086
2025-12-28 18:10:26,7169,118,6.51,12,0.0254
2025-12-28 18:10:26,7177,115,6.37,12,0.0087
2025-12-28 18:10:26,7182,111,6.88,12,0.0090
2025-12-28 18:10:26,7183,113,6.81,12,0.0088
2025-12-28 18:10:26,7185,114,6.84,12,0.0000
2025-12-28 18:10:27,7191,116,6.63,12,0.0000
2025-12-28 18:10:27,7192,120,6.30,12,0.0083
2025-12-28 18:10:27,7194,122,6.20,12,0.0000
2025-12-28 18:10:27,7197,120,6.24,12,0.0083
2025-12-28 18:10:27,7201,117,6.49,12,0.0000
2025-12-28 18:10:27,7204,117,6.41,12,0.0256
2025-12-28 18:10:27,7204,125,5.84,12,0.0160
2025-12-28 18:10:27,7210,119,6.16,12,0.0084
2025-12-28 18:10:28,7213,117,6.09,12,0.0000
2025-12-28 18:10:28,7217,115,6.31,12,0.0174
2025-12-28 18:10:28,7220,116,6.25,12,0.0086
2025-12-28 18:10:28,7226,112,6.39,12,0.0089
2025-12-28 18:10:28,7229,111,6.36,12,0.0090
2025-12-28 18:10:28,7231,112,6.39,12,0.0000
2025-12-28 18:10:28,7234,113,6.32,12,0.0088
2025-12-28 18:10:28,7237,112,6.50,12,0.0179
2025-12-28 18:10:29,7242,109,6.62,12,0.0092
2025-12-28 18:10:29,7246,107,6.65,12,0.0093
2025-12-28 18:10:29,7249,106,6.43,12,0.0189
2025-12-28 18:10:29,7252,105,6.37,12,0.0095
2025-12-28 18:10:29,7257,103,6.24,12,0.0194
2025-12-28 18:10:29,7257,105,6.18,12,0.0095
2025-12-28 18:10:29,7260,105,6.19,12,0.0000
2025-12-28 18:10:29,7266,103,6.28,12,0.0097
2025-12-28 18:10:30,7270,101,6.36,12,0.0198
2025-12-28 18:10:30,7275,99,6.63,12,0.0000
2025-12-28 18:10:30,7278,99,6.78,12,0.0202
2025-12-28 18:10:30,7279,103,6.58,12,0.0097
2025-12-28 18:10:30,7282,104,6.66,12,0.0000
2025-12-28 18:10:30,7285,107,6.48,12,0.0093
2025-12-28 18:10:30,7291,108,6.11,12,0.0000
2025-12-28 18:10:30,7296,104,6.60,12,0.0000
2025-12-28 18:10:30,7299,105,6.56,12,0.0095
2025-12-28 18:10:31,7301,108,6.54,12,0.0000
2025-12-28 18:10:31,7307,105,6.74,12,0.0095
2025-12-28 18:10:31,7309,105,6.90,12,0.0000
2025-12-28 18:10:31,7311,106,6.94,12,0.0094
2025-12-28 18:10:31,7312,111,6.67,12,0.0090
2025-12-28 18:10:31,7314,116,6.34,12,0.0259
2025-12-28 18:10:31,7317,118,6.28,12,0.0000
2025-12-28 18:10:31,7322,117,6.25,12,0.0000
2025-12-28 18:10:32,7324,119,6.00,12,0.0084
2025-12-28 18:10:32,7331,114,6.25,12,0.0088
2025-12-28 18:10:32,7332,118,6.12,12,0.0169
2025-12-28 18:10:32,7337,113,6.65,12,0.0088
2025-12-28 18:10:32,7339,113,6.72,12,0.0088
2025-12-28 18:10:32,7341,113,6.68,12,0.0088
2025-12-28 18:10:32,7347,111,6.56,12,0.0180
2025-12-28 18:10:32,7351,110,6.61,12,0.0091
2025-12-28 18:10:33,7353,112,6.56,12,0.0000
2025-12-28 18:10:33,7357,110,6.85,12,0.0091
2025-12-28 18:10:33,7359,111,6.97,12,0.0180
2025-12-28 18:10:33,7362,116,6.57,12,0.0000
2025-12-28 18:10:33,7363,116,6.80,12,0.0086
2025-12-28 18:10:33,7364,118,6.72,12,0.0169
2025-12-28 18:10:33,7369,120,6.59,12,0.0083
2025-12-28 18:10:34,7371,121,6.50,12,0.0000
2025-12-28 18:10:34,7372,123,6.59,12,0.0244
2025-12-28 18:10:34,7380,122,6.61,12,0.0246
2025-12-28 18:10:34,7382,124,6.55,12,0.0242
2025-12-28 18:10:34,7385,125,6.54,12,0.0160
2025-12-28 18:10:34,7388,128,6.37,12,0.0156
2025-12-28 18:10:34,7389,129,6.53,12,0.0000
2025-12-28 18:10:35,7392,132,6.44,12,0.0076
2025-12-28 18:10:35,7395,133,6.49,12,0.0226
2025-12-28 18:10:35,7403,131,6.18,12,0.0076
2025-12-28 18:10:35,7407,132,6.11,12,0.0152
2025-12-28 18:10:35,7409,134,6.27,13,0.0149
2025-12-28 18:10:35,7415,133,6.34,12,0.0000
2025-12-28 18:10:35,7416,141,6.02,12,0.0071
2025-12-28 18:10:36,7420,139,6.19,12,0.0072
2025-12-28 18:10:36,7422,139,6.29,12,0.0144
2025-12-28 18:10:36,7427,136,6.50,12,0.0074
2025-12-28 18:10:36,7430,135,6.71,12,0.0222
2025-12-28 18:10:36,7436,138,6.25,12,0.0145
2025-12-28 18:10:36,7439,140,6.24,12,0.0071
2025-12-28 18:10:36,7444,137,6.55,12,0.0073
2025-12-28 18:10:37,7447,138,6.49,12,0.0000
2025-12-28 18:10:37,7450,142,6.32,12,0.0070
2025-12-28 18:10:37,7455,142,6.18,12,0.0211
2025-12-28 18:10:37,7458,143,6.05,12,0.0140
2025-12-28 18:10:37,7468,136,6.02,12,0.0074
2025-12-28 18:10:37,7472,136,6.04,12,0.0000
2025-12-28 18:10:38,7477,135,5.93,12,0.0148
2025-12-28 18:10:38,7480,134,6.13,12,0.0075
2025-12-28 18:10:38,7485,133,6.05,12,0.0226
2025-12-28 18:10:38,7488,132,6.05,12,0.0000
2025-12-28 18:10:38,7494,130,6.00,12,0.0000
2025-12-28 18:10:38,7502,123,6.40,12,0.0000
2025-12-28 18:10:38,7507,122,6.46,12,0.0082
2025-12-28 18:10:39,7509,121,6.57,12,0.0248
2025-12-28 18:10:39,7511,121,6.74,12,0.0000
2025-12-28 18:10:39,7511,122,6.88,12,0.0164
2025-12-28 18:10:39,7515,120,7.10,12,0.0250
2025-12-28 18:10:39,7517,124,6.74,12,0.0161
2025-12-28 18:10:39,7519,123,6.89,12,0.0163
2025-12-28 18:10:39,7522,122,6.98,12,0.0164
2025-12-28 18:10:40,7525,128,6.55,12,0.0312
2025-12-28 18:10:40,7528,129,6.59,12,0.0233
2025-12-28 18:10:40,7533,126,6.64,12,0.0079
2025-12-28 18:10:40,7537,124,6.53,12,0.0081
2025-12-28 18:10:40,7541,122,6.63,12,0.0164
2025-12-28 18:10:40,7545,122,6.59,12,0.0082
2025-12-28 18:10:40,7552,119,6.65,12,0.0084
2025-12-28 18:10:41,7556,122,6.34,12,0.0082
2025-12-28 18:10:41,7561,122,6.26,12,0.0082
2025-12-28 18:10:41,7562,122,6.38,12,0.0328
2025-12-28 18:10:41,7564,123,6.33,12,0.0244
2025-12-28 18:10:41,7569,119,6.50,12,0.0252
2025-12-28 18:10:41,7573,117,6.70,13,0.0171
2025-12-28 18:10:41,7574,121,6.55,12,0.0248
2025-12-28 18:10:41,7577,123,6.44,12,0.0081
2025-12-28 18:10:42,7580,125,6.23,12,0.0160
2025-12-28 18:10:42,7585,122,6.48,12,0.0000
2025-12-28 18:10:42,7585,126,6.30,12,0.0079
2025-12-28 18:10:42,7592,120,6.42,12,0.0083
2025-12-28 18:10:42,7594,119,6.49,12,0.0000
2025-12-28 18:10:42,7597,118,6.74,12,0.0169
2025-12-28 18:10:42,7598,119,6.69,12,0.0084
2025-12-28 18:10:43,7600,121,6.49,12,0.0331
2025-12-28 18:10:43,7601,123,6.40,12,0.0244
2025-12-28 18:10:43,7604,122,6.29,12,0.0082
2025-12-28 18:10:43,7606,124,6.19,12,0.0161
2025-12-28 18:10:43,7610,122,6.30,12,0.0164
2025-12-28 18:10:43,7613,122,6.45,12,0.0082
2025-12-28 18:10:43,7618,121,6.67,12,0.0413
2025-12-28 18:10:44,7624,118,6.87,12,0.0169
2025-12-28 18:10:44,7626,120,6.83,12,0.0083
2025-12-28 18:10:44,7628,123,6.76,12,0.0081
2025-12-28 18:10:44,7630,130,6.42,12,0.0077
2025-12-28 18:10:44,7633,136,6.09,12,0.0000
2025-12-28 18:10:44,7635,139,6.11,12,0.0000
2025-12-28 18:10:44,7639,139,6.04,12,0.0000
2025-12-28 18:10:45,7644,135,6.39,12,0.0148
2025-12-28 18:10:45,7646,138,6.22,12,0.0145
2025-12-28 18:10:45,7651,135,6.32,12,0.0222
2025-12-28 18:10:45,7655,133,6.41,12,0.0150
2025-12-28 18:10:45,7660,132,6.33,12,0.0152
2025-12-28 18:10:45,7667,129,6.42,12,0.0078
2025-12-28 18:10:45,7672,128,6.45,12,0.0078
2025-12-28 18:10:46,7675,127,6.39,12,0.0079
2025-12-28 18:10:46,7678,127,6.50,13,0.0157
2025-12-28 18:10:46,7682,130,6.25,12,0.0154
2025-12-28 18:10:46,7685,133,6.22,12,0.0075
2025-12-28 18:10:46,7689,131,6.21,12,0.0153
2025-12-28 18:10:46,7693,133,6.17,12,0.0226
2025-12-28 18:10:46,7697,131,6.32,12,0.0000
2025-12-28 18:10:47,7700,130,6.42,12,0.0077
2025-12-28 18:10:47,7704,129,6.48,12,0.0000
2025-12-28 18:10:47,7713,123,6.60,12,0.0244
2025-12-28 18:10:47,7717,122,6.72,12,0.0000
2025-12-28 18:10:47,7718,128,6.33,12,0.0000
2025-12-28 18:10:47,7723,129,6.19,12,0.0000
2025-12-28 18:10:47,7727,126,6.23,13,0.0079
2025-12-28 18:10:48,7729,127,6.19,12,0.0000
2025-12-28 18:10:48,7732,127,6.34,12,0.0079
2025-12-28 18:10:48,7735,127,6.41,12,0.0079
2025-12-28 18:10:48,7741,123,6.58,12,0.0163
2025-12-28 18:10:48,7742,125,6.59,12,0.0000
2025-12-28 18:10:48,7745,126,6.56,12,0.0159
2025-12-28 18:10:48,7748,125,6.65,12,0.0080
2025-12-28 18:10:49,7752,124,6.58,12,0.0081
2025-12-28 18:10:49,7753,126,6.44,12,0.0000
2025-12-28 18:10:49,7758,123,6.58,12,0.0000
2025-12-28 18:10:49,7759,126,6.40,13,0.0238
2025-12-28 18:10:49,7762,130,6.08,12,0.0077
2025-12-28 18:10:49,7766,132,6.00,12,0.0000
2025-12-28 18:10:49,7770,130,6.17,12,0.0308
2025-12-28 18:10:50,7778,126,6.37,12,0.0159
2025-12-28 18:10:50,7785,125,6.33,12,0.0320
2025-12-28 18:10:50,7789,123,6.56,12,0.0081
2025-12-28 18:10:50,7790,125,6.61,12,0.0000
2025-12-28 18:10:50,7794,126,6.47,12,0.0238
2025-12-28 18:10:50,7802,120,6.74,12,0.0000
2025-12-28 18:10:50,7802,123,6.76,12,0.0244
2025-12-28 18:10:51,7804,125,6.70,12,0.0000
2025-12-28 18:10:51,7807,125,6.68,12,0.0000
2025-12-28 18:10:51,7810,125,6.62,12,0.0080
2025-12-28 18:10:51,7813,128,6.38,12,0.0000
2025-12-28 18:10:51,7820,125,6.23,12,0.0080
2025-12-28 18:10:51,7821,126,6.32,12,0.0079
2025-12-28 18:10:51,7825,125,6.27,12,0.0160
2025-12-28 18:10:52,7830,124,6.27,13,0.0000
2025-12-28 18:10:52,7835,123,6.15,12,0.0163
2025-12-28 18:10:52,7836,123,6.45,12,0.0081
2025-12-28 18:10:52,7841,121,6.54,12,0.0165
2025-12-28 18:10:52,7845,119,6.67,12,0.0084
2025-12-28 18:10:52,7849,120,6.60,12,0.0000
2025-12-28 18:10:52,7856,117,6.62,12,0.0256
2025-12-28 18:10:53,7858,119,6.49,12,0.0168
2025-12-28 18:10:53,7861,121,6.35,12,0.0083
2025-12-28 18:10:53,7864,123,6.26,12,0.0081
2025-12-28 18:10:53,7868,122,6.23,12,0.0000
2025-12-28 18:10:53,7875,117,6.49,12,0.0000
2025-12-28 18:10:53,7880,116,6.42,12,0.0086
2025-12-28 18:10:53,7884,114,6.67,12,0.0000
2025-12-28 18:10:53,7886,120,6.33,12,0.0083
2025-12-28 18:10:54,7888,123,6.22,12,0.0244
2025-12-28 18:10:54,7895,121,6.28,12,0.0000
2025-12-28 18:10:54,7899,118,6.48,12,0.0085
2025-12-28 18:10:54,7905,115,6.70,12,0.0000
2025-12-28 18:10:54,7907,117,6.71,13,0.0085
2025-12-28 18:10:54,7908,119,6.79,12,0.0168
2025-12-28 18:10:54,7910,121,6.81,12,0.0083
2025-12-28 18:10:55,7913,120,6.97,12,0.0083
2025-12-28 18:10:55,7916,120,6.89,12,0.0167
2025-12-28 18:10:55,7922,116,6.90,12,0.0172
2025-12-28 18:10:55,7929,113,6.83,12,0.0354
2025-12-28 18:10:55,7930,116,6.58,12,0.0086
2025-12-28 18:10:55,7932,118,6.50,12,0.0085
2025-12-28 18:10:55,7935,122,6.14,12,0.0082
2025-12-28 18:10:55,7941,120,6.14,12,0.0250
2025-12-28 18:10:56,7944,119,6.43,12,0.0168
2025-12-28 18:10:56,7952,113,6.56,12,0.0000
2025-12-28 18:10:56,7955,111,6.97,12,0.0180
2025-12-28 18:10:56,7958,112,7.04,12,0.0089
2025-12-28 18:10:56,7963,111,6.92,12,0.0270
2025-12-28 18:10:56,7963,116,6.65,12,0.0000
2025-12-28 18:10:56,7965,117,6.49,12,0.0000
2025-12-28 18:10:56,7970,115,6.48,12,0.0087
2025-12-28 18:10:57,7971,118,6.44,12,0.0000
2025-12-28 18:10:57,7974,119,6.43,12,0.0084
2025-12-28 18:10:57,7977,119,6.57,12,0.0000
2025-12-28 18:10:57,7979,121,6.38,12,0.0000
2025-12-28 18:10:57,7983,118,6.61,12,0.0254
2025-12-28 18:10:57,7988,114,6.67,12,0.0175
2025-12-28 18:10:57,7994,110,7.10,12,0.0091
2025-12-28 18:10:57,7995,115,6.91,12,0.0348
2025-12-28 18:10:58,7995,123,6.40,12,0.0163
2025-12-28 18:10:58,7996,125,6.44,13,0.0000
2025-12-28 18:10:58,8000,123,6.63,12,0.0000
2025-12-28 18:10:58,8005,122,6.66,12,0.0000
2025-12-28 18:10:58,8009,122,6.51,12,0.0164
2025-12-28 18:10:58,8011,122,6.48,12,0.0082
2025-12-28 18:10:58,8014,121,6.59,12,0.0165
2025-12-28 18:10:59,8014,126,6.24,12,0.0079
2025-12-28 18:10:59,8016,126,6.31,12,0.0000
2025-12-28 18:10:59,8023,122,6.18,12,0.0164
2025-12-28 18:10:59,8031,119,6.24,13,0.0000
2025-12-28 18:10:59,8032,126,5.94,12,0.0000
2025-12-28 18:10:59,8034,126,5.94,12,0.0238
2025-12-28 18:10:59,8038,122,6.25,12,0.0000
2025-12-28 18:11:00,8042,121,6.23,12,0.0000
2025-12-28 18:11:00,8048,121,6.06,12,0.0248
2025-12-28 18:11:00,8053,116,6.37,12,0.0000
2025-12-28 18:11:00,8056,116,6.39,12,0.0086
2025-12-28 18:11:00,8059,117,6.35,12,0.0085
2025-12-28 18:11:00,8063,117,6.21,12,0.0000
2025-12-28 18:11:00,8064,120,5.98,12,0.0083
2025-12-28 18:11:00,8066,120,6.11,12,0.0083
2025-12-28 18:11:01,8069,119,6.23,13,0.0084
2025-12-28 18:11:01,8073,121,6.05,12,0.0165
2025-12-28 18:11:01,8077,118,6.18,12,0.0169
2025-12-28 18:11:01,8081,118,6.23,12,0.0254
2025-12-28 18:11:01,8087,113,6.50,12,0.0088
2025-12-28 18:11:01,8091,112,6.49,12,0.0000
2025-12-28 18:11:01,8094,112,6.61,12,0.0089
2025-12-28 18:11:02,8096,116,6.31,12,0.0000
2025-12-28 18:11:02,8100,113,6.58,12,0.0000
2025-12-28 18:11:02,8103,113,6.73,12,0.0088
2025-12-28 18:11:02,8105,113,6.98,12,0.0177
2025-12-28 18:11:02,8106,119,6.79,13,0.0000
2025-12-28 18:11:02,8109,119,6.77,12,0.0000
2025-12-28 18:11:02,8112,121,6.53,12,0.0083
2025-12-28 18:11:02,8113,122,6.57,12,0.0082
2025-12-28 18:11:03,8118,121,6.64,12,0.0000
2025-12-28 18:11:03,8120,124,6.31,12,0.0161
2025-12-28 18:11:03,8128,120,6.34,12,0.0000
2025-12-28 18:11:03,8131,119,6.45,12,0.0000
2025-12-28 18:11:03,8134,119,6.33,12,0.0084
2025-12-28 18:11:03,8136,124,5.98,12,0.0000
2025-12-28 18:11:03,8139,122,6.20,12,0.0164
2025-12-28 18:11:04,8141,122,6.43,12,0.0000
2025-12-28 18:11:04,8146,117,6.70,12,0.0085
2025-12-28 18:11:04,8150,114,6.59,12,0.0088
2025-12-28 18:11:04,8153,114,6.28,12,0.0000
2025-12-28 18:11:04,8156,113,6.29,12,0.0177
2025-12-28 18:11:04,8160,109,6.48,12,0.0000
2025-12-28 18:11:04,8165,106,6.61,12,0.0000
2025-12-28 18:11:04,8170,104,6.59,12,0.0000
2025-12-28 18:11:05,8174,104,6.62,13,0.0192
2025-12-28 18:11:05,8176,109,6.25,12,0.0092
2025-12-28 18:11:05,8181,107,6.35,12,0.0093
2025-12-28 18:11:05,8189,102,6.49,12,0.0000
2025-12-28 18:11:05,8193,102,6.52,12,0.0000
2025-12-28 18:11:05,8193,108,6.41,12,0.0000
2025-12-28 18:11:05,8194,111,6.41,12,0.0000
2025-12-28 18:11:05,8196,114,6.53,12,0.0088
2025-12-28 18:11:05,8198,119,6.26,12,0.0252
2025-12-28 18:11:06,8205,114,6.42,12,0.0000
2025-12-28 18:11:06,8211,109,6.94,12,0.0000
2025-12-28 18:11:06,8215,109,6.80,12,0.0000
2025-12-28 18:11:06,8216,112,6.69,12,0.0089
2025-12-28 18:11:06,8217,114,6.62,12,0.0000
2025-12-28 18:11:06,8221,113,6.50,12,0.0000
2025-12-28 18:11:06,8226,112,6.46,12,0.0089
2025-12-28 18:11:06,8229,114,6.12,12,0.0000
2025-12-28 18:11:07,8236,110,6.18,12,0.0182
2025-12-28 18:11:07,8240,113,5.96,12,0.0177
2025-12-28 18:11:07,8244,111,6.17,12,0.0090
2025-12-28 18:11:07,8248,110,6.26,12,0.0091
2025-12-28 18:11:07,8254,108,6.35,12,0.0000
2025-12-28 18:11:07,8257,109,6.20,12,0.0092
2025-12-28 18:11:07,8261,107,6.65,12,0.0187
2025-12-28 18:11:07,8261,109,6.77,12,0.0000
2025-12-28 18:11:08,8266,107,6.64,12,0.0000
2025-12-28 18:11:08,8267,109,6.66,12,0.0000
2025-12-28 18:11:08,8269,111,6.37,13,0.0000
2025-12-28 18:11:08,8271,111,6.41,12,0.0000
2025-12-28 18:11:08,8277,107,6.28,12,0.0187
2025-12-28 18:11:08,8282,104,6.62,12,0.0000
2025-12-28 18:11:08,8283,108,6.40,12,0.0093
2025-12-28 18:11:08,8286,105,6.77,12,0.0000
2025-12-28 18:11:09,8287,107,6.86,12,0.0000
2025-12-28 18:11:09,8292,105,6.86,12,0.0095
2025-12-28 18:11:09,8293,107,6.79,13,0.0093
2025-12-28 18:11:09,8299,107,6.68,12,0.0093
2025-12-28 18:11:09,8303,105,6.96,12,0.0000
2025-12-28 18:11:09,8306,104,7.20,12,0.0192
2025-12-28 18:11:09,8307,106,7.08,13,0.0000
2025-12-28 18:11:09,8310,109,6.71,12,0.0275
2025-12-28 18:11:09,8312,111,6.65,12,0.0090
2025-12-28 18:11:10,8314,113,6.73,12,0.0177
2025-12-28 18:11:10,8316,117,6.50,12,0.0000
2025-12-28 18:11:10,8316,120,6.49,12,0.0333
2025-12-28 18:11:10,8318,125,6.34,13,0.0000
2025-12-28 18:11:10,8320,128,6.20,12,0.0078
2025-12-28 18:11:10,8324,128,6.23,12,0.0000
2025-12-28 18:11:10,8326,127,6.31,12,0.0000
2025-12-28 18:11:11,8330,126,6.37,13,0.0000
2025-12-28 18:11:11,8333,126,6.39,12,0.0079
2025-12-28 18:11:11,8337,124,6.64,12,0.0081
2025-12-28 18:11:11,8340,124,6.52,12,0.0161
2025-12-28 18:11:11,8344,127,6.16,12,0.0000
2025-12-28 18:11:11,8347,125,6.42,12,0.0080
2025-12-28 18:11:11,8347,127,6.45,12,0.0157
2025-12-28 18:11:12,8353,124,6.50,12,0.0000
2025-12-28 18:11:12,8357,124,6.44,12,0.0081
2025-12-28 18:11:12,8365,122,6.49,13,0.0082
2025-12-28 18:11:12,8371,120,6.56,13,0.0000
2025-12-28 18:11:12,8379,114,6.91,12,0.0088
2025-12-28 18:11:12,8384,115,6.75,12,0.0087
2025-12-28 18:11:12,8391,113,6.66,12,0.0000
2025-12-28 18:11:12,8394,115,6.58,12,0.0087
2025-12-28 18:11:13,8395,119,6.31,12,0.0000
2025-12-28 18:11:13,8397,119,6.56,12,0.0084
2025-12-28 18:11:13,8400,120,6.47,12,0.0083
2025-12-28 18:11:13,8403,121,6.41,12,0.0165
2025-12-28 18:11:13,8408,120,6.56,12,0.0083
2025-12-28 18:11:13,8410,121,6.42,12,0.0000
2025-12-28 18:11:13,8416,119,6.39,12,0.0000
2025-12-28 18:11:14,8420,118,6.40,12,0.0000
2025-12-28 18:11:14,8424,117,6.44,12,0.0256
2025-12-28 18:11:14,8428,116,6.31,12,0.0000
2025-12-28 18:11:14,8434,114,6.29,12,0.0088
2025-12-28 18:11:14,8442,107,6.56,12,0.0000
2025-12-28 18:11:14,8447,105,6.45,12,0.0000
2025-12-28 18:11:14,8452,104,6.27,12,0.0000
2025-12-28 18:11:14,8455,102,6.44,12,0.0000
2025-12-28 18:11:15,8461,100,6.46,12,0.0000
2025-12-28 18:11:15,8464,101,6.39,12,0.0000
2025-12-28 18:11:15,8465,103,6.36,12,0.0097
2025-12-28 18:11:15,8465,108,6.20,12,0.0000
2025-12-28 18:11:15,8468,108,6.46,12,0.0000
2025-12-28 18:11:15,8468,110,6.63,12,0.0000
2025-12-28 18:11:15,8470,116,6.13,12,0.0000
2025-12-28 18:11:15,8471,118,6.36,12,0.0085
2025-12-28 18:11:15,8477,115,6.50,13,0.0000
2025-12-28 18:11:16,8484,113,6.72,12,0.0177
2025-12-28 18:11:16,8488,111,6.81,12,0.0000
2025-12-28 18:11:16,8490,114,6.68,13,0.0000
2025-12-28 18:11:16,8492,114,6.86,12,0.0000
2025-12-28 18:11:16,8495,120,6.36,12,0.0000
2025-12-28 18:11:16,8499,121,6.36,12,0.0000
2025-12-28 18:11:16,8502,122,6.43,12,0.0000
2025-12-28 18:11:17,8508,118,6.48,12,0.0085
2025-12-28 18:11:17,8512,117,6.74,12,0.0085
2025-12-28 18:11:17,8517,117,6.74,12,0.0000
2025-12-28 18:11:17,8520,119,6.71,12,0.0000
2025-12-28 18:11:17,8522,120,6.67,12,0.0000
2025-12-28 18:11:17,8523,121,6.60,12,0.0083
2025-12-28 18:11:17,8528,123,6.43,12,0.0081
2025-12-28 18:11:17,8532,119,6.81,12,0.0000
2025-12-28 18:11:18,8537,116,7.16,12,0.0172
2025-12-28 18:11:18,8542,118,6.81,12,0.0000
2025-12-28 18:11:18,8547,117,6.79,12,0.0000
2025-12-28 18:11:18,8547,119,6.87,12,0.0000
2025-12-28 18:11:18,8551,118,6.72,12,0.0169
2025-12-28 18:11:18,8553,118,6.87,12,0.0000
2025-12-28 18:11:18,8556,123,6.66,12,0.0000
2025-12-28 18:11:19,8562,123,6.46,12,0.0000
2025-12-28 18:11:19,8565,125,6.24,12,0.0000
2025-12-28 18:11:19,8567,124,6.32,13,0.0000
2025-12-28 18:11:19,8569,124,6.36,12,0.0000
2025-12-28 18:11:19,8578,117,6.80,12,0.0171
2025-12-28 18:11:19,8584,120,6.39,12,0.0083
2025-12-28 18:11:19,8585,125,6.15,12,0.0000
2025-12-28 18:11:19,8586,126,6.28,12,0.0159
2025-12-28 18:11:20,8589,126,6.38,12,0.0238
2025-12-28 18:11:20,8589,126,6.52,12,0.0079
2025-12-28 18:11:20,8594,126,6.45,12,0.0000
2025-12-28 18:11:20,8598,125,6.43,12,0.0000
2025-12-28 18:11:20,8600,129,6.40,13,0.0078
2025-12-28 18:11:20,8604,129,6.69,12,0.0000
2025-12-28 18:11:20,8607,133,6.33,12,0.0000
2025-12-28 18:11:21,8608,139,6.22,12,0.0072
2025-12-28 18:11:21,8613,141,6.16,12,0.0071
2025-12-28 18:11:21,8616,140,6.21,12,0.0000
2025-12-28 18:11:21,8620,139,6.32,12,0.0072
2025-12-28 18:11:21,8627,135,6.33,12,0.0148
2025-12-28 18:11:21,8629,137,6.28,12,0.0073
2025-12-28 18:11:22,8629,139,6.27,12,0.0072
2025-12-28 18:11:22,8635,138,6.28,12,0.0217
2025-12-28 18:11:22,8644,134,6.04,12,0.0149
2025-12-28 18:11:22,8649,131,6.14,12,0.0000
2025-12-28 18:11:22,8650,132,6.15,12,0.0152
2025-12-28 18:11:22,8657,129,6.13,12,0.0078
2025-12-28 18:11:22,8660,130,5.99,12,0.0077
2025-12-28 18:11:23,8668,124,6.10,12,0.0000
2025-12-28 18:11:23,8671,125,6.19,12,0.0000
2025-12-28 18:11:23,8678,124,6.15,12,0.0081
2025-12-28 18:11:23,8682,122,6.48,12,0.0082
2025-12-28 18:11:23,8685,122,6.57,13,0.0000
2025-12-28 18:11:23,8689,121,6.58,12,0.0000
2025-12-28 18:11:23,8694,121,6.28,12,0.0083
2025-12-28 18:11:24,8697,119,6.60,12,0.0000
2025-12-28 18:11:24,8698,122,6.46,12,0.0164
2025-12-28 18:11:24,8703,122,6.41,12,0.0082
2025-12-28 18:11:24,8704,126,6.13,12,0.0000
2025-12-28 18:11:24,8706,125,6.17,12,0.0000
2025-12-28 18:11:24,8712,121,6.19,12,0.0165
2025-12-28 18:11:24,8716,118,6.35,12,0.0000
2025-12-28 18:11:24,8722,117,6.28,12,0.0000
2025-12-28 18:11:25,8724,118,6.22,12,0.0000
2025-12-28 18:11:25,8729,121,5.87,12,0.0000
2025-12-28 18:11:25,8733,121,5.88,12,0.0000
2025-12-28 18:11:25,8739,117,6.07,12,0.0085
2025-12-28 18:11:25,8741,115,6.36,12,0.0174
2025-12-28 18:11:25,8745,115,6.40,12,0.0000
2025-12-28 18:11:25,8748,114,6.50,12,0.0000
2025-12-28 18:11:26,8750,117,6.54,12,0.0085
2025-12-28 18:11:26,8754,120,6.35,12,0.0000
2025-12-28 18:11:26,8760,117,6.63,12,0.0000
2025-12-28 18:11:26,8764,116,6.66,12,0.0000
2025-12-28 18:11:26,8770,113,6.81,12,0.0000
2025-12-28 18:11:26,8772,116,6.69,12,0.0086
2025-12-28 18:11:26,8775,114,6.87,13,0.0000
2025-12-28 18:11:26,8776,117,6.81,12,0.0000
2025-12-28 18:11:27,8777,120,6.81,12,0.0000
2025-12-28 18:11:27,8778,123,6.76,12,0.0000
2025-12-28 18:11:27,8782,122,6.77,12,0.0000
2025-12-28 18:11:27,8784,128,6.48,12,0.0000
2025-12-28 18:11:27,8788,127,6.68,12,0.0000
2025-12-28 18:11:27,8791,128,6.72,12,0.0000
2025-12-28 18:11:27,8791,132,6.67,12,0.0000
2025-12-28 18:11:28,8792,134,6.77,12,0.0000
2025-12-28 18:11:28,8796,132,6.86,12,0.0000
2025-12-28 18:11:28,8799,131,7.04,13,0.0076
2025-12-28 18:11:28,8805,132,6.80,12,0.0000
2025-12-28 18:11:28,8807,136,6.61,12,0.0000
2025-12-28 18:11:28,8810,139,6.35,12,0.0000
2025-12-28 18:11:28,8812,138,6.62,12,0.0217
2025-12-28 18:11:29,8816,140,6.46,12,0.0071
2025-12-28 18:11:29,8821,137,6.61,12,0.0000
2025-12-28 18:11:29,8826,136,6.74,12,0.0074
2025-12-28 18:11:29,8833,132,6.82,12,0.0000
2025-12-28 18:11:29,8835,136,6.71,12,0.0000
2025-12-28 18:11:29,8840,132,6.94,12,0.0000
2025-12-28 18:11:30,8840,134,7.15,12,0.0000
2025-12-28 18:11:30,8841,141,6.70,12,0.0071
2025-12-28 18:11:30,8844,140,6.71,12,0.0071
2025-12-28 18:11:30,8845,145,6.49,12,0.0000
2025-12-28 18:11:30,8846,145,6.57,12,0.0069
2025-12-28 18:11:30,8848,146,6.58,12,0.0000
2025-12-28 18:11:30,8850,145,6.59,12,0.0000
2025-12-28 18:11:31,8854,146,6.53,13,0.0000
2025-12-28 18:11:31,8857,145,6.60,12,0.0000
2025-12-28 18:11:31,8862,143,6.95,12,0.0140
2025-12-28 18:11:31,8866,145,6.79,12,0.0069
2025-12-28 18:11:31,8872,142,6.95,12,0.0000
2025-12-28 18:11:31,8875,146,6.68,12,0.0068
2025-12-28 18:11:32,8879,148,6.65,12,0.0000
2025-12-28 18:11:32,8885,145,6.63,12,0.0000
2025-12-28 18:11:32,8889,145,6.79,12,0.0000
2025-12-28 18:11:32,8895,143,6.82,12,0.0000
2025-12-28 18:11:32,8897,147,6.51,12,0.0000
2025-12-28 18:11:32,8900,150,6.20,13,0.0000
2025-12-28 18:11:33,8903,149,6.23,12,0.0201
2025-12-28 18:11:33,8907,147,6.30,12,0.0000
2025-12-28 18:11:33,8914,145,6.21,12,0.0069
2025-12-28 18:11:33,8921,141,6.29,12,0.0000
2025-12-28 18:11:33,8926,141,6.26,12,0.0142
2025-12-28 18:11:33,8930,139,6.37,12,0.0000
2025-12-28 18:11:34,8934,136,6.59,12,0.0074
2025-12-28 18:11:34,8942,131,6.68,12,0.0000
2025-12-28 18:11:34,8945,132,6.69,12,0.0000
2025-12-28 18:11:34,8951,131,6.39,12,0.0000
2025-12-28 18:11:34,8953,131,6.37,12,0.0000
2025-12-28 18:11:34,8957,130,6.31,12,0.0231
2025-12-28 18:11:34,8960,133,6.26,12,0.0150
2025-12-28 18:11:35,8962,135,6.28,13,0.0000
2025-12-28 18:11:35,8963,139,6.20,12,0.0072
2025-12-28 18:11:35,8968,137,6.28,12,0.0073
2025-12-28 18:11:35,8975,131,6.53,12,0.0229
2025-12-28 18:11:35,8980,131,6.56,12,0.0000
2025-12-28 18:11:35,8981,135,6.44,12,0.0074
2025-12-28 18:11:36,8984,135,6.48,12,0.0074
2025-12-28 18:11:36,8989,133,6.62,12,0.0075
2025-12-28 18:11:36,8990,135,6.64,12,0.0000
2025-12-28 18:11:36,8999,130,6.71,12,0.0077
2025-12-28 18:11:36,9003,130,6.72,12,0.0000
2025-12-28 18:11:36,9004,134,6.60,12,0.0000
2025-12-28 18:11:36,9006,133,6.79,12,0.0000
2025-12-28 18:11:37,9006,137,6.61,12,0.0000
2025-12-28 18:11:37,9013,136,6.36,12,0.0000
2025-12-28 18:11:37,9015,136,6.40,12,0.0000
2025-12-28 18:11:37,9019,135,6.60,12,0.0000
2025-12-28 18:11:37,9024,136,6.33,12,0.0074
2025-12-28 18:11:37,9032,129,6.43,12,0.0000
2025-12-28 18:11:38,9037,127,6.39,12,0.0079
2025-12-28 18:11:38,9039,130,6.26,12,0.0077
2025-12-28 18:11:38,9042,129,6.50,12,0.0078
2025-12-28 18:11:38,9046,128,6.55,12,0.0156
2025-12-28 18:11:38,9053,125,6.53,12,0.0080
2025-12-28 18:11:38,9055,128,6.36,12,0.0000
2025-12-28 18:11:38,9059,127,6.39,12,0.0079
2025-12-28 18:11:39,9061,127,6.43,12,0.0157
2025-12-28 18:11:39,9064,125,6.82,12,0.0000
2025-12-28 18:11:39,9066,128,6.66,12,0.0000
2025-12-28 18:11:39,9068,131,6.43,12,0.0076
2025-12-28 18:11:39,9069,134,6.34,12,0.0075
2025-12-28 18:11:39,9073,131,6.28,12,0.0076
2025-12-28 18:11:39,9077,130,6.27,12,0.0077
2025-12-28 18:11:40,9083,128,6.28,12,0.0078
2025-12-28 18:11:40,9083,130,6.40,12,0.0077
2025-12-28 18:11:40,9090,125,6.60,12,0.0080
2025-12-28 18:11:40,9095,125,6.49,13,0.0000
2025-12-28 18:11:40,9097,124,6.79,12,0.0081
2025-12-28 18:11:40,9103,124,6.61,12,0.0000
2025-12-28 18:11:40,9105,124,6.56,12,0.0000
2025-12-28 18:11:41,9112,122,6.56,12,0.0000
2025-12-28 18:11:41,9113,124,6.62,12,0.0000
2025-12-28 18:11:41,9118,122,6.60,12,0.0082
2025-12-28 18:11:41,9120,121,6.80,12,0.0083
2025-12-28 18:11:41,9126,119,6.82,12,0.0084
2025-12-28 18:11:41,9129,121,6.57,12,0.0083
2025-12-28 18:11:41,9130,120,6.95,12,0.0083
2025-12-28 18:11:41,9134,121,6.87,13,0.0083
2025-12-28 18:11:42,9139,123,6.55,12,0.0163
2025-12-28 18:11:42,9142,120,6.58,12,0.0000
2025-12-28 18:11:42,9149,120,6.16,12,0.0083
2025-12-28 18:11:42,9155,118,6.14,12,0.0000
2025-12-28 18:11:42,9156,122,6.03,12,0.0000
2025-12-28 18:11:42,9163,117,6.33,12,0.0000
2025-12-28 18:11:42,9165,119,6.39,12,0.0000
2025-12-28 18:11:43,9165,123,6.41,12,0.0000
2025-12-28 18:11:43,9170,121,6.70,12,0.0000
2025-12-28 18:11:43,9175,120,6.61,12,0.0000
2025-12-28 18:11:43,9180,118,6.78,12,0.0000
2025-12-28 18:11:43,9181,120,6.68,12,0.0000
2025-12-28 18:11:43,9189,116,6.71,12,0.0086
2025-12-28 18:11:43,9190,122,6.43,12,0.0000
2025-12-28 18:11:44,9192,122,6.45,12,0.0082
2025-12-28 18:11:44,9194,122,6.44,12,0.0000
2025-12-28 18:11:44,9201,119,6.41,12,0.0000
2025-12-28 18:11:44,9205,120,6.45,12,0.0000
2025-12-28 18:11:44,9206,126,6.22,13,0.0000
2025-12-28 18:11:44,9210,127,6.21,12,0.0157
2025-12-28 18:11:44,9213,126,6.35,12,0.0000
2025-12-28 18:11:44,9214,127,6.49,12,0.0000
2025-12-28 18:11:45,9216,128,6.47,12,0.0000
2025-12-28 18:11:45,9219,129,6.36,12,0.0000
2025-12-28 18:11:45,9224,129,6.49,12,0.0000
2025-12-28 18:11:45,9227,128,6.60,12,0.0078
2025-12-28 18:11:45,9231,130,6.35,12,0.0000
2025-12-28 18:11:45,9237,127,6.54,12,0.0000
2025-12-28 18:11:45,9238,130,6.57,12,0.0077
2025-12-28 18:11:46,9240,131,6.66,13,0.0076
2025-12-28 18:11:46,9244,132,6.56,12,0.0000
2025-12-28 18:11:46,9246,138,6.23,12,0.0072
2025-12-28 18:11:46,9252,132,6.48,12,0.0076
2025-12-28 18:11:46,9253,137,6.32,12,0.0000
2025-12-28 18:11:46,9255,136,6.68,12,0.0000
2025-12-28 18:11:47,9259,136,6.71,12,0.0074
2025-12-28 18:11:47,9262,135,6.87,13,0.0074
2025-12-28 18:11:47,9264,135,6.87,12,0.0000
2025-12-28 18:11:47,9265,138,6.78,12,0.0072
2025-12-28 18:11:47,9267,140,6.72,12,0.0000
2025-12-28 18:11:47,9270,140,6.67,12,0.0000
2025-12-28 18:11:47,9272,145,6.44,12,0.0000
2025-12-28 18:11:48,9278,140,6.69,12,0.0071
2025-12-28 18:11:48,9280,141,6.64,12,0.0071
2025-12-28 18:11:48,9283,141,6.70,12,0.0071
2025-12-28 18:11:48,9287,140,6.64,12,0.0071
2025-12-28 18:11:48,9296,136,6.54,12,0.0000
2025-12-28 18:11:48,9301,136,6.51,12,0.0000
2025-12-28 18:11:49,9302,140,6.31,12,0.0000
2025-12-28 18:11:49,9307,136,6.53,12,0.0074
2025-12-28 18:11:49,9310,134,6.66,12,0.0000
2025-12-28 18:11:49,9318,127,6.88,12,0.0000
2025-12-28 18:11:49,9321,127,6.84,12,0.0000
2025-12-28 18:11:49,9321,131,6.64,12,0.0076
2025-12-28 18:11:49,9325,133,6.45,12,0.0000
2025-12-28 18:11:50,9326,136,6.39,12,0.0000
2025-12-28 18:11:50,9329,136,6.53,12,0.0000
2025-12-28 18:11:50,9333,137,6.37,12,0.0219
2025-12-28 18:11:50,9335,136,6.57,12,0.0074
2025-12-28 18:11:50,9337,138,6.45,12,0.0000
2025-12-28 18:11:50,9341,139,6.38,12,0.0000
2025-12-28 18:11:51,9346,139,6.34,12,0.0072
2025-12-28 18:11:51,9349,139,6.27,12,0.0000
2025-12-28 18:11:51,9351,140,6.31,12,0.0000
2025-12-28 18:11:51,9357,138,6.32,12,0.0000
2025-12-28 18:11:51,9362,137,6.19,12,0.0000
2025-12-28 18:11:51,9365,140,6.09,12,0.0000
2025-12-28 18:11:51,9373,135,6.13,12,0.0000
2025-12-28 18:11:52,9377,134,6.25,12,0.0000
2025-12-28 18:11:52,9379,134,6.31,12,0.0000
2025-12-28 18:11:52,9387,129,6.44,12,0.0000
2025-12-28 18:11:52,9392,127,6.50,12,0.0000
2025-12-28 18:11:52,9399,123,6.50,12,0.0081
2025-12-28 18:11:52,9402,123,6.49,12,0.0000
2025-12-28 18:11:52,9407,121,6.60,12,0.0000
2025-12-28 18:11:53,9410,119,6.86,12,0.0000
2025-12-28 18:11:53,9414,119,6.97,12,0.0084
2025-12-28 18:11:53,9419,118,7.01,12,0.0000
2025-12-28 18:11:53,9422,117,7.28,13,0.0085
2025-12-28 18:11:53,9428,118,7.03,12,0.0000
2025-12-28 18:11:53,9430,120,6.95,12,0.0000
2025-12-28 18:11:53,9436,117,6.91,12,0.0000
2025-12-28 18:11:54,9437,121,6.82,12,0.0083
2025-12-28 18:11:54,9441,122,6.55,12,0.0082
2025-12-28 18:11:54,9441,128,6.23,12,0.0000
2025-12-28 18:11:54,9449,122,6.42,12,0.0082
2025-12-28 18:11:54,9457,115,6.36,12,0.0000
2025-12-28 18:11:54,9464,109,6.30,12,0.0000
2025-12-28 18:11:54,9470,104,6.51,12,0.0000
2025-12-28 18:11:54,9474,101,6.53,12,0.0000
2025-12-28 18:11:55,9474,105,6.36,12,0.0000
2025-12-28 18:11:55,9475,106,6.49,12,0.0000
2025-12-28 18:11:55,9477,108,6.41,12,0.0000
2025-12-28 18:11:55,9479,109,6.29,12,0.0000
2025-12-28 18:11:55,9480,110,6.33,12,0.0091
2025-12-28 18:11:55,9484,107,6.50,12,0.0000
2025-12-28 18:11:55,9488,106,6.39,12,0.0094
2025-12-28 18:11:55,9488,108,6.55,12,0.0000
2025-12-28 18:11:56,9492,106,6.80,12,0.0189
2025-12-28 18:11:56,9498,106,6.57,12,0.0000
2025-12-28 18:11:56,9501,106,6.71,12,0.0000
2025-12-28 18:11:56,9502,109,6.70,12,0.0000
2025-12-28 18:11:56,9506,110,6.63,12,0.0000
2025-12-28 18:11:56,9511,108,6.75,12,0.0000
2025-12-28 18:11:56,9515,107,6.72,12,0.0000
2025-12-28 18:11:56,9523,104,6.66,12,0.0096
2025-12-28 18:11:56,9526,106,6.80,12,0.0000
2025-12-28 18:11:57,9528,108,6.84,12,0.0000
2025-12-28 18:11:57,9530,113,6.58,13,0.0000
2025-12-28 18:11:57,9531,119,6.29,12,0.0000
2025-12-28 18:11:57,9535,119,6.47,12,0.0000
2025-12-28 18:11:57,9539,119,6.48,12,0.0000
2025-12-28 18:11:57,9540,119,6.71,12,0.0000
2025-12-28 18:11:57,9541,124,6.54,12,0.0000
2025-12-28 18:11:58,9544,128,6.22,12,0.0000
2025-12-28 18:11:58,9546,129,6.15,12,0.0000
2025-12-28 18:11:58,9550,129,6.03,12,0.0078
2025-12-28 18:11:58,9552,132,6.00,12,0.0000
2025-12-28 18:11:58,9560,126,6.42,12,0.0000
2025-12-28 18:11:58,9562,128,6.41,12,0.0000
2025-12-28 18:11:58,9566,128,6.32,12,0.0078
2025-12-28 18:11:59,9567,132,6.36,12,0.0076
2025-12-28 18:11:59,9570,132,6.53,12,0.0000
2025-12-28 18:11:59,9573,135,6.19,12,0.0074
2025-12-28 18:11:59,9577,135,6.41,12,0.0000
2025-12-28 18:11:59,9580,135,6.44,13,0.0000
2025-12-28 18:11:59,9588,133,6.26,12,0.0000
2025-12-28 18:11:59,9596,128,6.48,12,0.0000
2025-12-28 18:12:00,9601,128,6.60,12,0.0078
2025-12-28 18:12:00,9604,129,6.86,12,0.0000
2025-12-28 18:12:00,9609,127,7.04,12,0.0000
2025-12-28 18:12:00,9609,133,6.77,12,0.0075
2025-12-28 18:12:00,9614,135,6.41,12,0.0074
2025-12-28 18:12:00,9618,133,6.77,12,0.0150
2025-12-28 18:12:00,9622,136,6.61,12,0.0000
2025-12-28 18:12:01,9624,139,6.58,12,0.0000
2025-12-28 18:12:01,9628,140,6.54,12,0.0143
2025-12-28 18:12:01,9632,138,6.75,12,0.0145
2025-12-28 18:12:01,9634,140,6.74,12,0.0000
2025-12-28 18:12:01,9637,140,6.82,12,0.0000
2025-12-28 18:12:01,9644,139,6.61,12,0.0000
2025-12-28 18:12:02,9647,140,6.52,12,0.0000
2025-12-28 18:12:02,9650,141,6.50,12,0.0000
2025-12-28 18:12:02,9654,140,6.46,12,0.0071
2025-12-28 18:12:02,9659,136,6.74,12,0.0000
2025-12-28 18:12:02,9663,136,6.62,12,0.0000
2025-12-28 18:12:02,9665,140,6.49,12,0.0000
2025-12-28 18:12:02,9667,139,6.78,12,0.0000
2025-12-28 18:12:03,9672,138,6.76,12,0.0000
2025-12-28 18:12:03,9676,136,6.74,12,0.0000
2025-12-28 18:12:03,9676,141,6.51,12,0.0000
2025-12-28 18:12:03,9679,140,6.48,12,0.0071
2025-12-28 18:12:03,9687,138,6.33,12,0.0072
2025-12-28 18:12:03,9693,134,6.41,12,0.0000
2025-12-28 18:12:04,9699,131,6.37,12,0.0000
2025-12-28 18:12:04,9703,131,6.24,12,0.0000
2025-12-28 18:12:04,9708,128,6.40,12,0.0078
2025-12-28 18:12:04,9713,128,6.33,12,0.0000
2025-12-28 18:12:04,9715,129,6.40,12,0.0000
2025-12-28 18:12:04,9717,128,6.45,12,0.0000
2025-12-28 18:12:04,9720,128,6.37,12,0.0000
2025-12-28 18:12:05,9720,129,6.53,12,0.0078
2025-12-28 18:12:05,9723,130,6.50,12,0.0000
2025-12-28 18:12:05,9730,126,6.45,12,0.0000
2025-12-28 18:12:05,9735,126,6.47,12,0.0000
2025-12-28 18:12:05,9739,125,6.56,12,0.0000
2025-12-28 18:12:05,9743,125,6.46,12,0.0000
2025-12-28 18:12:05,9744,126,6.68,13,0.0079
2025-12-28 18:12:06,9747,127,6.51,12,0.0157
2025-12-28 18:12:06,9747,130,6.61,12,0.0000
2025-12-28 18:12:06,9749,134,6.36,12,0.0149
2025-12-28 18:12:06,9751,136,6.40,12,0.0000
2025-12-28 18:12:06,9758,131,6.45,12,0.0000
2025-12-28 18:12:06,9760,130,6.63,12,0.0000
2025-12-28 18:12:06,9761,130,6.85,12,0.0000
2025-12-28 18:12:07,9764,133,6.68,12,0.0075
2025-12-28 18:12:07,9765,136,6.66,12,0.0000
2025-12-28 18:12:07,9771,132,6.64,12,0.0076
2025-12-28 18:12:07,9775,131,6.55,12,0.0000
2025-12-28 18:12:07,9779,131,6.47,12,0.0076
2025-12-28 18:12:07,9782,134,6.24,12,0.0000
2025-12-28 18:12:07,9786,131,6.67,12,0.0000
2025-12-28 18:12:08,9788,135,6.42,12,0.0000
2025-12-28 18:12:08,9794,133,6.56,12,0.0075
2025-12-28 18:12:08,9795,135,6.74,12,0.0000
2025-12-28 18:12:08,9802,134,6.64,12,0.0000
2025-12-28 18:12:08,9805,139,6.17,12,0.0072
2025-12-28 18:12:08,9806,140,6.10,12,0.0000
2025-12-28 18:12:09,9810,137,6.23,12,0.0073
2025-12-28 18:12:09,9814,134,6.42,12,0.0000
2025-12-28 18:12:09,9816,137,6.21,12,0.0000
2025-12-28 18:12:09,9821,136,6.33,12,0.0000
2025-12-28 18:12:09,9823,139,6.25,12,0.0000
2025-12-28 18:12:09,9829,135,6.41,12,0.0000
2025-12-28 18:12:09,9832,137,6.28,12,0.0073
2025-12-28 18:12:10,9834,136,6.54,12,0.0147
2025-12-28 18:12:10,9834,137,6.69,12,0.0000
2025-12-28 18:12:10,9838,136,6.71,12,0.0000
2025-12-28 18:12:10,9841,136,6.62,12,0.0074
2025-12-28 18:12:10,9844,138,6.43,12,0.0000
2025-12-28 18:12:10,9849,134,6.65,12,0.0000
2025-12-28 18:12:10,9851,134,6.54,12,0.0000
2025-12-28 18:12:11,9855,137,6.21,12,0.0000
2025-12-28 18:12:11,9860,133,6.57,12,0.0000
2025-12-28 18:12:11,9864,134,6.46,12,0.0075
2025-12-28 18:12:11,9869,132,6.49,12,0.0000
2025-12-28 18:12:11,9874,128,6.68,12,0.0078
2025-12-28 18:12:11,9877,129,6.56,12,0.0000
2025-12-28 18:12:12,9879,130,6.37,12,0.0000
2025-12-28 18:12:12,9883,130,6.15,12,0.0000
2025-12-28 18:12:12,9887,129,6.39,12,0.0000
2025-12-28 18:12:12,9894,126,6.44,12,0.0000
2025-12-28 18:12:12,9896,129,6.47,12,0.0000
2025-12-28 18:12:12,9899,132,6.36,12,0.0076
2025-12-28 18:12:12,9902,130,6.43,12,0.0000
2025-12-28 18:12:13,9903,133,6.20,12,0.0075
2025-12-28 18:12:13,9904,133,6.41,12,0.0000
2025-12-28 18:12:13,9907,132,6.83,12,0.0000
2025-12-28 18:12:13,9912,134,6.67,12,0.0000
2025-12-28 18:12:13,9917,133,6.65,12,0.0000
2025-12-28 18:12:13,9922,133,6.53,12,0.0000
2025-12-28 18:12:13,9924,138,6.36,12,0.0000
2025-12-28 18:12:14,9925,140,6.49,12,0.0000
2025-12-28 18:12:14,9930,142,6.32,12,0.0000
2025-12-28 18:12:14,9936,139,6.51,12,0.0000
2025-12-28 18:12:14,9942,140,6.27,12,0.0071
2025-12-28 18:12:14,9944,139,6.36,12,0.0000
2025-12-28 18:12:14,9947,142,6.18,12,0.0070
2025-12-28 18:12:15,9955,138,6.11,12,0.0000
2025-12-28 18:12:15,9961,135,6.21,12,0.0148
2025-12-28 18:12:15,9966,133,6.25,12,0.0000
2025-12-28 18:12:15,9969,133,6.29,12,0.0000
2025-12-28 18:12:15,9973,132,6.39,12,0.0076
2025-12-28 18:12:15,9975,132,6.41,12,0.0000
2025-12-28 18:12:15,9975,137,6.35,13,0.0000
2025-12-28 18:12:16,9981,136,6.22,12,0.0000
2025-12-28 18:12:16,9982,141,6.02,12,0.0000
2025-12-28 18:12:16,9984,142,6.13,12,0.0000
2025-12-28 18:12:16,9988,142,6.13,12,0.0000
2025-12-28 18:12:16,9989,143,6.24,12,0.0070
2025-12-28 18:12:16,9990,146,6.16,12,0.0000
2025-12-28 18:12:17,9995,147,6.05,12,0.0136
2025-12-28 18:12:17,9998,146,5.96,13,0.0068
2025-12-28 18:12:17,10001,147,6.03,12,0.0000
2025-12-28 18:12:17,10006,147,5.96,12,0.0000
2025-12-28 18:12:17,10011,143,6.09,12,0.0070
2025-12-28 18:12:17,10015,143,5.99,12,0.0070
2025-12-28 18:12:18,10020,140,6.17,12,0.0000
2025-12-28 18:12:18,10023,138,6.34,12,0.0000
2025-12-28 18:12:18,10025,139,6.40,12,0.0144
2025-12-28 18:12:18,10030,137,6.44,12,0.0073
2025-12-28 18:12:18,10034,136,6.32,12,0.0000
2025-12-28 18:12:18,10038,138,6.25,12,0.0000
2025-12-28 18:12:18,10042,136,6.34,12,0.0000
2025-12-28 18:12:19,10044,137,6.39,12,0.0146
2025-12-28 18:12:19,10045,140,6.46,12,0.0000
2025-12-28 18:12:19,10045,145,6.46,12,0.0069
2025-12-28 18:12:19,10050,147,6.15,12,0.0068
2025-12-28 18:12:19,10052,146,6.29,12,0.0068
2025-12-28 18:12:19,10057,142,6.53,12,0.0000
2025-12-28 18:12:20,10061,143,6.34,12,0.0000
2025-12-28 18:12:20,10066,142,6.21,12,0.0070
2025-12-28 18:12:20,10070,141,6.18,12,0.0000
2025-12-28 18:12:20,10075,139,6.12,12,0.0000
2025-12-28 18:12:20,10078,138,6.25,12,0.0000
2025-12-28 18:12:20,10085,135,6.18,13,0.0000
2025-12-28 18:12:20,10092,133,6.15,12,0.0000
2025-12-28 18:12:21,10094,134,6.33,12,0.0075
2025-12-28 18:12:21,10096,135,6.40,12,0.0074
2025-12-28 18:12:21,10099,138,6.25,12,0.0145
2025-12-28 18:12:21,10102,138,6.27,12,0.0072
2025-12-28 18:12:21,10108,133,6.53,12,0.0150
2025-12-28 18:12:21,10110,135,6.51,12,0.0074
2025-12-28 18:12:22,10116,130,6.92,12,0.0077
2025-12-28 18:12:22,10119,133,6.76,12,0.0000
2025-12-28 18:12:22,10123,135,6.69,12,0.0000
2025-12-28 18:12:22,10126,135,6.71,12,0.0222
2025-12-28 18:12:22,10129,135,6.81,12,0.0000
2025-12-28 18:12:22,10132,137,6.83,12,0.0073
2025-12-28 18:12:22,10135,139,6.78,12,0.0072
2025-12-28 18:12:23,10137,141,6.67,13,0.0071
2025-12-28 18:12:23,10141,143,6.50,12,0.0000
2025-12-28 18:12:23,10147,139,6.62,12,0.0216
2025-12-28 18:12:23,10154,134,6.81,12,0.0075
2025-12-28 18:12:23,10156,136,6.79,12,0.0147
2025-12-28 18:12:23,10157,140,6.63,12,0.0071
2025-12-28 18:12:24,10159,143,6.45,12,0.0070
2025-12-28 18:12:24,10164,145,6.34,12,0.0069
2025-12-28 18:12:24,10169,144,6.41,12,0.0000
2025-12-28 18:12:24,10173,144,6.53,12,0.0000
2025-12-28 18:12:24,10179,144,6.50,12,0.0000
2025-12-28 18:12:24,10182,147,6.30,12,0.0000
2025-12-28 18:12:25,10186,146,6.42,12,0.0000
2025-12-28 18:12:25,10195,140,6.59,12,0.0071
2025-12-28 18:12:25,10199,138,6.58,12,0.0072
2025-12-28 18:12:25,10201,137,6.50,12,0.0000
2025-12-28 18:12:25,10201,141,6.20,12,0.0142
2025-12-28 18:12:25,10208,136,6.23,12,0.0000
2025-12-28 18:12:25,10211,137,6.23,12,0.0073
2025-12-28 18:12:26,10216,134,6.31,12,0.0000
2025-12-28 18:12:26,10224,129,6.43,12,0.0000
2025-12-28 18:12:26,10225,132,6.12,12,0.0000
2025-12-28 18:12:26,10227,132,5.91,12,0.0076
2025-12-28 18:12:26,10232,127,6.06,12,0.0079
2025-12-28 18:12:26,10235,124,6.24,12,0.0000
2025-12-28 18:12:27,10240,122,6.20,12,0.0000
2025-12-28 18:12:27,10246,118,6.11,12,0.0000
2025-12-28 18:12:27,10250,116,6.12,12,0.0086
2025-12-28 18:12:27,10252,115,6.13,12,0.0087
2025-12-28 18:12:27,10256,114,6.12,12,0.0000
2025-12-28 18:12:27,10261,110,6.56,12,0.0000
2025-12-28 18:12:27,10265,107,6.68,12,0.0000
2025-12-28 18:12:27,10269,105,6.96,12,0.0095
2025-12-28 18:12:28,10274,103,6.94,12,0.0000
2025-12-28 18:12:28,10277,105,6.79,12,0.0000
2025-12-28 18:12:28,10281,105,6.76,12,0.0000
2025-12-28 18:12:28,10281,108,6.77,12,0.0093
2025-12-28 18:12:28,10282,108,6.81,12,0.0000
2025-12-28 18:12:28,10284,111,6.65,12,0.0000
2025-12-28 18:12:28,10288,111,6.69,12,0.0090
2025-12-28 18:12:28,10289,112,6.85,12,0.0000
2025-12-28 18:12:28,10291,114,6.80,12,0.0000
2025-12-28 18:12:29,10294,115,6.43,12,0.0000
2025-12-28 18:12:29,10297,115,6.53,12,0.0000
2025-12-28 18:12:29,10302,114,6.69,12,0.0000
2025-12-28 18:12:29,10306,112,6.80,12,0.0089
2025-12-28 18:12:29,10309,112,6.78,12,0.0179
2025-12-28 18:12:29,10317,105,7.30,12,0.0000
2025-12-28 18:12:29,10319,105,7.42,12,0.0095
2025-12-28 18:12:29,10320,114,6.76,12,0.0000
2025-12-28 18:12:30,10322,117,6.68,13,0.0000
2025-12-28 18:12:30,10324,121,6.56,12,0.0000
2025-12-28 18:12:30,10329,119,6.74,12,0.0000
2025-12-28 18:12:30,10330,124,6.40,12,0.0000
2025-12-28 18:12:30,10332,124,6.60,12,0.0081
2025-12-28 18:12:30,10333,125,6.64,12,0.0080
2025-12-28 18:12:30,10338,121,6.90,12,0.0083
2025-12-28 18:12:31,10340,124,6.78,12,0.0081
2025-12-28 18:12:31,10342,128,6.62,12,0.0000
2025-12-28 18:12:31,10347,128,6.59,13,0.0000
2025-12-28 18:12:31,10353,124,6.77,12,0.0161
2025-12-28 18:12:31,10355,126,6.63,12,0.0238
2025-12-28 18:12:31,10361,125,6.66,12,0.0000
2025-12-28 18:12:31,10365,124,6.70,13,0.0081
2025-12-28 18:12:32,10370,124,6.67,12,0.0081
2025-12-28 18:12:32,10375,121,6.92,12,0.0000
2025-12-28 18:12:32,10381,118,6.90,12,0.0000
2025-12-28 18:12:32,10382,122,6.77,12,0.0000
2025-12-28 18:12:32,10384,125,6.41,12,0.0000
2025-12-28 18:12:32,10388,123,6.55,12,0.0000
2025-12-28 18:12:32,10391,121,6.69,12,0.0000
2025-12-28 18:12:32,10394,120,6.78,12,0.0167
2025-12-28 18:12:33,10397,122,6.62,13,0.0082
2025-12-28 18:12:33,10400,124,6.35,12,0.0161
2025-12-28 18:12:33,10401,123,6.35,12,0.0000
2025-12-28 18:12:33,10405,122,6.18,12,0.0000
2025-12-28 18:12:33,10410,119,6.09,12,0.0000
2025-12-28 18:12:33,10414,116,5.93,12,0.0000
2025-12-28 18:12:33,10418,116,5.78,12,0.0000
2025-12-28 18:12:34,10420,117,5.81,12,0.0000
2025-12-28 18:12:34,10422,117,5.77,12,0.0000
2025-12-28 18:12:34,10426,113,6.17,12,0.0000
2025-12-28 18:12:34,10429,112,6.45,12,0.0000
2025-12-28 18:12:34,10431,111,6.96,12,0.0000
2025-12-28 18:12:34,10431,113,7.02,12,0.0000
2025-12-28 18:12:34,10432,117,6.81,12,0.0000
2025-12-28 18:12:34,10433,118,6.85,12,0.0000
2025-12-28 18:12:35,10436,124,6.28,12,0.0000
2025-12-28 18:12:35,10438,125,6.26,12,0.0080
2025-12-28 18:12:35,10443,124,6.25,12,0.0161
2025-12-28 18:12:35,10446,123,6.51,12,0.0000
2025-12-28 18:12:35,10450,124,6.25,12,0.0161
2025-12-28 18:12:35,10454,122,6.29,12,0.0000
2025-12-28 18:12:35,10459,122,6.02,12,0.0000
2025-12-28 18:12:36,10462,119,6.37,12,0.0000
2025-12-28 18:12:36,10465,118,6.42,12,0.0000
2025-12-28 18:12:36,10468,118,6.64,12,0.0000
2025-12-28 18:12:36,10471,119,6.61,12,0.0000
2025-12-28 18:12:36,10472,124,6.43,12,0.0000
2025-12-28 18:12:36,10474,128,6.25,12,0.0078
2025-12-28 18:12:36,10475,129,6.44,12,0.0000
2025-12-28 18:12:36,10477,131,6.55,13,0.0000
2025-12-28 18:12:37,10479,138,6.22,12,0.0000
2025-12-28 18:12:37,10486,135,6.31,12,0.0000
2025-12-28 18:12:37,10489,133,6.56,12,0.0075
2025-12-28 18:12:37,10493,133,6.65,12,0.0000
2025-12-28 18:12:37,10495,136,6.37,13,0.0000
2025-12-28 18:12:37,10497,137,6.51,12,0.0073
2025-12-28 18:12:38,10502,133,6.57,12,0.0000
2025-12-28 18:12:38,10504,136,6.42,12,0.0074
2025-12-28 18:12:38,10511,132,6.49,12,0.0000
2025-12-28 18:12:38,10512,136,6.38,12,0.0000
2025-12-28 18:12:38,10515,136,6.30,12,0.0000
2025-12-28 18:12:38,10519,134,6.47,12,0.0075
2025-12-28 18:12:38,10522,134,6.71,12,0.0000
2025-12-28 18:12:39,10529,133,6.62,12,0.0000
2025-12-28 18:12:39,10529,137,6.63,12,0.0000
2025-12-28 18:12:39,10531,139,6.65,12,0.0000
2025-12-28 18:12:39,10536,138,6.72,12,0.0072
2025-12-28 18:12:39,10538,139,6.80,12,0.0072
2025-12-28 18:12:39,10544,137,6.77,12,0.0073
2025-12-28 18:12:40,10545,143,6.50,12,0.0210
2025-12-28 18:12:40,10546,148,6.39,12,0.0068
2025-12-28 18:12:40,10548,149,6.55,12,0.0000
2025-12-28 18:12:40,10552,148,6.39,12,0.0068
2025-12-28 18:12:40,10557,148,6.32,12,0.0068
2025-12-28 18:12:40,10563,147,6.16,12,0.0000
2025-12-28 18:12:41,10566,144,6.55,12,0.0000
2025-12-28 18:12:41,10567,145,6.72,12,0.0000
2025-12-28 18:12:41,10568,149,6.57,12,0.0000
2025-12-28 18:12:41,10571,147,6.56,12,0.0068
2025-12-28 18:12:41,10576,145,6.50,12,0.0000
2025-12-28 18:12:41,10581,143,6.69,12,0.0140
2025-12-28 18:12:42,10581,152,6.30,12,0.0132
2025-12-28 18:12:42,10585,149,6.37,12,0.0067
2025-12-28 18:12:42,10589,146,6.45,12,0.0137
2025-12-28 18:12:42,10594,144,6.57,12,0.0069
2025-12-28 18:12:42,10597,143,6.78,12,0.0070
2025-12-28 18:12:42,10599,146,6.59,12,0.0000
2025-12-28 18:12:43,10605,143,6.64,12,0.0000
2025-12-28 18:12:43,10606,149,6.42,12,0.0000
2025-12-28 18:12:43,10614,145,6.59,12,0.0138
2025-12-28 18:12:43,10616,144,6.55,12,0.0069
2025-12-28 18:12:43,10620,144,6.53,13,0.0069
2025-12-28 18:12:43,10624,144,6.39,12,0.0000
2025-12-28 18:12:43,10628,143,6.36,12,0.0000
2025-12-28 18:12:44,10633,139,6.45,12,0.0000
2025-12-28 18:12:44,10637,139,6.42,12,0.0000
2025-12-28 18:12:44,10637,141,6.60,12,0.0000
2025-12-28 18:12:44,10638,143,6.42,12,0.0000
2025-12-28 18:12:44,10643,141,6.53,12,0.0071
2025-12-28 18:12:44,10648,141,6.45,12,0.0071
2025-12-28 18:12:45,10653,141,6.39,12,0.0000
2025-12-28 18:12:45,10655,142,6.51,12,0.0000
2025-12-28 18:12:45,10660,139,6.73,12,0.0144
2025-12-28 18:12:45,10661,142,6.56,12,0.0000
2025-12-28 18:12:45,10667,138,6.53,12,0.0000
2025-12-28 18:12:45,10670,137,6.57,12,0.0000
2025-12-28 18:12:46,10675,134,6.51,12,0.0000
2025-12-28 18:12:46,10679,133,6.67,12,0.0000
2025-12-28 18:12:46,10683,132,6.63,12,0.0000
2025-12-28 18:12:46,10688,128,6.71,12,0.0000
2025-12-28 18:12:46,10691,132,6.46,12,0.0000
2025-12-28 18:12:46,10695,130,6.40,12,0.0000
2025-12-28 18:12:46,10698,131,6.42,12,0.0076
2025-12-28 18:12:47,10702,130,6.72,13,0.0000
2025-12-28 18:12:47,10702,135,6.59,12,0.0074
2025-12-28 18:12:47,10706,135,6.49,12,0.0370
2025-12-28 18:12:47,10713,133,6.37,12,0.0150
2025-12-28 18:12:47,10717,131,6.27,12,0.0000
2025-12-28 18:12:47,10721,130,6.27,12,0.0000
2025-12-28 18:12:47,10725,129,6.28,12,0.0078
2025-12-28 18:12:48,10731,128,6.16,12,0.0000
2025-12-28 18:12:48,10732,130,5.99,12,0.0000
2025-12-28 18:12:48,10736,128,6.07,12,0.0000
2025-12-28 18:12:48,10740,129,5.94,12,0.0078
2025-12-28 18:12:48,10744,125,6.23,12,0.0000
2025-12-28 18:12:48,10748,124,6.16,12,0.0161
2025-12-28 18:12:48,10752,125,6.10,12,0.0160
2025-12-28 18:12:49,10756,125,6.09,13,0.0000
2025-12-28 18:12:49,10758,128,6.01,12,0.0078
2025-12-28 18:12:49,10762,127,6.13,12,0.0079
2025-12-28 18:12:49,10763,128,6.04,12,0.0000
2025-12-28 18:12:49,10763,130,5.82,12,0.0077
2025-12-28 18:12:49,10765,130,5.72,13,0.0000
2025-12-28 18:12:49,10770,129,5.52,12,0.0000
2025-12-28 18:12:50,10777,122,5.75,12,0.0164
2025-12-28 18:12:50,10778,125,5.48,12,0.0160
2025-12-28 18:12:50,10783,121,5.59,12,0.0413
2025-12-28 18:12:50,10785,121,5.77,12,0.0083
2025-12-28 18:12:50,10793,115,5.77,12,0.0000
2025-12-28 18:12:50,10794,115,6.02,12,0.0087
2025-12-28 18:12:50,10802,113,5.95,12,0.0000
2025-12-28 18:12:51,10804,111,6.15,12,0.0180
2025-12-28 18:12:51,10807,111,6.10,12,0.0270
2025-12-28 18:12:51,10810,115,5.82,12,0.0087
2025-12-28 18:12:51,10813,116,5.68,12,0.0086
2025-12-28 18:12:51,10817,113,5.91,12,0.0000
2025-12-28 18:12:51,10822,110,6.14,12,0.0273
2025-12-28 18:12:51,10823,113,6.12,12,0.0000
2025-12-28 18:12:51,10826,116,6.12,12,0.0086
2025-12-28 18:12:52,10832,117,6.06,12,0.0085
2025-12-28 18:12:52,10833,117,6.28,12,0.0171
2025-12-28 18:12:52,10836,117,6.45,12,0.0171
2025-12-28 18:12:52,10838,117,6.64,12,0.0000
2025-12-28 18:12:52,10840,121,6.36,12,0.0248
2025-12-28 18:12:52,10843,120,6.44,12,0.0250
2025-12-28 18:12:52,10846,121,6.21,12,0.0165
2025-12-28 18:12:52,10853,118,6.33,12,0.0000
2025-12-28 18:12:53,10856,117,6.36,12,0.0000
2025-12-28 18:12:53,10859,119,6.18,12,0.0168
2025-12-28 18:12:53,10864,117,6.17,12,0.0000
2025-12-28 18:12:53,10867,114,6.31,12,0.0175
2025-12-28 18:12:53,10868,116,6.18,12,0.0086
2025-12-28 18:12:53,10872,118,5.97,12,0.0169
2025-12-28 18:12:53,10876,115,6.23,12,0.0087
2025-12-28 18:12:54,10883,112,6.36,12,0.0179
2025-12-28 18:12:54,10885,115,6.10,12,0.0174
2025-12-28 18:12:54,10886,119,5.86,12,0.0000
2025-12-28 18:12:54,10892,114,5.99,12,0.0000
2025-12-28 18:12:54,10894,113,6.11,12,0.0000
2025-12-28 18:12:54,10898,111,6.46,12,0.0180
2025-12-28 18:12:54,10898,115,6.20,12,0.0000
2025-12-28 18:12:54,10900,114,6.22,12,0.0000
2025-12-28 18:12:55,10904,111,6.36,12,0.0000
2025-12-28 18:12:55,10907,109,6.53,12,0.0092
2025-12-28 18:12:55,10909,113,6.32,12,0.0088
2025-12-28 18:12:55,10910,114,6.29,12,0.0000
2025-12-28 18:12:55,10913,113,6.34,12,0.0000
2025-12-28 18:12:55,10917,113,6.22,12,0.0088
2025-12-28 18:12:55,10918,113,6.49,12,0.0177
2025-12-28 18:12:55,10919,115,6.43,12,0.0000
2025-12-28 18:12:56,10926,108,7.01,12,0.0000
2025-12-28 18:12:56,10928,112,6.69,12,0.0000
2025-12-28 18:12:56,10930,113,6.69,12,0.0000
2025-12-28 18:12:56,10933,111,6.86,12,0.0000
2025-12-28 18:12:56,10934,115,6.59,13,0.0087
2025-12-28 18:12:56,10938,115,6.43,12,0.0000
2025-12-28 18:12:56,10942,114,6.46,12,0.0000
2025-12-28 18:12:56,10945,114,6.39,12,0.0175
2025-12-28 18:12:57,10948,112,6.46,12,0.0000
2025-12-28 18:12:57,10950,116,6.26,12,0.0000
2025-12-28 18:12:57,10953,116,6.35,12,0.0000
2025-12-28 18:12:57,10959,112,6.62,12,0.0089
2025-12-28 18:12:57,10960,114,6.51,13,0.0000
2025-12-28 18:12:57,10964,112,6.67,12,0.0000
2025-12-28 18:12:57,10965,115,6.68,12,0.0000
2025-12-28 18:12:57,10966,119,6.43,13,0.0084
2025-12-28 18:12:58,10966,124,6.05,13,0.0000
2025-12-28 18:12:58,10973,120,5.99,12,0.0000
2025-12-28 18:12:58,10975,119,6.08,12,0.0084
2025-12-28 18:12:58,10979,119,6.05,12,0.0084
2025-12-28 18:12:58,10984,115,6.21,12,0.0174
2025-12-28 18:12:58,10987,117,6.00,12,0.0000
2025-12-28 18:12:58,10990,115,6.02,12,0.0000
2025-12-28 18:12:58,10994,112,6.00,12,0.0179
2025-12-28 18:12:59,11005,105,6.07,12,0.0000
2025-12-28 18:12:59,11008,103,6.42,12,0.0097
2025-12-28 18:12:59,11010,103,6.38,12,0.0000
2025-12-28 18:12:59,11010,106,6.37,13,0.0094
2025-12-28 18:12:59,11015,103,6.52,12,0.0000
2025-12-28 18:12:59,11016,105,6.47,12,0.0095
2025-12-28 18:12:59,11021,101,6.53,12,0.0000
2025-12-28 18:12:59,11022,104,6.37,12,0.0192
2025-12-28 18:12:59,11031,98,6.40,13,0.0102
2025-12-28 18:13:00,11034,98,6.63,12,0.0000
2025-12-28 18:13:00,11038,100,6.28,12,0.0100
2025-12-28 18:13:00,11040,100,6.35,12,0.0200
2025-12-28 18:13:00,11041,101,6.36,12,0.0000
2025-12-28 18:13:00,11044,105,6.05,12,0.0000
2025-12-28 18:13:00,11049,101,6.31,12,0.0099
2025-12-28 18:13:00,11050,102,6.43,12,0.0000
2025-12-28 18:13:00,11054,101,6.44,12,0.0099
2025-12-28 18:13:00,11056,101,6.53,12,0.0099
2025-12-28 18:13:01,11060,99,6.79,12,0.0202
2025-12-28 18:13:01,11065,98,6.95,13,0.0000
2025-12-28 18:13:01,11068,99,7.08,12,0.0000
2025-12-28 18:13:01,11072,99,6.79,12,0.0000
2025-12-28 18:13:01,11073,101,6.77,12,0.0000
2025-12-28 18:13:01,11076,102,6.74,12,0.0098
2025-12-28 18:13:01,11077,105,6.80,12,0.0000
2025-12-28 18:13:01,11079,107,6.96,12,0.0093
2025-12-28 18:13:02,11081,109,6.91,12,0.0000
2025-12-28 18:13:02,11082,113,6.72,12,0.0177
2025-12-28 18:13:02,11083,114,6.89,13,0.0000
2025-12-28 18:13:02,11088,113,6.87,12,0.0088
2025-12-28 18:13:02,11090,117,6.34,12,0.0085
2025-12-28 18:13:02,11091,119,6.44,12,0.0084
2025-12-28 18:13:02,11093,119,6.46,12,0.0000
2025-12-28 18:13:02,11096,120,6.61,12,0.0000
2025-12-28 18:13:03,11098,120,6.67,12,0.0000
2025-12-28 18:13:03,11102,121,6.51,12,0.0000
2025-12-28 18:13:03,11104,124,6.12,12,0.0161
2025-12-28 18:13:03,11106,124,5.94,12,0.0081
2025-12-28 18:13:03,11108,124,5.90,12,0.0081
2025-12-28 18:13:03,11114,121,5.89,12,0.0000
2025-12-28 18:13:03,11121,115,6.23,12,0.0087
2025-12-28 18:13:03,11126,111,6.47,12,0.0180
2025-12-28 18:13:04,11131,112,6.24,12,0.0089
2025-12-28 18:13:04,11131,118,6.01,12,0.0085
2025-12-28 18:13:04,11136,118,6.12,12,0.0000
2025-12-28 18:13:04,11138,119,6.21,12,0.0000
2025-12-28 18:13:04,11146,114,6.46,12,0.0088
2025-12-28 18:13:04,11150,115,6.48,12,0.0000
2025-12-28 18:13:04,11155,112,6.56,12,0.0000
2025-12-28 18:13:05,11155,114,6.59,12,0.0263
2025-12-28 18:13:05,11157,114,6.66,13,0.0088
2025-12-28 18:13:05,11163,111,6.61,12,0.0000
2025-12-28 18:13:05,11164,115,6.28,12,0.0087
2025-12-28 18:13:05,11166,116,6.05,12,0.0086
2025-12-28 18:13:05,11171,113,6.14,12,0.0000
2025-12-28 18:13:05,11175,109,6.06,12,0.0000
2025-12-28 18:13:05,11181,106,6.13,12,0.0000
2025-12-28 18:13:06,11182,110,5.83,12,0.0000
2025-12-28 18:13:06,11185,110,5.76,12,0.0182
2025-12-28 18:13:06,11190,106,6.04,12,0.0094
2025-12-28 18:13:06,11197,103,6.16,12,0.0000
2025-12-28 18:13:06,11203,101,6.08,12,0.0198
2025-12-28 18:13:06,11206,104,6.02,12,0.0000
2025-12-28 18:13:06,11209,102,6.05,13,0.0196
2025-12-28 18:13:06,11211,102,6.11,12,0.0098
2025-12-28 18:13:06,11219,95,6.54,12,0.0105
2025-12-28 18:13:07,11220,99,6.28,12,0.0000
2025-12-28 18:13:07,11221,99,6.33,12,0.0000
2025-12-28 18:13:07,11223,98,6.28,12,0.0000
2025-12-28 18:13:07,11225,96,6.30,12,0.0000
2025-12-28 18:13:07,11227,96,6.52,12,0.0104
2025-12-28 18:13:07,11228,97,6.49,12,0.0000
2025-12-28 18:13:07,11231,98,6.27,12,0.0000
2025-12-28 18:13:07,11233,101,6.00,12,0.0000
2025-12-28 18:13:07,11236,100,6.24,12,0.0000
2025-12-28 18:13:08,11240,98,6.41,12,0.0000
2025-12-28 18:13:08,11243,98,6.31,12,0.0000
2025-12-28 18:13:08,11243,99,6.27,12,0.0000
2025-12-28 18:13:08,11245,103,6.03,12,0.0000
2025-12-28 18:13:08,11248,100,6.62,12,0.0000
2025-12-28 18:13:08,11252,99,6.71,12,0.0202
2025-12-28 18:13:08,11255,100,6.84,12,0.0200
2025-12-28 18:13:08,11258,100,6.82,12,0.0100
2025-12-28 18:13:08,11259,100,7.10,12,0.0100
2025-12-28 18:13:09,11263,99,7.00,12,0.0101
2025-12-28 18:13:09,11267,98,7.03,12,0.0102
2025-12-28 18:13:09,11268,101,6.92,12,0.0099
2025-12-28 18:13:09,11272,99,7.12,12,0.0000
2025-12-28 18:13:09,11273,99,7.16,12,0.0000
2025-12-28 18:13:09,11276,98,7.32,12,0.0000
2025-12-28 18:13:09,11278,99,7.38,12,0.0101
2025-12-28 18:13:09,11281,102,6.96,12,0.0000
2025-12-28 18:13:09,11285,102,6.90,12,0.0000
2025-12-28 18:13:10,11288,101,7.09,12,0.0099
2025-12-28 18:13:10,11291,101,7.09,13,0.0099
2025-12-28 18:13:10,11293,104,6.99,12,0.0192
2025-12-28 18:13:10,11295,103,7.15,12,0.0097
2025-12-28 18:13:10,11298,105,6.92,13,0.0000
2025-12-28 18:13:10,11302,105,6.90,12,0.0190
2025-12-28 18:13:10,11311,97,7.19,12,0.0103
2025-12-28 18:13:10,11315,101,6.61,12,0.0099
2025-12-28 18:13:10,11316,103,6.69,12,0.0097
2025-12-28 18:13:11,11320,100,7.00,12,0.0200
2025-12-28 18:13:11,11320,104,6.98,12,0.0096
2025-12-28 18:13:11,11322,110,6.81,12,0.0000
2025-12-28 18:13:11,11322,114,6.89,13,0.0088
2025-12-28 18:13:11,11326,113,7.03,12,0.0088
2025-12-28 18:13:11,11328,114,7.09,12,0.0263
2025-12-28 18:13:11,11328,120,6.77,12,0.0083
2025-12-28 18:13:11,11332,124,6.50,12,0.0161
2025-12-28 18:13:12,11336,122,6.50,12,0.0082
2025-12-28 18:13:12,11344,115,6.80,12,0.0174
2025-12-28 18:13:12,11350,113,6.85,12,0.0177
2025-12-28 18:13:12,11352,117,6.69,12,0.0085
2025-12-28 18:13:12,11354,121,6.46,12,0.0248
2025-12-28 18:13:12,11356,128,6.14,12,0.0156
2025-12-28 18:13:12,11362,128,6.05,12,0.0078
2025-12-28 18:13:13,11367,128,6.10,12,0.0156
2025-12-28 18:13:13,11374,123,6.48,12,0.0163
2025-12-28 18:13:13,11377,125,6.47,13,0.0080
2025-12-28 18:13:13,11384,123,6.07,12,0.0081
2025-12-28 18:13:13,11391,117,6.36,13,0.0000
2025-12-28 18:13:13,11397,115,6.41,13,0.0000
2025-12-28 18:13:13,11400,116,6.51,12,0.0000
2025-12-28 18:13:13,11400,118,6.52,12,0.0000
2025-12-28 18:13:14,11404,120,6.41,12,0.0083
2025-12-28 18:13:14,11405,124,6.21,12,0.0081
2025-12-28 18:13:14,11411,122,6.30,12,0.0000
2025-12-28 18:13:14,11420,117,6.11,12,0.0000
2025-12-28 18:13:14,11425,115,6.16,12,0.0087
2025-12-28 18:13:14,11427,114,6.33,12,0.0088
2025-12-28 18:13:14,11430,114,6.42,12,0.0000
2025-12-28 18:13:15,11434,114,6.39,12,0.0088
2025-12-28 18:13:15,11434,115,6.61,12,0.0000
2025-12-28 18:13:15,11435,118,6.47,12,0.0000
2025-12-28 18:13:15,11439,115,6.67,12,0.0087
2025-12-28 18:13:15,11442,113,6.87,12,0.0000
2025-12-28 18:13:15,11444,114,6.77,12,0.0175
2025-12-28 18:13:15,11448,114,6.79,12,0.0000
2025-12-28 18:13:15,11456,112,6.65,12,0.0179
2025-12-28 18:13:16,11458,114,6.48,12,0.0175
2025-12-28 18:13:16,11459,118,6.14,12,0.0085
2025-12-28 18:13:16,11465,114,6.25,12,0.0000
2025-12-28 18:13:16,11471,113,6.25,12,0.0088
2025-12-28 18:13:16,11474,114,6.22,12,0.0000
2025-12-28 18:13:16,11476,116,6.35,12,0.0086
2025-12-28 18:13:16,11479,116,6.39,12,0.0086
2025-12-28 18:13:16,11485,115,6.12,12,0.0000
2025-12-28 18:13:17,11488,114,6.42,12,0.0000
2025-12-28 18:13:17,11493,116,6.32,12,0.0086
2025-12-28 18:13:17,11498,115,6.35,12,0.0000
2025-12-28 18:13:17,11501,117,6.26,12,0.0085
2025-12-28 18:13:17,11505,117,6.29,12,0.0000
2025-12-28 18:13:17,11507,117,6.33,12,0.0000
2025-12-28 18:13:17,11509,120,6.42,12,0.0250
2025-12-28 18:13:17,11515,117,6.60,12,0.0000
2025-12-28 18:13:18,11516,121,6.44,12,0.0083
2025-12-28 18:13:18,11516,126,6.25,12,0.0079
2025-12-28 18:13:18,11518,128,6.23,12,0.0078
2025-12-28 18:13:18,11522,127,6.50,12,0.0000
2025-12-28 18:13:18,11523,129,6.46,12,0.0078
2025-12-28 18:13:18,11525,130,6.55,12,0.0077
2025-12-28 18:13:18,11525,134,6.54,12,0.0149
2025-12-28 18:13:19,11533,131,6.43,12,0.0153
2025-12-28 18:13:19,11535,136,6.34,12,0.0074
2025-12-28 18:13:19,11541,134,6.46,12,0.0000
2025-12-28 18:13:19,11546,137,6.23,12,0.0146
2025-12-28 18:13:19,11550,134,6.34,12,0.0149
2025-12-28 18:13:19,11553,140,5.94,12,0.0143
2025-12-28 18:13:20,11564,132,6.27,12,0.0152
2025-12-28 18:13:20,11568,129,6.47,12,0.0078
2025-12-28 18:13:20,11572,128,6.56,12,0.0078
2025-12-28 18:13:20,11578,127,6.62,13,0.0079
2025-12-28 18:13:20,11580,132,6.16,12,0.0076
2025-12-28 18:13:20,11584,130,6.28,12,0.0154
2025-12-28 18:13:20,11590,126,6.55,12,0.0079
2025-12-28 18:13:21,11591,127,6.61,12,0.0000
2025-12-28 18:13:21,11593,127,6.65,12,0.0000
2025-12-28 18:13:21,11598,129,6.29,12,0.0078
2025-12-28 18:13:21,11603,129,6.26,12,0.0155
2025-12-28 18:13:21,11607,131,6.07,12,0.0000
2025-12-28 18:13:21,11609,131,6.34,12,0.0229
2025-12-28 18:13:21,11610,132,6.39,12,0.0000
2025-12-28 18:13:22,11614,131,6.47,12,0.0076
2025-12-28 18:13:22,11621,127,6.61,12,0.0079
2025-12-28 18:13:22,11626,126,6.78,12,0.0079
2025-12-28 18:13:22,11626,127,6.84,12,0.0079
2025-12-28 18:13:22,11628,129,6.74,12,0.0000
2025-12-28 18:13:22,11631,129,6.61,12,0.0000
2025-12-28 18:13:22,11634,131,6.49,12,0.0153
2025-12-28 18:13:23,11637,132,6.36,12,0.0000
2025-12-28 18:13:23,11642,128,6.55,12,0.0000
2025-12-28 18:13:23,11647,125,6.58,12,0.0080
2025-12-28 18:13:23,11651,126,6.37,12,0.0079
2025-12-28 18:13:23,11654,130,6.00,12,0.0000
2025-12-28 18:13:23,11662,124,6.09,12,0.0000
2025-12-28 18:13:23,11666,124,6.05,12,0.0081
2025-12-28 18:13:24,11669,123,6.07,12,0.0081
2025-12-28 18:13:24,11677,119,6.25,12,0.0000
2025-12-28 18:13:24,11680,116,6.62,12,0.0000
2025-12-28 18:13:24,11681,116,6.88,12,0.0000
2025-12-28 18:13:24,11682,119,6.81,12,0.0000
2025-12-28 18:13:24,11685,122,6.63,12,0.0000
2025-12-28 18:13:24,11688,122,6.69,12,0.0000
2025-12-28 18:13:25,11691,122,6.72,12,0.0082
2025-12-28 18:13:25,11695,124,6.69,12,0.0081
2025-12-28 18:13:25,11698,124,6.69,12,0.0000
2025-12-28 18:13:25,11704,120,6.80,12,0.0000
2025-12-28 18:13:25,11708,121,6.53,12,0.0000
2025-12-28 18:13:25,11717,113,6.93,12,0.0000
2025-12-28 18:13:25,11719,117,6.58,12,0.0000
2025-12-28 18:13:25,11721,120,6.50,12,0.0000
2025-12-28 18:13:26,11722,122,6.65,12,0.0000
2025-12-28 18:13:26,11722,125,6.69,12,0.0000
2025-12-28 18:13:26,11725,127,6.54,12,0.0079
2025-12-28 18:13:26,11732,126,6.48,12,0.0079
2025-12-28 18:13:26,11736,126,6.53,12,0.0000
2025-12-28 18:13:26,11738,127,6.52,12,0.0000
2025-12-28 18:13:26,11742,127,6.50,12,0.0000
2025-12-28 18:13:27,11742,127,6.70,12,0.0000
2025-12-28 18:13:27,11745,127,6.59,12,0.0157
2025-12-28 18:13:27,11748,129,6.29,12,0.0078
2025-12-28 18:13:27,11753,126,6.34,12,0.0000
2025-12-28 18:13:27,11757,124,6.48,12,0.0000
2025-12-28 18:13:27,11763,123,6.46,12,0.0081
2025-12-28 18:13:27,11764,127,6.19,12,0.0000
2025-12-28 18:13:28,11768,127,6.27,12,0.0000
2025-12-28 18:13:28,11770,129,6.33,12,0.0000
2025-12-28 18:13:28,11772,131,6.36,12,0.0000
2025-12-28 18:13:28,11775,130,6.58,12,0.0077
2025-12-28 18:13:28,11780,130,6.68,12,0.0077
2025-12-28 18:13:28,11782,134,6.51,12,0.0075
2025-12-28 18:13:28,11787,132,6.71,12,0.0000
2025-12-28 18:13:29,11791,132,6.76,12,0.0076
2025-12-28 18:13:29,11794,132,6.58,12,0.0000
2025-12-28 18:13:29,11799,130,6.36,12,0.0077
2025-12-28 18:13:29,11803,129,6.60,12,0.0000
2025-12-28 18:13:29,11805,131,6.56,12,0.0000
2025-12-28 18:13:29,11807,133,6.53,12,0.0075
2025-12-28 18:13:29,11809,137,6.28,12,0.0073
2025-12-28 18:13:30,11813,135,6.30,13,0.0074
2025-12-28 18:13:30,11818,135,6.26,12,0.0074
2025-12-28 18:13:30,11822,135,6.29,12,0.0000
2025-12-28 18:13:30,11824,137,6.20,12,0.0073
2025-12-28 18:13:30,11829,133,6.41,12,0.0000
2025-12-28 18:13:30,11829,135,6.34,12,0.0000
2025-12-28 18:13:31,11832,137,6.25,12,0.0000
2025-12-28 18:13:31,11835,135,6.50,12,0.0000
2025-12-28 18:13:31,11842,134,6.46,12,0.0075
2025-12-28 18:13:31,11848,131,6.40,12,0.0000
2025-12-28 18:13:31,11851,134,6.22,12,0.0075
2025-12-28 18:13:31,11858,131,6.24,12,0.0000
2025-12-28 18:13:31,11864,129,6.36,13,0.0078
2025-12-28 18:13:32,11865,132,6.11,12,0.0000
2025-12-28 18:13:32,11869,130,6.15,12,0.0000
2025-12-28 18:13:32,11876,129,6.06,12,0.0078
2025-12-28 18:13:32,11878,130,6.15,12,0.0000
2025-12-28 18:13:32,11880,133,6.08,12,0.0000
2025-12-28 18:13:32,11885,132,6.14,12,0.0000
2025-12-28 18:13:32,11886,134,6.17,12,0.0000
2025-12-28 18:13:33,11891,131,6.44,12,0.0000
2025-12-28 18:13:33,11894,131,6.44,12,0.0000
2025-12-28 18:13:33,11902,129,6.37,12,0.0000
2025-12-28 18:13:33,11902,134,6.04,12,0.0149
2025-12-28 18:13:33,11905,133,6.21,12,0.0075
2025-12-28 18:13:33,11911,129,6.40,12,0.0000
2025-12-28 18:13:33,11913,129,6.47,12,0.0078
2025-12-28 18:13:34,11918,126,6.67,12,0.0159
2025-12-28 18:13:34,11921,131,6.50,12,0.0076
2025-12-28 18:13:34,11922,134,6.50,12,0.0000
2025-12-28 18:13:34,11922,139,6.28,12,0.0000
2025-12-28 18:13:34,11926,139,6.39,12,0.0000
2025-12-28 18:13:34,11933,138,6.27,12,0.0000
2025-12-28 18:13:35,11935,141,6.26,12,0.0000
2025-12-28 18:13:35,11940,139,6.35,12,0.0000
2025-12-28 18:13:35,11945,138,6.47,12,0.0072
2025-12-28 18:13:35,11947,142,6.27,12,0.0000
2025-12-28 18:13:35,11951,140,6.40,12,0.0071
2025-12-28 18:13:35,11955,140,6.39,13,0.0000
2025-12-28 18:13:35,11960,140,6.32,12,0.0000
2025-12-28 18:13:36,11966,138,6.41,12,0.0000
2025-12-28 18:13:36,11969,137,6.45,12,0.0073
2025-12-28 18:13:36,11973,135,6.68,12,0.0000
2025-12-28 18:13:36,11979,133,6.73,12,0.0075
2025-12-28 18:13:36,11983,131,6.92,13,0.0076
2025-12-28 18:13:36,11985,133,6.86,12,0.0075
2025-12-28 18:13:37,11986,134,6.83,12,0.0075
2025-12-28 18:13:37,11988,137,6.61,12,0.0073
2025-12-28 18:13:37,11990,136,6.76,12,0.0000
2025-12-28 18:13:37,11997,132,6.93,12,0.0076
2025-12-28 18:13:37,11998,132,7.08,12,0.0152
2025-12-28 18:13:37,12000,135,6.96,12,0.0074
2025-12-28 18:13:37,12001,141,6.70,12,0.0142
2025-12-28 18:13:38,12003,145,6.63,12,0.0069
2025-12-28 18:13:38,12006,143,6.71,12,0.0070
2025-12-28 18:13:38,12009,144,6.37,12,0.0000
2025-12-28 18:13:38,12011,142,6.40,12,0.0000
2025-12-28 18:13:38,12013,145,6.19,12,0.0138
2025-12-28 18:13:38,12018,143,6.24,12,0.0000
2025-12-28 18:13:39,12022,143,6.26,12,0.0000
2025-12-28 18:13:39,12026,141,6.30,12,0.0071
2025-12-28 18:13:39,12030,139,6.41,12,0.0072
2025-12-28 18:13:39,12032,139,6.72,12,0.0000
2025-12-28 18:13:39,12036,138,6.85,12,0.0000
2025-12-28 18:13:39,12037,144,6.64,12,0.0000
2025-12-28 18:13:40,12038,146,6.60,13,0.0000
2025-12-28 18:13:40,12046,146,6.40,12,0.0137
2025-12-28 18:13:40,12047,150,6.30,12,0.0133
2025-12-28 18:13:40,12052,151,6.20,12,0.0066
2025-12-28 18:13:40,12058,147,6.28,12,0.0136
2025-12-28 18:13:40,12061,147,6.41,12,0.0136
2025-12-28 18:13:40,12069,145,6.39,12,0.0069
2025-12-28 18:13:41,12070,149,6.34,12,0.0067
2025-12-28 18:13:41,12075,148,6.39,12,0.0068
2025-12-28 18:13:41,12083,147,6.27,12,0.0136
2025-12-28 18:13:41,12087,147,6.37,12,0.0068
2025-12-28 18:13:41,12094,143,6.37,12,0.0000
2025-12-28 18:13:42,12096,144,6.34,12,0.0069
2025-12-28 18:13:42,12101,144,6.31,12,0.0069
2025-12-28 18:13:42,12102,146,6.18,12,0.0068
2025-12-28 18:13:42,12108,141,6.46,12,0.0071
2025-12-28 18:13:42,12116,134,6.63,12,0.0075
2025-12-28 18:13:42,12118,136,6.66,12,0.0147
2025-12-28 18:13:42,12123,135,6.61,12,0.0074
2025-12-28 18:13:43,12125,135,6.59,12,0.0000
2025-12-28 18:13:43,12133,131,6.60,12,0.0000
2025-12-28 18:13:43,12137,131,6.52,12,0.0153
2025-12-28 18:13:43,12140,132,6.45,13,0.0000
2025-12-28 18:13:43,12142,134,6.32,12,0.0075
2025-12-28 18:13:43,12147,135,6.10,12,0.0000
2025-12-28 18:13:44,12148,138,5.91,12,0.0145
2025-12-28 18:13:44,12152,138,5.96,12,0.0072
2025-12-28 18:13:44,12161,131,6.44,13,0.0000
2025-12-28 18:13:44,12165,131,6.29,12,0.0153
2025-12-28 18:13:44,12168,131,6.33,12,0.0000
2025-12-28 18:13:44,12171,134,6.16,12,0.0000
2025-12-28 18:13:44,12176,133,6.25,12,0.0075
2025-12-28 18:13:45,12178,135,6.16,12,0.0000
2025-12-28 18:13:45,12179,138,6.10,12,0.0072
2025-12-28 18:13:45,12182,136,6.35,12,0.0000
2025-12-28 18:13:45,12186,136,6.21,12,0.0000
2025-12-28 18:13:45,12191,136,6.10,12,0.0000
2025-12-28 18:13:45,12196,133,6.38,12,0.0075
2025-12-28 18:13:45,12202,129,6.63,12,0.0078
2025-12-28 18:13:46,12206,126,6.92,12,0.0000
2025-12-28 18:13:46,12207,130,6.72,12,0.0000
2025-12-28 18:13:46,12212,129,6.71,12,0.0078
2025-12-28 18:13:46,12215,129,6.60,12,0.0078
2025-12-28 18:13:46,12217,129,6.71,12,0.0000
2025-12-28 18:13:46,12226,125,6.54,12,0.0000
2025-12-28 18:13:46,12233,122,6.43,12,0.0000
2025-12-28 18:13:47,12234,124,6.19,12,0.0000
2025-12-28 18:13:47,12237,122,6.34,12,0.0082
2025-12-28 18:13:47,12240,124,6.30,12,0.0000
2025-12-28 18:13:47,12240,129,6.05,12,0.0000
2025-12-28 18:13:47,12246,125,6.22,12,0.0000
2025-12-28 18:13:47,12252,123,6.29,12,0.0081
2025-12-28 18:13:47,12254,121,6.68,13,0.0000
2025-12-28 18:13:48,12260,119,6.71,12,0.0000
2025-12-28 18:13:48,12265,117,6.88,12,0.0000
2025-12-28 18:13:48,12265,124,6.60,12,0.0000
2025-12-28 18:13:48,12266,127,6.70,12,0.0000
2025-12-28 18:13:48,12270,129,6.47,12,0.0000
2025-12-28 18:13:48,12273,137,6.07,12,0.0146
2025-12-28 18:13:48,12275,137,6.26,13,0.0146
2025-12-28 18:13:49,12282,134,6.31,12,0.0000
2025-12-28 18:13:49,12284,136,6.31,12,0.0000
2025-12-28 18:13:49,12287,139,6.21,12,0.0072
2025-12-28 18:13:49,12290,138,6.34,12,0.0145
2025-12-28 18:13:49,12296,134,6.61,12,0.0075
2025-12-28 18:13:49,12301,133,6.80,12,0.0000
2025-12-28 18:13:50,12304,134,6.83,12,0.0000
2025-12-28 18:13:50,12308,138,6.48,12,0.0072
2025-12-28 18:13:50,12311,136,6.69,12,0.0000
2025-12-28 18:13:50,12317,132,6.79,12,0.0000
2025-12-28 18:13:50,12323,131,6.44,12,0.0000
2025-12-28 18:13:50,12327,129,6.53,12,0.0000
2025-12-28 18:13:50,12334,125,6.73,12,0.0000
2025-12-28 18:13:51,12342,122,6.67,12,0.0000
2025-12-28 18:13:51,12344,123,6.62,12,0.0000
2025-12-28 18:13:51,12346,122,6.70,12,0.0000
2025-12-28 18:13:51,12348,124,6.61,12,0.0000
2025-12-28 18:13:51,12349,129,6.31,12,0.0000
2025-12-28 18:13:51,12353,127,6.35,13,0.0000
2025-12-28 18:13:51,12358,124,6.57,12,0.0000
2025-12-28 18:13:52,12360,126,6.52,12,0.0000
2025-12-28 18:13:52,12363,126,6.43,12,0.0000
2025-12-28 18:13:52,12366,129,6.21,12,0.0000
2025-12-28 18:13:52,12372,127,6.39,12,0.0000
2025-12-28 18:13:52,12372,131,6.39,12,0.0000
2025-12-28 18:13:52,12375,133,6.20,12,0.0000
2025-12-28 18:13:52,12377,133,6.27,12,0.0000
2025-12-28 18:13:53,12379,133,6.40,12,0.0000
2025-12-28 18:13:53,12382,137,6.11,12,0.0000
2025-12-28 18:13:53,12391,129,6.47,12,0.0078
2025-12-28 18:13:53,12395,132,6.27,12,0.0000
2025-12-28 18:13:53,12398,131,6.44,12,0.0076
2025-12-28 18:13:53,12403,128,6.67,13,0.0000
2025-12-28 18:13:53,12406,130,6.38,12,0.0000
2025-12-28 18:13:54,12410,132,6.16,12,0.0000
2025-12-28 18:13:54,12413,130,6.32,12,0.0154
2025-12-28 18:13:54,12419,128,6.20,12,0.0000
2025-12-28 18:13:54,12424,125,6.26,12,0.0080
2025-12-28 18:13:54,12434,118,6.58,12,0.0085
2025-12-28 18:13:54,12438,120,6.43,12,0.0000
2025-12-28 18:13:54,12442,120,6.62,12,0.0083
2025-12-28 18:13:55,12446,122,6.40,12,0.0082
2025-12-28 18:13:55,12449,124,6.37,12,0.0000
2025-12-28 18:13:55,12449,127,6.38,13,0.0000
2025-12-28 18:13:55,12454,126,6.31,12,0.0000
2025-12-28 18:13:55,12458,126,6.40,12,0.0000
2025-12-28 18:13:55,12463,123,6.75,12,0.0000
2025-12-28 18:13:55,12466,123,6.70,12,0.0000
2025-12-28 18:13:56,12469,123,6.71,13,0.0000
2025-12-28 18:13:56,12472,126,6.33,12,0.0000
2025-12-28 18:13:56,12473,129,6.30,12,0.0000
2025-12-28 18:13:56,12476,131,6.27,12,0.0000
2025-12-28 18:13:56,12481,128,6.38,12,0.0078
2025-12-28 18:13:56,12483,129,6.34,12,0.0000
2025-12-28 18:13:56,12484,130,6.38,12,0.0000
2025-12-28 18:13:57,12490,130,6.32,12,0.0077
2025-12-28 18:13:57,12495,129,6.30,12,0.0000
2025-12-28 18:13:57,12498,128,6.52,12,0.0000
2025-12-28 18:13:57,12503,127,6.47,12,0.0079
2025-12-28 18:13:57,12509,123,6.68,12,0.0000
2025-12-28 18:13:57,12513,121,6.67,12,0.0083
2025-12-28 18:13:57,12521,118,6.51,12,0.0085
2025-12-28 18:13:57,12523,121,6.23,12,0.0083
2025-12-28 18:13:58,12527,119,6.32,12,0.0000
2025-12-28 18:13:58,12529,120,6.38,12,0.0000
2025-12-28 18:13:58,12533,120,6.47,12,0.0000
2025-12-28 18:13:58,12535,120,6.62,12,0.0000
2025-12-28 18:13:58,12540,121,6.29,12,0.0000
2025-12-28 18:13:58,12540,126,6.18,12,0.0079
2025-12-28 18:13:58,12546,124,6.24,12,0.0000
2025-12-28 18:13:59,12547,125,6.33,12,0.0000
2025-12-28 18:13:59,12549,124,6.40,13,0.0000
2025-12-28 18:13:59,12550,127,6.46,12,0.0000
2025-12-28 18:13:59,12555,125,6.70,12,0.0000
2025-12-28 18:13:59,12556,125,6.79,12,0.0000
2025-12-28 18:13:59,12562,123,6.73,12,0.0000
2025-12-28 18:13:59,12566,122,6.57,12,0.0000
2025-12-28 18:14:00,12570,124,6.45,12,0.0000
2025-12-28 18:14:00,12577,123,6.31,12,0.0000
2025-12-28 18:14:00,12579,123,6.43,12,0.0000
2025-12-28 18:14:00,12582,123,6.33,12,0.0000
2025-12-28 18:14:00,12585,121,6.66,12,0.0000
2025-12-28 18:14:00,12587,123,6.54,12,0.0000
2025-12-28 18:14:00,12591,120,6.62,12,0.0000
2025-12-28 18:14:01,12591,125,6.41,12,0.0080
2025-12-28 18:14:01,12592,129,6.05,12,0.0000
2025-12-28 18:14:01,12595,129,6.00,12,0.0000
2025-12-28 18:14:01,12597,131,6.03,12,0.0000
2025-12-28 18:14:01,12602,131,5.95,12,0.0000
2025-12-28 18:14:01,12605,129,6.16,12,0.0000
2025-12-28 18:14:01,12606,130,6.17,12,0.0077
2025-12-28 18:14:02,12611,129,6.29,12,0.0000
2025-12-28 18:14:02,12614,130,6.20,12,0.0000
2025-12-28 18:14:02,12620,127,6.09,12,0.0079
2025-12-28 18:14:02,12622,128,6.08,12,0.0078
2025-12-28 18:14:02,12628,125,6.42,12,0.0000
2025-12-28 18:14:02,12629,128,6.38,12,0.0000
2025-12-28 18:14:02,12632,130,6.22,12,0.0000
2025-12-28 18:14:03,12636,129,6.36,12,0.0000
2025-12-28 18:14:03,12637,132,6.22,12,0.0000
2025-12-28 18:14:03,12645,124,6.34,12,0.0000
2025-12-28 18:14:03,12652,119,6.35,12,0.0000
2025-12-28 18:14:03,12657,115,6.49,12,0.0087
2025-12-28 18:14:03,12661,115,6.22,12,0.0000
2025-12-28 18:14:03,12665,113,6.23,12,0.0000
2025-12-28 18:14:03,12666,114,6.29,12,0.0000
2025-12-28 18:14:04,12669,112,6.45,12,0.0000
2025-12-28 18:14:04,12671,113,6.41,12,0.0000
2025-12-28 18:14:04,12672,118,5.94,12,0.0000
2025-12-28 18:14:04,12675,118,5.98,12,0.0000
2025-12-28 18:14:04,12678,119,5.99,12,0.0084
2025-12-28 18:14:04,12679,119,6.18,12,0.0000
2025-12-28 18:14:04,12682,121,5.94,12,0.0000
2025-12-28 18:14:05,12682,123,6.14,12,0.0000
2025-12-28 18:14:05,12686,121,6.45,13,0.0083
2025-12-28 18:14:05,12690,121,6.54,12,0.0000
2025-12-28 18:14:05,12692,120,6.74,12,0.0000
2025-12-28 18:14:05,12694,122,6.66,12,0.0082
2025-12-28 18:14:05,12695,123,6.63,13,0.0000
2025-12-28 18:14:05,12700,124,6.37,12,0.0000
2025-12-28 18:14:05,12706,120,6.54,12,0.0000
2025-12-28 18:14:06,12707,122,6.60,13,0.0000
2025-12-28 18:14:06,12712,120,6.82,12,0.0083
2025-12-28 18:14:06,12713,123,6.75,12,0.0163
2025-12-28 18:14:06,12715,128,6.53,12,0.0078
2025-12-28 18:14:06,12717,130,6.49,12,0.0000
2025-12-28 18:14:06,12718,131,6.56,12,0.0076
2025-12-28 18:14:06,12720,133,6.58,12,0.0000
2025-12-28 18:14:07,12724,132,6.73,12,0.0076
2025-12-28 18:14:07,12727,133,6.59,12,0.0075
2025-12-28 18:14:07,12728,134,6.58,12,0.0000
2025-12-28 18:14:07,12734,132,6.37,12,0.0000
2025-12-28 18:14:07,12738,131,6.52,12,0.0000
2025-12-28 18:14:07,12742,129,6.54,12,0.0000
2025-12-28 18:14:07,12748,129,6.67,12,0.0078
2025-12-28 18:14:08,12755,124,6.86,12,0.0161
2025-12-28 18:14:08,12759,124,6.71,12,0.0081
2025-12-28 18:14:08,12760,127,6.81,12,0.0079
2025-12-28 18:14:08,12762,128,6.77,12,0.0078
2025-12-28 18:14:08,12768,128,6.69,12,0.0156
2025-12-28 18:14:08,12771,127,6.81,12,0.0000
2025-12-28 18:14:08,12775,129,6.56,12,0.0078
2025-12-28 18:14:09,12779,128,6.64,12,0.0000
2025-12-28 18:14:09,12780,135,6.18,12,0.0000
2025-12-28 18:14:09,12783,136,6.27,12,0.0000
2025-12-28 18:14:09,12787,134,6.45,12,0.0000
2025-12-28 18:14:09,12791,135,6.41,12,0.0148
2025-12-28 18:14:09,12792,136,6.45,12,0.0000
2025-12-28 18:14:09,12797,134,6.58,12,0.0000
2025-12-28 18:14:10,12802,134,6.43,12,0.0000
2025-12-28 18:14:10,12806,131,6.60,12,0.0000
2025-12-28 18:14:10,12808,130,6.98,12,0.0154
2025-12-28 18:14:10,12810,133,6.77,13,0.0000
2025-12-28 18:14:10,12812,137,6.37,12,0.0000
2025-12-28 18:14:10,12814,138,6.33,13,0.0000
2025-12-28 18:14:11,12823,135,6.30,12,0.0000
2025-12-28 18:14:11,12825,134,6.49,12,0.0075
2025-12-28 18:14:11,12828,139,6.22,12,0.0000
2025-12-28 18:14:11,12831,139,6.27,12,0.0000
2025-12-28 18:14:11,12833,143,6.17,12,0.0000
2025-12-28 18:14:11,12834,144,6.37,12,0.0000
2025-12-28 18:14:12,12836,145,6.52,12,0.0000
2025-12-28 18:14:12,12838,147,6.48,12,0.0136
2025-12-28 18:14:12,12843,143,6.69,12,0.0000
2025-12-28 18:14:12,12844,144,6.65,12,0.0069
2025-12-28 18:14:12,12848,141,6.71,12,0.0000
2025-12-28 18:14:12,12854,139,6.62,12,0.0072
2025-12-28 18:14:13,12856,139,6.57,12,0.0000
2025-12-28 18:14:13,12858,140,6.44,12,0.0000
2025-12-28 18:14:13,12862,138,6.49,12,0.0072
2025-12-28 18:14:13,12866,139,6.36,12,0.0000
2025-12-28 18:14:13,12870,139,6.51,12,0.0072
2025-12-28 18:14:13,12872,138,6.64,12,0.0000
2025-12-28 18:14:13,12875,140,6.69,12,0.0000
2025-12-28 18:14:14,12876,142,6.83,12,0.0000
2025-12-28 18:14:14,12879,144,6.72,12,0.0000
2025-12-28 18:14:14,12887,142,6.61,12,0.0000
2025-12-28 18:14:14,12890,142,6.73,12,0.0000
2025-12-28 18:14:14,12893,142,6.75,12,0.0000
2025-12-28 18:14:14,12898,139,6.67,12,0.0000
2025-12-28 18:14:15,12901,138,6.67,12,0.0000
2025-12-28 18:14:15,12904,138,6.61,12,0.0000
2025-12-28 18:14:15,12910,138,6.52,12,0.0072
2025-12-28 18:14:15,12913,138,6.41,12,0.0000
2025-12-28 18:14:15,12919,135,6.43,12,0.0000
2025-12-28 18:14:15,12922,134,6.40,12,0.0000
2025-12-28 18:14:15,12925,137,6.36,12,0.0000
2025-12-28 18:14:16,12928,137,6.45,12,0.0000
2025-12-28 18:14:16,12933,135,6.64,12,0.0074
2025-12-28 18:14:16,12938,136,6.47,12,0.0000
2025-12-28 18:14:16,12942,137,6.42,12,0.0000
2025-12-28 18:14:16,12946,137,6.45,12,0.0000
2025-12-28 18:14:16,12947,138,6.52,12,0.0000
2025-12-28 18:14:17,12950,143,6.24,12,0.0000
2025-12-28 18:14:17,12950,148,6.16,12,0.0000
2025-12-28 18:14:17,12954,150,6.03,12,0.0000
2025-12-28 18:14:17,12956,151,6.01,12,0.0066
2025-12-28 18:14:17,12958,153,5.94,12,0.0065
2025-12-28 18:14:17,12961,152,6.02,12,0.0132
2025-12-28 18:14:18,12966,152,6.00,12,0.0000
2025-12-28 18:14:18,12973,147,5.80,12,0.0000
2025-12-28 18:14:18,12980,143,5.94,12,0.0000
2025-12-28 18:14:18,12990,135,6.01,12,0.0000
2025-12-28 18:14:18,12996,130,6.01,13,0.0000
2025-12-28 18:14:18,12998,132,5.80,12,0.0076
2025-12-28 18:14:19,13003,128,6.06,12,0.0000
2025-12-28 18:14:19,13004,131,6.05,12,0.0000
2025-12-28 18:14:19,13007,130,6.17,12,0.0000
2025-12-28 18:14:19,13013,127,6.17,12,0.0079
2025-12-28 18:14:19,13019,123,6.44,12,0.0000
2025-12-28 18:14:19,13020,126,6.41,12,0.0000
2025-12-28 18:14:19,13022,130,6.22,12,0.0000
2025-12-28 18:14:20,13023,130,6.29,12,0.0000
2025-12-28 18:14:20,13027,128,6.46,12,0.0000
2025-12-28 18:14:20,13030,129,6.35,12,0.0000
2025-12-28 18:14:20,13036,128,6.41,12,0.0000
2025-12-28 18:14:20,13041,124,6.66,12,0.0000
2025-12-28 18:14:20,13046,122,6.61,12,0.0082
2025-12-28 18:14:20,13053,123,6.22,12,0.0081
2025-12-28 18:14:21,13057,121,6.40,12,0.0000
2025-12-28 18:14:21,13062,122,6.07,12,0.0000
2025-12-28 18:14:21,13067,118,6.46,13,0.0000
2025-12-28 18:14:21,13069,121,6.18,12,0.0000
2025-12-28 18:14:21,13070,124,6.22,12,0.0000
2025-12-28 18:14:21,13074,120,6.51,13,0.0000
2025-12-28 18:14:21,13081,119,6.39,12,0.0000
2025-12-28 18:14:21,13082,122,6.48,12,0.0000
2025-12-28 18:14:22,13085,121,6.60,12,0.0000
2025-12-28 18:14:22,13087,122,6.75,12,0.0082
2025-12-28 18:14:22,13087,127,6.63,12,0.0079
2025-12-28 18:14:22,13091,131,6.21,12,0.0076
2025-12-28 18:14:22,13092,135,6.23,12,0.0000
2025-12-28 18:14:22,13094,135,6.53,12,0.0074
2025-12-28 18:14:22,13095,138,6.49,12,0.0145
2025-12-28 18:14:23,13099,135,6.51,12,0.0000
2025-12-28 18:14:23,13104,133,6.47,12,0.0000
2025-12-28 18:14:23,13110,127,6.59,12,0.0000
2025-12-28 18:14:23,13112,126,6.75,12,0.0000
2025-12-28 18:14:23,13113,127,6.72,12,0.0000
2025-12-28 18:14:23,13115,129,6.72,12,0.0078
2025-12-28 18:14:23,13118,131,6.56,12,0.0000
2025-12-28 18:14:24,13120,133,6.45,12,0.0000
2025-12-28 18:14:24,13121,132,6.74,12,0.0000
2025-12-28 18:14:24,13122,139,6.53,12,0.0000
2025-12-28 18:14:24,13124,140,6.61,12,0.0000
2025-12-28 18:14:24,13127,139,6.74,12,0.0000
2025-12-28 18:14:24,13132,139,6.70,12,0.0072
2025-12-28 18:14:25,13135,136,6.95,12,0.0000
2025-12-28 18:14:25,13137,139,6.90,12,0.0000
2025-12-28 18:14:25,13140,141,6.93,12,0.0000
2025-12-28 18:14:25,13144,143,6.76,12,0.0000
2025-12-28 18:14:25,13147,145,6.57,12,0.0000
2025-12-28 18:14:25,13150,145,6.29,12,0.0000
2025-12-28 18:14:26,13151,147,6.14,12,0.0000
2025-12-28 18:14:26,13156,144,6.15,12,0.0069
2025-12-28 18:14:26,13159,145,5.99,12,0.0000
2025-12-28 18:14:26,13164,143,6.03,12,0.0000
2025-12-28 18:14:26,13170,140,5.98,12,0.0000
2025-12-28 18:14:26,13176,140,5.93,12,0.0071
2025-12-28 18:14:26,13185,131,6.28,12,0.0000
2025-12-28 18:14:27,13187,132,6.39,12,0.0000
2025-12-28 18:14:27,13190,134,6.27,12,0.0000
2025-12-28 18:14:27,13195,134,6.17,13,0.0000
2025-12-28 18:14:27,13200,131,6.11,12,0.0000
2025-12-28 18:14:27,13201,137,5.64,12,0.0000
2025-12-28 18:14:27,13208,133,5.58,12,0.0000
2025-12-28 18:14:28,13215,129,5.85,12,0.0078
2025-12-28 18:14:28,13220,128,5.80,12,0.0078
2025-12-28 18:14:28,13226,126,6.07,13,0.0000
2025-12-28 18:14:28,13229,129,5.84,12,0.0000
2025-12-28 18:14:28,13232,128,6.05,12,0.0000
2025-12-28 18:14:28,13234,129,6.16,12,0.0000
2025-12-28 18:14:28,13241,124,6.40,12,0.0000
2025-12-28 18:14:28,13243,126,6.51,12,0.0000
2025-12-28 18:14:29,13246,128,6.42,12,0.0000
2025-12-28 18:14:29,13247,131,6.44,12,0.0153
2025-12-28 18:14:29,13250,132,6.45,12,0.0000
2025-12-28 18:14:29,13252,134,6.51,12,0.0000
2025-12-28 18:14:29,13253,137,6.50,12,0.0000
2025-12-28 18:14:29,13256,140,6.49,12,0.0000
2025-12-28 18:14:30,13260,142,6.51,12,0.0000
2025-12-28 18:14:30,13262,144,6.57,12,0.0000
2025-12-28 18:14:30,13266,146,6.36,12,0.0068
2025-12-28 18:14:30,13268,149,6.32,12,0.0000
2025-12-28 18:14:30,13272,151,6.24,12,0.0000
2025-12-28 18:14:30,13277,150,6.38,12,0.0067
2025-12-28 18:14:31,13282,152,6.21,12,0.0000
2025-12-28 18:14:31,13285,152,6.54,12,0.0000
2025-12-28 18:14:31,13286,155,6.60,12,0.0000
2025-12-28 18:14:31,13291,154,6.60,12,0.0000
2025-12-28 18:14:31,13293,154,6.81,12,0.0000
2025-12-28 18:14:31,13296,157,6.66,12,0.0000
2025-12-28 18:14:32,13300,156,6.59,12,0.0000
2025-12-28 18:14:32,13303,155,6.54,12,0.0000
2025-12-28 18:14:32,13309,150,6.68,12,0.0000
2025-12-28 18:14:32,13311,156,6.38,12,0.0000
2025-12-28 18:14:32,13319,152,6.50,12,0.0000
2025-12-28 18:14:32,13322,153,6.48,12,0.0000
2025-12-28 18:14:33,13327,151,6.50,13,0.0000
2025-12-28 18:14:33,13332,149,6.54,12,0.0000
2025-12-28 18:14:33,13336,151,6.47,12,0.0000
2025-12-28 18:14:33,13338,154,6.39,12,0.0000
2025-12-28 18:14:33,13339,158,6.22,12,0.0000
2025-12-28 18:14:33,13341,159,6.32,12,0.0000
2025-12-28 18:14:34,13348,158,6.15,12,0.0063
2025-12-28 18:14:34,13353,155,6.33,12,0.0000
2025-12-28 18:14:34,13358,153,6.46,12,0.0000
2025-12-28 18:14:34,13359,159,6.12,12,0.0000
2025-12-28 18:14:34,13368,152,6.33,12,0.0000
2025-12-28 18:14:35,13375,148,6.50,12,0.0000
2025-12-28 18:14:35,13380,149,6.53,12,0.0067
2025-12-28 18:14:35,13383,154,6.27,12,0.0065
2025-12-28 18:14:35,13387,156,6.19,12,0.0000
2025-12-28 18:14:35,13393,153,6.38,12,0.0000
2025-12-28 18:14:35,13395,154,6.32,13,0.0000
2025-12-28 18:14:36,13399,154,6.37,12,0.0000
2025-12-28 18:14:36,13401,154,6.47,12,0.0000
2025-12-28 18:14:36,13404,156,6.46,12,0.0000
2025-12-28 18:14:36,13409,157,6.25,12,0.0000
2025-12-28 18:14:36,13415,154,6.25,12,0.0000
2025-12-28 18:14:36,13421,152,6.41,12,0.0000
2025-12-28 18:14:37,13427,151,6.52,12,0.0000
2025-12-28 18:14:37,13431,150,6.67,13,0.0000
2025-12-28 18:14:37,13435,151,6.65,12,0.0000
2025-12-28 18:14:37,13439,154,6.57,12,0.0000
2025-12-28 18:14:37,13443,154,6.44,12,0.0000
2025-12-28 18:14:37,13445,154,6.51,12,0.0000
2025-12-28 18:14:38,13448,155,6.42,12,0.0000
2025-12-28 18:14:38,13452,153,6.58,12,0.0065
2025-12-28 18:14:38,13454,156,6.49,12,0.0000
2025-12-28 18:14:38,13461,154,6.55,12,0.0000
2025-12-28 18:14:38,13465,153,6.52,12,0.0000
2025-12-28 18:14:38,13468,151,6.77,13,0.0000
2025-12-28 18:14:39,13470,155,6.52,12,0.0000
2025-12-28 18:14:39,13471,156,6.63,12,0.0000
2025-12-28 18:14:39,13475,157,6.48,13,0.0000
2025-12-28 18:14:39,13480,158,6.27,12,0.0000
2025-12-28 18:14:39,13483,162,6.01,12,0.0062
2025-12-28 18:14:40,13485,160,6.30,12,0.0000
2025-12-28 18:14:40,13491,158,6.42,12,0.0000
2025-12-28 18:14:40,13498,158,6.35,12,0.0000
2025-12-28 18:14:40,13503,160,6.22,12,0.0000
2025-12-28 18:14:40,13504,165,6.19,12,0.0000
2025-12-28 18:14:40,13509,163,6.30,12,0.0061
2025-12-28 18:14:41,13519,157,6.49,12,0.0000
2025-12-28 18:14:41,13521,160,6.41,12,0.0000
2025-12-28 18:14:41,13523,163,6.42,12,0.0000
2025-12-28 18:14:41,13528,161,6.61,12,0.0000
2025-12-28 18:14:41,13533,161,6.53,12,0.0000
2025-12-28 18:14:42,13540,157,6.56,12,0.0000
2025-12-28 18:14:42,13541,165,6.15,12,0.0000
2025-12-28 18:14:42,13548,161,6.28,12,0.0000
2025-12-28 18:14:42,13552,160,6.28,12,0.0000
2025-12-28 18:14:42,13558,157,6.42,12,0.0000
2025-12-28 18:14:42,13562,155,6.55,12,0.0000
2025-12-28 18:14:43,13567,156,6.43,12,0.0000
2025-12-28 18:14:43,13572,158,6.36,13,0.0000
2025-12-28 18:14:43,13579,155,6.41,12,0.0000
2025-12-28 18:14:43,13579,160,6.24,12,0.0000
2025-12-28 18:14:43,13580,165,6.10,12,0.0000
2025-12-28 18:14:44,13584,165,6.10,12,0.0000
2025-12-28 18:14:44,13589,163,6.29,12,0.0000
2025-12-28 18:14:44,13594,161,6.29,13,0.0000
2025-12-28 18:14:44,13601,159,6.28,12,0.0000
2025-12-28 18:14:44,13609,155,6.39,12,0.0000
2025-12-28 18:14:44,13612,157,6.31,12,0.0000
2025-12-28 18:14:45,13613,159,6.28,12,0.0000
2025-12-28 18:14:45,13617,156,6.49,12,0.0000
2025-12-28 18:14:45,13619,157,6.68,12,0.0000
2025-12-28 18:14:45,13622,163,6.31,12,0.0000
2025-12-28 18:14:45,13623,167,6.27,12,0.0000
2025-12-28 18:14:46,13628,168,6.30,12,0.0000
2025-12-28 18:14:46,13632,167,6.44,12,0.0060
2025-12-28 18:14:46,13635,167,6.53,12,0.0000
2025-12-28 18:14:46,13640,167,6.49,12,0.0000
2025-12-28 18:14:46,13643,168,6.41,12,0.0000
2025-12-28 18:14:47,13646,170,6.14,12,0.0059
2025-12-28 18:14:47,13653,163,6.52,12,0.0000
2025-12-28 18:14:47,13657,161,6.61,12,0.0000
2025-12-28 18:14:47,13662,161,6.60,12,0.0000
2025-12-28 18:14:47,13663,165,6.40,12,0.0000
2025-12-28 18:14:47,13664,168,6.21,12,0.0000
2025-12-28 18:14:48,13669,168,6.19,12,0.0000
2025-12-28 18:14:48,13677,163,6.20,12,0.0000
2025-12-28 18:14:48,13684,160,6.11,12,0.0000
2025-12-28 18:14:48,13692,156,6.00,12,0.0000
2025-12-28 18:14:48,13697,157,6.00,12,0.0000
2025-12-28 18:14:49,13705,151,6.14,12,0.0000
2025-12-28 18:14:49,13710,149,6.26,12,0.0000
2025-12-28 18:14:49,13714,148,6.45,12,0.0000
2025-12-28 18:14:49,13718,149,6.43,12,0.0000
2025-12-28 18:14:49,13722,148,6.43,12,0.0000
2025-12-28 18:14:49,13722,155,6.03,12,0.0000
2025-12-28 18:14:50,13727,155,6.08,13,0.0000
2025-12-28 18:14:50,13736,150,6.00,12,0.0000
2025-12-28 18:14:50,13741,146,6.29,12,0.0000
2025-12-28 18:14:50,13742,147,6.44,12,0.0000
2025-12-28 18:14:50,13744,148,6.36,13,0.0000
2025-12-28 18:14:50,13753,143,6.41,12,0.0000
2025-12-28 18:14:51,13755,143,6.47,12,0.0000
2025-12-28 18:14:51,13759,141,6.70,12,0.0000
2025-12-28 18:14:51,13761,140,6.84,12,0.0000
2025-12-28 18:14:51,13767,138,6.68,12,0.0000
2025-12-28 18:14:51,13770,143,6.48,12,0.0000
2025-12-28 18:14:51,13773,150,6.06,12,0.0000
2025-12-28 18:14:52,13775,152,6.07,12,0.0000
2025-12-28 18:14:52,13780,148,6.28,12,0.0000
2025-12-28 18:14:52,13785,145,6.37,12,0.0000
2025-12-28 18:14:52,13792,142,6.45,12,0.0070
2025-12-28 18:14:52,13797,143,6.44,12,0.0000
2025-12-28 18:14:52,13801,142,6.45,12,0.0000
2025-12-28 18:14:53,13802,144,6.43,12,0.0000
2025-12-28 18:14:53,13805,147,6.29,12,0.0000
2025-12-28 18:14:53,13809,151,5.92,13,0.0000
2025-12-28 18:14:53,13814,151,5.95,12,0.0066
2025-12-28 18:14:53,13816,152,5.89,12,0.0000
2025-12-28 18:14:53,13819,149,5.98,12,0.0000
2025-12-28 18:14:54,13828,142,6.34,12,0.0000
2025-12-28 18:14:54,13832,139,6.40,12,0.0000
2025-12-28 18:14:54,13835,137,6.51,12,0.0000
2025-12-28 18:14:54,13838,139,6.45,12,0.0072
2025-12-28 18:14:54,13840,140,6.51,12,0.0000
2025-12-28 18:14:54,13843,141,6.55,12,0.0071
2025-12-28 18:14:55,13843,150,6.22,12,0.0000
2025-12-28 18:14:55,13845,151,6.21,12,0.0000
2025-12-28 18:14:55,13856,141,6.48,12,0.0071
2025-12-28 18:14:55,13860,141,6.43,12,0.0000
2025-12-28 18:14:55,13865,140,6.38,12,0.0000
2025-12-28 18:14:55,13870,138,6.51,12,0.0000
2025-12-28 18:14:56,13877,136,6.39,12,0.0000
2025-12-28 18:14:56,13880,135,6.46,12,0.0000
2025-12-28 18:14:56,13883,136,6.57,12,0.0000
2025-12-28 18:14:56,13887,137,6.57,12,0.0000
2025-12-28 18:14:56,13887,141,6.45,12,0.0000
2025-12-28 18:14:56,13890,143,6.43,12,0.0000
2025-12-28 18:14:56,13893,144,6.18,12,0.0000
2025-12-28 18:14:57,13895,144,6.15,12,0.0000
2025-12-28 18:14:57,13899,140,6.25,12,0.0000
2025-12-28 18:14:57,13906,136,6.22,12,0.0000
2025-12-28 18:14:57,13908,136,6.24,12,0.0000
2025-12-28 18:14:57,13909,140,6.09,12,0.0000
2025-12-28 18:14:57,13911,140,6.33,13,0.0000
2025-12-28 18:14:58,13911,143,6.31,12,0.0000
2025-12-28 18:14:58,13916,141,6.51,12,0.0000
2025-12-28 18:14:58,13921,140,6.64,12,0.0000
2025-12-28 18:14:58,13925,138,6.86,12,0.0000
2025-12-28 18:14:58,13927,142,6.58,12,0.0000
2025-12-28 18:14:58,13930,147,6.41,12,0.0000
2025-12-28 18:14:59,13935,148,6.25,12,0.0000
2025-12-28 18:14:59,13938,147,6.22,12,0.0068
2025-12-28 18:14:59,13943,145,6.22,12,0.0000
2025-12-28 18:14:59,13949,146,6.03,12,0.0000
2025-12-28 18:14:59,13952,147,5.99,12,0.0000
2025-12-28 18:14:59,13957,145,6.03,12,0.0000
2025-12-28 18:15:00,13958,146,6.12,12,0.0000
2025-12-28 18:15:00,13964,144,6.19,12,0.0000
2025-12-28 18:15:00,13971,138,6.49,12,0.0000
2025-12-28 18:15:00,13973,139,6.46,12,0.0000
2025-12-28 18:15:00,13977,138,6.57,12,0.0000
2025-12-28 18:15:00,13978,143,6.25,12,0.0000
2025-12-28 18:15:01,13979,144,6.44,12,0.0069
2025-12-28 18:15:01,13984,144,6.39,12,0.0000
2025-12-28 18:15:01,13987,144,6.49,12,0.0000
2025-12-28 18:15:01,13993,144,6.38,12,0.0000
2025-12-28 18:15:01,13997,145,6.41,12,0.0000
2025-12-28 18:15:01,13997,146,6.63,12,0.0068
2025-12-28 18:15:02,13999,148,6.75,12,0.0000
2025-12-28 18:15:02,14001,150,6.75,12,0.0000
2025-12-28 18:15:02,14005,150,6.75,12,0.0000
2025-12-28 18:15:02,14009,150,6.60,12,0.0000
2025-12-28 18:15:02,14014,147,6.90,12,0.0000
2025-12-28 18:15:03,14021,143,6.99,12,0.0000
2025-12-28 18:15:03,14026,141,7.07,12,0.0071
2025-12-28 18:15:03,14029,141,6.99,12,0.0000
2025-12-28 18:15:03,14036,137,7.18,12,0.0000
2025-12-28 18:15:03,14039,138,7.30,12,0.0000
2025-12-28 18:15:03,14041,145,6.79,12,0.0000
2025-12-28 18:15:04,14048,145,6.71,12,0.0069
2025-12-28 18:15:04,14050,150,6.37,12,0.0000
2025-12-28 18:15:04,14055,147,6.65,12,0.0000
2025-12-28 18:15:04,14059,148,6.50,12,0.0000
2025-12-28 18:15:04,14066,145,6.49,12,0.0000
2025-12-28 18:15:04,14069,149,6.35,12,0.0000
2025-12-28 18:15:05,14072,146,6.41,12,0.0000
2025-12-28 18:15:05,14075,149,6.23,12,0.0000
2025-12-28 18:15:05,14078,153,6.03,12,0.0000
2025-12-28 18:15:05,14081,153,6.10,12,0.0000
2025-12-28 18:15:05,14084,155,6.30,12,0.0000
2025-12-28 18:15:05,14085,158,6.40,12,0.0000
2025-12-28 18:15:06,14088,160,6.47,12,0.0000
2025-12-28 18:15:06,14092,160,6.65,13,0.0000
2025-12-28 18:15:06,14093,166,6.45,13,0.0000
2025-12-28 18:15:06,14093,172,6.18,12,0.0000
2025-12-28 18:15:06,14096,174,5.93,12,0.0000
2025-12-28 18:15:07,14102,171,5.94,12,0.0000
2025-12-28 18:15:07,14107,170,6.05,12,0.0000
2025-12-28 18:15:07,14110,171,5.85,12,0.0000
2025-12-28 18:15:07,14114,171,5.89,12,0.0000
2025-12-28 18:15:07,14119,170,5.86,12,0.0000
2025-12-28 18:15:07,14122,170,5.96,12,0.0000
2025-12-28 18:15:08,14128,165,6.25,12,0.0000
2025-12-28 18:15:08,14135,162,6.20,12,0.0000
2025-12-28 18:15:08,14137,163,6.23,12,0.0000
2025-12-28 18:15:08,14141,160,6.34,12,0.0000
2025-12-28 18:15:08,14145,157,6.49,12,0.0000
2025-12-28 18:15:09,14150,153,6.81,12,0.0000
2025-12-28 18:15:09,14155,155,6.57,12,0.0000
2025-12-28 18:15:09,14159,159,6.35,13,0.0000
2025-12-28 18:15:09,14163,157,6.51,12,0.0000
2025-12-28 18:15:09,14166,160,6.37,12,0.0000
2025-12-28 18:15:09,14170,162,6.28,13,0.0000
2025-12-28 18:15:10,14174,159,6.48,12,0.0000
2025-12-28 18:15:10,14176,160,6.58,12,0.0000
2025-12-28 18:15:10,14181,164,6.18,12,0.0000
2025-12-28 18:15:10,14188,161,6.32,12,0.0000
2025-12-28 18:15:10,14193,160,6.41,12,0.0000
2025-12-28 18:15:11,14196,160,6.46,12,0.0000
2025-12-28 18:15:12,14201,160,6.55,12,0.0000
2025-12-28 18:15:13,14208,162,6.40,12,0.0062
2025-12-28 18:15:14,14212,159,6.48,12,0.0000
2025-12-28 18:15:15,14216,160,6.35,12,0.0000
2025-12-28 18:15:16,14220,159,6.36,12,0.0000
2025-12-28 18:15:17,14222,161,6.26,12,0.0000
2025-12-28 18:15:18,14224,163,6.31,12,0.0000
2025-12-28 18:15:19,14230,157,6.64,12,0.0000
2025-12-28 18:15:20,14238,155,6.52,12,0.0000
2025-12-28 18:15:21,14244,151,6.67,12,0.0000
2025-12-28 18:15:22,14244,156,6.51,12,0.0000
2025-12-28 18:15:23,14247,157,6.40,12,0.0000
2025-12-28 18:15:24,14251,159,6.21,12,0.0000
2025-12-28 18:15:25,14255,156,6.24,12,0.0000
2025-12-28 18:15:26,14260,153,6.39,13,0.0000
2025-12-28 18:15:27,14266,155,6.24,12,0.0000
2025-12-28 18:15:28,14272,150,6.48,12,0.0000
2025-12-28 18:15:29,14273,153,6.48,12,0.0000
2025-12-28 18:15:30,14277,152,6.59,13,0.0000
2025-12-28 18:15:31,14279,153,6.59,12,0.0000
2025-12-28 18:15:32,14283,154,6.49,12,0.0000
2025-12-28 18:15:33,14287,153,6.58,12,0.0000
2025-12-28 18:15:34,14293,153,6.44,12,0.0000
2025-12-28 18:15:35,14297,155,6.23,12,0.0000
2025-12-28 18:15:36,14298,159,6.01,12,0.0000
2025-12-28 18:15:37,14303,156,6.03,12,0.0000
2025-12-28 18:15:38,14306,154,6.17,12,0.0000
2025-12-28 18:15:39,14314,149,6.46,12,0.0000
2025-12-28 18:15:40,14317,150,6.45,12,0.0000
2025-12-28 18:15:41,14319,152,6.26,12,0.0000
2025-12-28 18:15:42,14328,146,6.29,12,0.0000
2025-12-28 18:15:43,14331,150,6.17,12,0.0000
2025-12-28 18:15:44,14336,149,6.19,12,0.0000
2025-12-28 18:15:45,14339,147,6.47,12,0.0000
2025-12-28 18:15:46,14344,146,6.62,12,0.0000
2025-12-28 18:15:47,14348,144,6.74,12,0.0000
2025-12-28 18:15:48,14351,142,7.08,13,0.0000
2025-12-28 18:15:49,14353,149,6.68,12,0.0000
2025-12-28 18:15:50,14359,147,6.71,12,0.0000
2025-12-28 18:15:51,14360,150,6.73,12,0.0067
2025-12-28 18:15:52,14362,152,6.55,12,0.0000
2025-12-28 18:15:53,14364,154,6.45,12,0.0000
2025-12-28 18:15:54,14374,150,6.40,12,0.0000
2025-12-28 18:15:55,14377,151,6.37,12,0.0000
2025-12-28 18:15:56,14384,154,5.94,12,0.0000
2025-12-28 18:15:57,14387,153,6.25,12,0.0000
2025-12-28 18:15:58,14393,152,6.28,13,0.0000
2025-12-28 18:15:59,14398,151,6.17,12,0.0000
2025-12-28 18:16:00,14403,149,6.32,12,0.0000
2025-12-28 18:16:01,14408,146,6.45,12,0.0068
2025-12-28 18:16:02,14410,148,6.49,12,0.0000
2025-12-28 18:16:03,14413,149,6.48,12,0.0000
2025-12-28 18:16:04,14417,149,6.36,12,0.0000
2025-12-28 18:16:05,14420,149,6.23,12,0.0000
2025-12-28 18:16:06,14424,148,6.06,12,0.0000
2025-12-28 18:16:07,14429,144,6.34,12,0.0000
2025-12-28 18:16:08,14436,140,6.48,12,0.0000
2025-12-28 18:16:09,14442,140,6.36,12,0.0000
2025-12-28 18:16:10,14444,143,6.30,12,0.0000
2025-12-28 18:16:11,14448,144,6.28,12,0.0069
2025-12-28 18:16:12,14455,140,6.31,12,0.0000
2025-12-28 18:16:12,14460,135,6.49,12,0.0000
2025-12-28 18:16:13,14465,134,6.59,12,0.0000
2025-12-28 18:16:14,14471,132,6.56,12,0.0000
2025-12-28 18:16:15,14478,129,6.82,12,0.0000
2025-12-28 18:16:16,14481,132,6.66,12,0.0000
2025-12-28 18:16:17,14482,137,6.53,12,0.0000
2025-12-28 18:16:18,14483,143,6.07,12,0.0000
2025-12-28 18:16:19,14487,140,6.34,12,0.0000
2025-12-28 18:16:20,14493,136,6.32,12,0.0000
2025-12-28 18:16:21,14496,136,6.43,12,0.0000
2025-12-28 18:16:22,14498,141,6.14,12,0.0000
2025-12-28 18:16:23,14502,141,6.15,12,0.0000
2025-12-28 18:16:24,14504,140,6.40,12,0.0000
2025-12-28 18:16:25,14505,144,6.31,12,0.0000
2025-12-28 18:16:26,14507,143,6.40,12,0.0000
2025-12-28 18:16:27,14514,138,6.68,12,0.0000
2025-12-28 18:16:28,14516,137,6.86,12,0.0000
2025-12-28 18:16:29,14521,135,7.12,12,0.0000
2025-12-28 18:16:30,14524,140,6.69,12,0.0000
2025-12-28 18:16:31,14526,140,6.79,12,0.0000
2025-12-28 18:16:32,14531,142,6.48,12,0.0000
2025-12-28 18:16:33,14534,146,6.21,12,0.0000
2025-12-28 18:16:34,14535,148,6.16,12,0.0000
2025-12-28 18:16:34,14538,148,5.96,12,0.0000
2025-12-28 18:16:34,14541,147,5.92,13,0.0000
2025-12-28 18:16:34,14543,148,5.88,12,0.0000
2025-12-28 18:16:34,14549,142,6.11,12,0.0000
2025-12-28 18:16:35,14552,143,6.11,12,0.0000
2025-12-28 18:16:35,14554,144,6.10,12,0.0000
2025-12-28 18:16:35,14556,146,6.07,13,0.0000
2025-12-28 18:16:35,14559,149,5.79,12,0.0000
2025-12-28 18:16:35,14562,150,5.79,12,0.0000
2025-12-28 18:16:35,14566,147,6.08,12,0.0000
2025-12-28 18:16:36,14570,148,6.05,12,0.0000
2025-12-28 18:16:36,14573,147,6.00,12,0.0000
2025-12-28 18:16:36,14577,144,6.11,12,0.0000
2025-12-28 18:16:36,14583,142,6.22,13,0.0000
2025-12-28 18:16:36,14586,143,6.20,12,0.0000
2025-12-28 18:16:36,14589,142,6.34,12,0.0000
2025-12-28 18:16:37,14593,141,6.25,12,0.0000
2025-12-28 18:16:37,14594,143,6.19,12,0.0000
2025-12-28 18:16:37,14598,140,6.24,12,0.0000
2025-12-28 18:16:37,14601,143,6.17,12,0.0000
2025-12-28 18:16:37,14606,146,5.95,12,0.0000
2025-12-28 18:16:38,14607,149,5.91,12,0.0000
2025-12-28 18:16:38,14609,153,5.88,12,0.0000
2025-12-28 18:16:38,14614,152,5.91,12,0.0000
2025-12-28 18:16:38,14621,151,5.78,12,0.0000
2025-12-28 18:16:38,14629,146,5.86,12,0.0000
2025-12-28 18:16:38,14632,144,5.95,12,0.0000
2025-12-28 18:16:39,14638,141,6.21,12,0.0000
2025-12-28 18:16:39,14640,142,6.26,12,0.0000
2025-12-28 18:16:39,14642,142,6.28,12,0.0000
2025-12-28 18:16:39,14645,143,6.10,12,0.0000
2025-12-28 18:16:39,14648,141,6.10,12,0.0000
2025-12-28 18:16:39,14652,140,6.09,12,0.0000
2025-12-28 18:16:40,14653,142,6.08,12,0.0000
2025-12-28 18:16:40,14656,143,6.13,12,0.0000
2025-12-28 18:16:40,14657,145,6.12,12,0.0000
2025-12-28 18:16:40,14658,146,6.14,12,0.0000
2025-12-28 18:16:40,14660,146,6.11,12,0.0000
2025-12-28 18:16:40,14668,140,6.23,12,0.0000
2025-12-28 18:16:40,14675,135,6.26,12,0.0000
2025-12-28 18:16:41,14677,135,6.46,12,0.0000
2025-12-28 18:16:41,14677,139,6.38,12,0.0000
2025-12-28 18:16:41,14678,144,6.16,12,0.0000
2025-12-28 18:16:41,14680,147,6.11,12,0.0000
2025-12-28 18:16:41,14684,146,6.36,13,0.0000
2025-12-28 18:16:41,14689,144,6.47,12,0.0000
2025-12-28 18:16:42,14692,145,6.68,12,0.0069
2025-12-28 18:16:42,14692,150,6.49,12,0.0000
2025-12-28 18:16:42,14692,152,6.62,12,0.0000
2025-12-28 18:16:42,14694,158,6.40,12,0.0000
2025-12-28 18:16:42,14698,159,6.33,12,0.0000
2025-12-28 18:16:43,14700,163,6.22,12,0.0000
2025-12-28 18:16:43,14705,160,6.54,12,0.0000
2025-12-28 18:16:43,14707,164,6.31,12,0.0000
2025-12-28 18:16:43,14712,162,6.30,12,0.0062
2025-12-28 18:16:43,14717,157,6.60,12,0.0000
2025-12-28 18:16:43,14725,153,6.54,12,0.0000
2025-12-28 18:16:44,14729,152,6.46,12,0.0000
2025-12-28 18:16:44,14731,151,6.67,12,0.0000
2025-12-28 18:16:44,14734,155,6.59,12,0.0000
2025-12-28 18:16:44,14734,159,6.48,12,0.0000
2025-12-28 18:16:44,14740,155,6.53,12,0.0000
2025-12-28 18:16:44,14746,153,6.67,13,0.0000
2025-12-28 18:16:45,14753,150,6.64,12,0.0000
2025-12-28 18:16:45,14755,152,6.64,12,0.0000
2025-12-28 18:16:45,14757,152,6.80,12,0.0066
2025-12-28 18:16:45,14762,153,6.54,12,0.0000
2025-12-28 18:16:45,14765,151,6.69,12,0.0000
2025-12-28 18:16:46,14768,153,6.28,12,0.0000
2025-12-28 18:16:46,14771,158,6.02,12,0.0000
2025-12-28 18:16:46,14776,154,6.16,12,0.0000
2025-12-28 18:16:46,14778,153,6.26,12,0.0000
2025-12-28 18:16:46,14782,151,6.36,12,0.0000
2025-12-28 18:16:46,14784,152,6.21,12,0.0000
2025-12-28 18:16:47,14787,151,6.22,12,0.0000
2025-12-28 18:16:47,14790,153,6.10,12,0.0000
2025-12-28 18:16:47,14792,157,5.85,12,0.0000
2025-12-28 18:16:47,14794,157,5.92,12,0.0000
2025-12-28 18:16:47,14798,156,6.02,12,0.0000
2025-12-28 18:16:47,14802,153,6.29,12,0.0065
2025-12-28 18:16:48,14805,157,6.10,12,0.0000
2025-12-28 18:16:48,14811,152,6.30,12,0.0000
2025-12-28 18:16:48,14813,153,6.33,12,0.0000
2025-12-28 18:16:48,14815,159,6.08,12,0.0000
2025-12-28 18:16:48,14818,158,6.20,12,0.0000
2025-12-28 18:16:48,14821,157,6.32,12,0.0064
2025-12-28 18:16:49,14827,155,6.45,12,0.0000
2025-12-28 18:16:49,14829,157,6.40,12,0.0000
2025-12-28 18:16:49,14835,154,6.40,12,0.0000
2025-12-28 18:16:49,14836,156,6.34,12,0.0000
2025-12-28 18:16:49,14846,149,6.60,12,0.0000
2025-12-28 18:16:50,14851,146,6.72,12,0.0000
2025-12-28 18:16:50,14856,143,6.98,12,0.0000
2025-12-28 18:16:50,14857,144,6.89,12,0.0000
2025-12-28 18:16:50,14863,145,6.72,12,0.0000
2025-12-28 18:16:50,14867,143,6.76,12,0.0000
2025-12-28 18:16:50,14870,147,6.52,12,0.0000
2025-12-28 18:16:50,14876,144,6.68,12,0.0000
2025-12-28 18:16:51,14878,149,6.44,12,0.0000
2025-12-28 18:16:51,14881,150,6.35,12,0.0000
2025-12-28 18:16:51,14883,151,6.31,12,0.0000
2025-12-28 18:16:51,14884,151,6.38,12,0.0000
2025-12-28 18:16:51,14890,150,6.41,12,0.0000
2025-12-28 18:16:52,14891,154,6.21,12,0.0000
2025-12-28 18:16:52,14894,152,6.40,12,0.0000
2025-12-28 18:16:52,14895,157,6.12,12,0.0000
2025-12-28 18:16:52,14901,154,6.32,12,0.0000
2025-12-28 18:16:52,14907,151,6.52,12,0.0000
2025-12-28 18:16:52,14911,148,6.80,13,0.0000
2025-12-28 18:16:53,14916,156,6.19,12,0.0000
2025-12-28 18:16:53,14917,162,5.99,12,0.0000
2025-12-28 18:16:53,14920,161,5.96,12,0.0000
2025-12-28 18:16:53,14927,157,6.03,12,0.0000
2025-12-28 18:16:53,14935,152,6.15,12,0.0000
2025-12-28 18:16:53,14941,150,6.29,13,0.0000
2025-12-28 18:16:54,14947,151,6.13,12,0.0000
2025-12-28 18:16:54,14952,147,6.41,12,0.0000
2025-12-28 18:16:54,14958,146,6.23,12,0.0000
2025-12-28 18:16:54,14964,146,6.18,12,0.0000
2025-12-28 18:16:54,14969,143,6.28,12,0.0000
2025-12-28 18:16:54,14972,142,6.37,12,0.0000
2025-12-28 18:16:55,14977,143,6.09,12,0.0000
2025-12-28 18:16:55,14980,142,6.18,12,0.0000
2025-12-28 18:16:55,14980,144,6.24,12,0.0000
2025-12-28 18:16:55,14986,142,6.25,12,0.0070
2025-12-28 18:16:55,14989,142,6.25,12,0.0000
2025-12-28 18:16:55,14990,142,6.44,12,0.0000
2025-12-28 18:16:56,14991,144,6.28,12,0.0000
2025-12-28 18:16:56,14993,146,6.28,12,0.0000
2025-12-28 18:16:56,14997,144,6.44,12,0.0000
2025-12-28 18:16:56,15001,143,6.40,12,0.0000
2025-12-28 18:16:56,15003,146,6.15,12,0.0000
2025-12-28 18:16:56,15004,148,5.99,12,0.0000
2025-12-28 18:16:57,15011,146,6.01,13,0.0000
2025-12-28 18:16:57,15016,149,5.91,12,0.0000
2025-12-28 18:16:57,15022,147,5.97,12,0.0068
2025-12-28 18:16:57,15027,145,6.12,12,0.0000
2025-12-28 18:16:57,15035,139,6.51,12,0.0000
2025-12-28 18:16:57,15037,141,6.37,12,0.0000
2025-12-28 18:16:58,15039,140,6.47,12,0.0000
2025-12-28 18:16:58,15040,142,6.40,12,0.0000
2025-12-28 18:16:58,15047,139,6.46,12,0.0000
2025-12-28 18:16:58,15049,142,6.24,12,0.0000
2025-12-28 18:16:58,15052,143,6.16,12,0.0000
2025-12-28 18:16:58,15055,141,6.35,12,0.0000
2025-12-28 18:16:59,15057,142,6.52,12,0.0000
2025-12-28 18:16:59,15060,145,6.23,12,0.0000
2025-12-28 18:16:59,15067,140,6.51,12,0.0000
2025-12-28 18:16:59,15072,140,6.40,12,0.0000
2025-12-28 18:16:59,15075,138,6.59,12,0.0000
2025-12-28 18:16:59,15079,136,6.71,12,0.0000
2025-12-28 18:16:59,15083,137,6.58,12,0.0000
2025-12-28 18:17:00,15087,136,6.55,12,0.0074
2025-12-28 18:17:00,15089,136,6.71,12,0.0000
2025-12-28 18:17:00,15092,140,6.39,12,0.0000
2025-12-28 18:17:00,15096,137,6.55,12,0.0000
2025-12-28 18:17:00,15097,140,6.41,12,0.0000
2025-12-28 18:17:00,15097,145,6.23,12,0.0000
2025-12-28 18:17:01,15102,145,6.19,12,0.0000
2025-12-28 18:17:01,15109,141,6.28,12,0.0071
2025-12-28 18:17:01,15114,140,6.39,12,0.0000
2025-12-28 18:17:01,15119,137,6.50,12,0.0000
2025-12-28 18:17:01,15123,134,6.56,12,0.0000
2025-12-28 18:17:01,15123,136,6.53,12,0.0000
2025-12-28 18:17:02,15127,133,6.77,12,0.0000
2025-12-28 18:17:02,15133,133,6.48,12,0.0000
2025-12-28 18:17:02,15134,138,6.24,12,0.0000
2025-12-28 18:17:02,15136,138,6.32,12,0.0000
2025-12-28 18:17:02,15142,136,6.18,12,0.0074
2025-12-28 18:17:02,15143,139,6.20,12,0.0000
2025-12-28 18:17:02,15149,137,6.25,12,0.0000
2025-12-28 18:17:03,15153,136,6.40,12,0.0000
2025-12-28 18:17:03,15155,141,5.99,12,0.0000
2025-12-28 18:17:03,15159,138,6.19,12,0.0000
2025-12-28 18:17:03,15162,137,6.11,12,0.0073
2025-12-28 18:17:03,15165,136,6.26,12,0.0000
2025-12-28 18:17:03,15170,133,6.29,12,0.0000
2025-12-28 18:17:04,15177,128,6.34,12,0.0000
2025-12-28 18:17:04,15181,130,6.41,12,0.0000
2025-12-28 18:17:04,15184,133,6.25,12,0.0000
2025-12-28 18:17:04,15185,137,6.15,12,0.0000
2025-12-28 18:17:04,15189,137,6.09,12,0.0000
2025-12-28 18:17:04,15191,139,5.94,12,0.0000
2025-12-28 18:17:05,15195,139,5.89,12,0.0000
2025-12-28 18:17:05,15200,140,5.77,12,0.0000
2025-12-28 18:17:05,15207,137,5.91,12,0.0000
2025-12-28 18:17:05,15208,138,5.85,12,0.0000
2025-12-28 18:17:05,15214,134,6.16,12,0.0000
2025-12-28 18:17:05,15223,130,6.25,12,0.0077
2025-12-28 18:17:06,15224,132,6.45,12,0.0000
2025-12-28 18:17:06,15224,135,6.37,12,0.0000
2025-12-28 18:17:06,15226,137,6.42,12,0.0000
2025-12-28 18:17:06,15231,134,6.75,12,0.0000
2025-12-28 18:17:06,15239,134,6.58,12,0.0000
2025-12-28 18:17:06,15242,134,6.64,12,0.0000
2025-12-28 18:17:06,15246,134,6.66,12,0.0000
2025-12-28 18:17:07,15247,140,6.39,12,0.0000
2025-12-28 18:17:07,15248,143,6.45,12,0.0000
2025-12-28 18:17:07,15254,139,6.45,12,0.0000
2025-12-28 18:17:07,15261,134,6.49,12,0.0000
2025-12-28 18:17:07,15263,139,6.17,12,0.0000
2025-12-28 18:17:07,15268,139,6.16,12,0.0000
2025-12-28 18:17:08,15269,142,6.17,12,0.0000
2025-12-28 18:17:08,15271,141,6.31,12,0.0000
2025-12-28 18:17:08,15276,141,6.09,12,0.0000
2025-12-28 18:17:08,15280,141,5.92,12,0.0000
2025-12-28 18:17:08,15286,138,6.14,12,0.0000
2025-12-28 18:17:08,15291,134,6.31,12,0.0000
2025-12-28 18:17:09,15297,131,6.28,13,0.0000
2025-12-28 18:17:09,15300,133,6.19,12,0.0000
2025-12-28 18:17:09,15301,135,6.18,12,0.0000
2025-12-28 18:17:09,15305,135,6.23,12,0.0000
2025-12-28 18:17:09,15310,133,6.50,12,0.0000
2025-12-28 18:17:09,15312,134,6.57,12,0.0000
2025-12-28 18:17:09,15315,139,6.18,12,0.0000
2025-12-28 18:17:10,15320,138,6.17,12,0.0000
2025-12-28 18:17:10,15322,139,6.13,12,0.0000
2025-12-28 18:17:10,15336,130,6.13,12,0.0000
2025-12-28 18:17:10,15343,125,6.27,12,0.0000
2025-12-28 18:17:10,15345,127,6.13,12,0.0000
2025-12-28 18:17:10,15348,125,6.42,12,0.0000
2025-12-28 18:17:10,15349,126,6.44,12,0.0000
2025-12-28 18:17:11,15352,127,6.48,12,0.0000
2025-12-28 18:17:11,15354,131,6.15,12,0.0000
2025-12-28 18:17:11,15357,132,5.96,12,0.0000
2025-12-28 18:17:11,15362,129,6.05,12,0.0000
2025-12-28 18:17:11,15364,128,6.36,12,0.0000
2025-12-28 18:17:11,15367,129,6.26,13,0.0000
2025-12-28 18:17:11,15372,128,6.17,12,0.0000
2025-12-28 18:17:12,15374,127,6.24,12,0.0000
2025-12-28 18:17:12,15375,127,6.39,12,0.0000
2025-12-28 18:17:12,15379,130,6.15,12,0.0000
2025-12-28 18:17:12,15384,126,6.40,12,0.0000
2025-12-28 18:17:12,15388,126,6.29,12,0.0000
2025-12-28 18:17:12,15389,128,6.38,12,0.0000
2025-12-28 18:17:12,15394,124,6.57,12,0.0000
2025-12-28 18:17:13,15396,123,6.72,12,0.0000
2025-12-28 18:17:13,15402,120,6.75,12,0.0000
2025-12-28 18:17:13,15405,119,6.76,12,0.0000
2025-12-28 18:17:13,15409,120,6.65,12,0.0000
2025-12-28 18:17:13,15412,122,6.61,12,0.0000
2025-12-28 18:17:13,15413,125,6.42,12,0.0000
2025-12-28 18:17:13,15417,124,6.49,12,0.0000
2025-12-28 18:17:14,15425,123,6.26,12,0.0000
2025-12-28 18:17:14,15430,121,6.21,12,0.0000
2025-12-28 18:17:14,15436,122,5.99,12,0.0000
2025-12-28 18:17:14,15439,122,6.09,12,0.0000
2025-12-28 18:17:14,15442,121,6.32,12,0.0000
2025-12-28 18:17:14,15444,125,6.10,12,0.0000
2025-12-28 18:17:14,15450,123,6.19,12,0.0000
2025-12-28 18:17:15,15454,122,6.32,12,0.0000
2025-12-28 18:17:15,15457,120,6.43,12,0.0000
2025-12-28 18:17:15,15458,121,6.50,12,0.0000
2025-12-28 18:17:15,15459,123,6.54,12,0.0000
2025-12-28 18:17:15,15463,125,6.27,12,0.0000
2025-12-28 18:17:15,15464,130,6.18,12,0.0000
2025-12-28 18:17:15,15464,133,6.30,12,0.0000
2025-12-28 18:17:16,15470,130,6.55,12,0.0000
2025-12-28 18:17:16,15474,129,6.61,12,0.0000
2025-12-28 18:17:16,15475,138,6.22,13,0.0000
2025-12-28 18:17:16,15477,140,6.41,12,0.0071
2025-12-28 18:17:16,15478,142,6.23,12,0.0000
2025-12-28 18:17:16,15481,142,6.41,12,0.0000
2025-12-28 18:17:17,15484,140,6.34,12,0.0000
2025-12-28 18:17:17,15485,142,6.23,12,0.0000
2025-12-28 18:17:17,15487,142,6.34,13,0.0000
2025-12-28 18:17:17,15493,141,6.17,13,0.0071
2025-12-28 18:17:17,15498,141,5.86,12,0.0000
2025-12-28 18:17:17,15502,137,6.00,12,0.0000
2025-12-28 18:17:17,15508,136,6.01,12,0.0000
2025-12-28 18:17:18,15511,138,5.85,12,0.0000
2025-12-28 18:17:18,15515,137,6.07,12,0.0000
2025-12-28 18:17:18,15517,137,6.17,12,0.0000
2025-12-28 18:17:18,15523,132,6.43,12,0.0076
2025-12-28 18:17:18,15524,133,6.35,12,0.0000
2025-12-28 18:17:18,15528,138,5.92,12,0.0000
2025-12-28 18:17:19,15529,139,5.96,12,0.0000
2025-12-28 18:17:19,15532,141,6.01,12,0.0000
2025-12-28 18:17:19,15537,137,6.34,12,0.0000
2025-12-28 18:17:19,15540,137,6.36,13,0.0073
2025-12-28 18:17:19,15543,139,6.32,13,0.0000
2025-12-28 18:17:19,15543,144,6.27,12,0.0000
2025-12-28 18:17:19,15543,147,6.30,12,0.0000
2025-12-28 18:17:20,15551,146,6.28,12,0.0000
2025-12-28 18:17:20,15555,148,6.20,12,0.0000
2025-12-28 18:17:20,15559,147,6.25,12,0.0000
2025-12-28 18:17:20,15563,147,6.20,12,0.0000
2025-12-28 18:17:20,15570,146,6.00,12,0.0000
2025-12-28 18:17:20,15575,143,6.11,12,0.0000
2025-12-28 18:17:21,15581,138,6.21,12,0.0000
2025-12-28 18:17:21,15583,138,6.18,12,0.0000
2025-12-28 18:17:21,15586,139,6.04,12,0.0000
2025-12-28 18:17:21,15589,137,6.18,12,0.0000
2025-12-28 18:17:21,15593,134,6.14,12,0.0000
2025-12-28 18:17:21,15597,132,6.06,12,0.0000
2025-12-28 18:17:22,15601,132,5.98,12,0.0000
2025-12-28 18:17:22,15604,132,5.95,12,0.0000
2025-12-28 18:17:22,15616,120,6.02,12,0.0000
2025-12-28 18:17:22,15620,117,6.40,12,0.0000
2025-12-28 18:17:22,15621,120,6.31,12,0.0000
2025-12-28 18:17:22,15627,115,6.57,12,0.0000
2025-12-28 18:17:22,15632,114,6.62,12,0.0000
2025-12-28 18:17:22,15637,115,6.37,12,0.0000
2025-12-28 18:17:23,15638,117,6.36,12,0.0000
2025-12-28 18:17:23,15643,117,6.33,12,0.0000
2025-12-28 18:17:23,15644,117,6.55,12,0.0000
2025-12-28 18:17:23,15646,122,6.27,12,0.0000
2025-12-28 18:17:23,15651,122,6.30,12,0.0000
2025-12-28 18:17:23,15653,122,6.60,12,0.0000
2025-12-28 18:17:23,15659,121,6.59,12,0.0000
2025-12-28 18:17:24,15660,123,6.62,12,0.0000
2025-12-28 18:17:24,15662,126,6.52,12,0.0000
2025-12-28 18:17:24,15664,129,6.45,12,0.0000
2025-12-28 18:17:24,15666,130,6.60,12,0.0000
2025-12-28 18:17:24,15668,133,6.34,12,0.0000
2025-12-28 18:17:24,15675,131,6.21,12,0.0000
2025-12-28 18:17:24,15677,131,6.19,12,0.0000
2025-12-28 18:17:25,15683,128,6.27,12,0.0000
2025-12-28 18:17:25,15688,127,6.48,12,0.0000
2025-12-28 18:17:25,15691,130,6.29,12,0.0000
2025-12-28 18:17:25,15695,131,6.28,12,0.0000
2025-12-28 18:17:25,15697,132,6.34,12,0.0000
2025-12-28 18:17:25,15699,132,6.58,12,0.0000
2025-12-28 18:17:25,15701,135,6.52,12,0.0000
2025-12-28 18:17:26,15705,133,6.71,12,0.0000
2025-12-28 18:17:26,15709,135,6.50,12,0.0000
2025-12-28 18:17:26,15713,135,6.40,12,0.0000
2025-12-28 18:17:26,15714,141,6.08,12,0.0000
2025-12-28 18:17:26,15716,141,6.25,12,0.0000
2025-12-28 18:17:26,15721,138,6.35,12,0.0000
2025-12-28 18:17:27,15727,135,6.50,12,0.0000
2025-12-28 18:17:27,15728,137,6.50,12,0.0000
2025-12-28 18:17:27,15729,142,6.18,12,0.0000
2025-12-28 18:17:27,15736,138,6.41,12,0.0000
2025-12-28 18:17:27,15737,141,6.06,12,0.0000
2025-12-28 18:17:27,15740,138,6.18,12,0.0000
2025-12-28 18:17:28,15748,131,6.38,12,0.0000
2025-12-28 18:17:28,15752,136,6.23,12,0.0000
2025-12-28 18:17:28,15755,136,6.32,12,0.0000
2025-12-28 18:17:28,15756,138,6.26,12,0.0000
2025-12-28 18:17:28,15758,138,6.36,12,0.0072
2025-12-28 18:17:28,15765,132,6.61,12,0.0000
2025-12-28 18:17:29,15767,137,6.26,12,0.0000
2025-12-28 18:17:29,15768,138,6.27,12,0.0000
2025-12-28 18:17:29,15770,140,6.19,12,0.0000
2025-12-28 18:17:29,15770,142,6.08,12,0.0000
2025-12-28 18:17:29,15777,138,6.11,12,0.0000
2025-12-28 18:17:29,15782,136,6.01,12,0.0000
2025-12-28 18:17:30,15788,133,5.99,12,0.0000
2025-12-28 18:17:30,15795,129,6.21,12,0.0000
2025-12-28 18:17:30,15797,130,6.22,12,0.0000
2025-12-28 18:17:30,15801,130,6.11,12,0.0000
2025-12-28 18:17:30,15803,128,6.39,12,0.0000
2025-12-28 18:17:30,15804,130,6.23,12,0.0000
2025-12-28 18:17:30,15810,126,6.30,12,0.0000
2025-12-28 18:17:31,15813,126,6.33,12,0.0000
2025-12-28 18:17:31,15814,126,6.53,12,0.0000
2025-12-28 18:17:31,15815,131,6.22,12,0.0000
2025-12-28 18:17:31,15818,133,6.28,12,0.0075
2025-12-28 18:17:31,15820,137,6.28,12,0.0000
2025-12-28 18:17:31,15824,135,6.30,12,0.0000
2025-12-28 18:17:32,15827,133,6.43,12,0.0000
2025-12-28 18:17:32,15832,131,6.37,12,0.0076
2025-12-28 18:17:32,15834,133,6.22,12,0.0000
2025-12-28 18:17:32,15838,130,6.39,12,0.0000
2025-12-28 18:17:32,15842,129,6.36,12,0.0000
2025-12-28 18:17:32,15848,126,6.44,12,0.0000
2025-12-28 18:17:33,15852,126,6.39,12,0.0000
2025-12-28 18:17:33,15853,131,6.33,12,0.0000
2025-12-28 18:17:33,15856,132,6.41,12,0.0000
2025-12-28 18:17:33,15858,134,6.37,12,0.0000
2025-12-28 18:17:33,15858,137,6.56,12,0.0000
2025-12-28 18:17:34,15860,137,6.74,12,0.0000
2025-12-28 18:17:34,15869,131,6.98,12,0.0000
2025-12-28 18:17:34,15878,125,7.18,12,0.0000
2025-12-28 18:17:34,15880,129,7.09,13,0.0000
2025-12-28 18:17:34,15881,132,6.94,12,0.0000
2025-12-28 18:17:34,15886,131,6.84,12,0.0000
2025-12-28 18:17:34,15886,136,6.62,12,0.0074
2025-12-28 18:17:35,15892,132,6.65,12,0.0000
2025-12-28 18:17:35,15896,133,6.62,12,0.0000
2025-12-28 18:17:35,15902,130,6.80,12,0.0000
2025-12-28 18:17:35,15906,128,6.78,12,0.0000
2025-12-28 18:17:35,15911,126,6.94,12,0.0079
2025-12-28 18:17:35,15914,125,7.12,12,0.0000
2025-12-28 18:17:36,15918,131,6.70,12,0.0000
2025-12-28 18:17:36,15918,137,6.52,12,0.0000
2025-12-28 18:17:36,15919,140,6.49,12,0.0000
2025-12-28 18:17:36,15922,141,6.40,12,0.0000
2025-12-28 18:17:36,15925,140,6.51,12,0.0000
2025-12-28 18:17:36,15929,138,6.65,12,0.0000
2025-12-28 18:17:37,15934,135,6.64,12,0.0000
2025-12-28 18:17:37,15938,133,6.75,12,0.0075
2025-12-28 18:17:37,15941,136,6.53,12,0.0000
2025-12-28 18:17:37,15943,138,6.38,12,0.0000
2025-12-28 18:17:37,15947,138,6.40,12,0.0072
2025-12-28 18:17:37,15949,140,6.26,12,0.0000
2025-12-28 18:17:38,15951,142,6.34,12,0.0070
2025-12-28 18:17:38,15952,143,6.39,12,0.0000
2025-12-28 18:17:38,15955,146,6.12,12,0.0000
2025-12-28 18:17:38,15961,142,6.16,12,0.0070
2025-12-28 18:17:38,15965,141,5.86,12,0.0071
2025-12-28 18:17:38,15971,137,5.93,12,0.0000
2025-12-28 18:17:39,15974,137,5.97,12,0.0000
2025-12-28 18:17:39,15981,131,6.15,12,0.0000
2025-12-28 18:17:39,15984,133,5.95,12,0.0000
2025-12-28 18:17:39,15987,131,6.08,12,0.0000
2025-12-28 18:17:39,15988,131,6.09,12,0.0076
2025-12-28 18:17:39,15996,128,6.09,12,0.0000
2025-12-28 18:17:39,16000,125,6.17,12,0.0080
2025-12-28 18:17:40,16000,128,6.20,12,0.0000
2025-12-28 18:17:40,16003,129,6.16,12,0.0000
2025-12-28 18:17:40,16005,129,6.40,12,0.0000
2025-12-28 18:17:40,16007,129,6.43,12,0.0000
2025-12-28 18:17:40,16012,128,6.31,12,0.0000
2025-12-28 18:17:40,16015,129,6.29,12,0.0000
2025-12-28 18:17:41,16021,123,6.64,12,0.0081
2025-12-28 18:17:41,16023,125,6.62,12,0.0000
2025-12-28 18:17:41,16027,124,6.81,12,0.0081
2025-12-28 18:17:41,16031,125,6.76,12,0.0000
2025-12-28 18:17:41,16033,128,6.69,12,0.0000
2025-12-28 18:17:41,16039,129,6.66,12,0.0000
2025-12-28 18:17:41,16043,130,6.62,12,0.0000
2025-12-28 18:17:42,16045,132,6.62,12,0.0000
2025-12-28 18:17:42,16047,134,6.72,12,0.0000
2025-12-28 18:17:42,16050,136,6.65,12,0.0000
2025-12-28 18:17:42,16052,138,6.54,12,0.0000
2025-12-28 18:17:42,16054,140,6.58,12,0.0000
2025-12-28 18:17:42,16055,144,6.47,13,0.0000
2025-12-28 18:17:43,16056,146,6.46,12,0.0000
2025-12-28 18:17:43,16063,144,6.58,12,0.0000
2025-12-28 18:17:43,16068,142,6.77,12,0.0000
2025-12-28 18:17:43,16069,145,6.78,12,0.0000
2025-12-28 18:17:43,16072,145,6.82,12,0.0000
2025-12-28 18:17:44,16075,149,6.56,12,0.0000
2025-12-28 18:17:44,16078,149,6.60,12,0.0000
2025-12-28 18:17:44,16083,148,6.59,12,0.0000
2025-12-28 18:17:44,16087,146,6.90,12,0.0000
2025-12-28 18:17:44,16093,147,6.88,12,0.0000
2025-12-28 18:17:44,16094,149,6.92,12,0.0000
2025-12-28 18:17:45,16096,154,6.61,12,0.0000
2025-12-28 18:17:45,16105,152,6.66,12,0.0000
2025-12-28 18:17:45,16109,151,6.64,12,0.0000
2025-12-28 18:17:45,16110,154,6.66,12,0.0000
2025-12-28 18:17:45,16112,156,6.62,13,0.0000
2025-12-28 18:17:45,16114,159,6.58,12,0.0063
2025-12-28 18:17:46,16117,160,6.57,12,0.0063
2025-12-28 18:17:46,16120,160,6.74,13,0.0125
2025-12-28 18:17:46,16122,163,6.61,12,0.0061
2025-12-28 18:17:46,16125,162,6.47,12,0.0062
2025-12-28 18:17:46,16130,160,6.45,12,0.0000
2025-12-28 18:17:47,16137,157,6.37,12,0.0000
2025-12-28 18:17:47,16143,155,6.32,12,0.0000
2025-12-28 18:17:47,16149,153,6.29,12,0.0000
2025-12-28 18:17:47,16151,152,6.38,12,0.0066
2025-12-28 18:17:47,16157,151,6.43,12,0.0000
2025-12-28 18:17:48,16165,145,6.71,12,0.0000
2025-12-28 18:17:48,16168,142,6.91,12,0.0070
2025-12-28 18:17:48,16171,144,6.57,12,0.0000
2025-12-28 18:17:48,16176,142,6.56,12,0.0000
2025-12-28 18:17:48,16181,142,6.46,12,0.0000
2025-12-28 18:17:48,16183,143,6.60,12,0.0000
2025-12-28 18:17:49,16185,144,6.69,12,0.0000
2025-12-28 18:17:49,16191,139,6.94,12,0.0000
2025-12-28 18:17:49,16192,142,6.87,12,0.0000
2025-12-28 18:17:49,16195,147,6.55,12,0.0000
2025-12-28 18:17:49,16198,148,6.62,12,0.0000
2025-12-28 18:17:49,16199,150,6.76,12,0.0000
2025-12-28 18:17:50,16202,153,6.58,12,0.0000
2025-12-28 18:17:50,16204,155,6.45,12,0.0000
2025-12-28 18:17:50,16209,152,6.43,12,0.0000
2025-12-28 18:17:50,16214,152,6.44,12,0.0000
2025-12-28 18:17:50,16218,149,6.81,13,0.0000
2025-12-28 18:17:50,16220,152,6.75,12,0.0000
2025-12-28 18:17:51,16226,150,6.89,13,0.0000
2025-12-28 18:17:51,16232,150,6.80,12,0.0000
2025-12-28 18:17:51,16241,145,6.91,13,0.0000
2025-12-28 18:17:51,16243,150,6.56,13,0.0000
2025-12-28 18:17:51,16247,155,6.37,12,0.0000
2025-12-28 18:17:51,16254,154,6.43,13,0.0000
2025-12-28 18:17:52,16255,157,6.45,12,0.0000
2025-12-28 18:17:52,16261,157,6.32,12,0.0000
2025-12-28 18:17:52,16268,157,6.30,12,0.0064
2025-12-28 18:17:52,16275,153,6.46,13,0.0000
2025-12-28 18:17:52,16280,153,6.41,12,0.0000
2025-12-28 18:17:53,16283,154,6.27,12,0.0000
2025-12-28 18:17:53,16290,150,6.39,12,0.0000
2025-12-28 18:17:53,16293,151,6.49,12,0.0000
2025-12-28 18:17:53,16296,151,6.58,12,0.0000
2025-12-28 18:17:53,16299,152,6.59,12,0.0000
2025-12-28 18:17:53,16301,154,6.50,12,0.0000
2025-12-28 18:17:54,16305,154,6.50,12,0.0000
2025-12-28 18:17:54,16307,154,6.68,12,0.0000
2025-12-28 18:17:54,16314,151,6.77,12,0.0000
2025-12-28 18:17:54,16315,155,6.73,12,0.0000
2025-12-28 18:17:54,16317,158,6.54,12,0.0000
2025-12-28 18:17:55,16321,159,6.53,12,0.0000
2025-12-28 18:17:55,16323,159,6.73,12,0.0000
2025-12-28 18:17:55,16327,161,6.72,12,0.0000
2025-12-28 18:17:55,16329,165,6.50,12,0.0000
2025-12-28 18:17:55,16336,162,6.40,12,0.0000
2025-12-28 18:17:56,16342,158,6.53,12,0.0000
2025-12-28 18:17:56,16347,155,6.69,12,0.0065
2025-12-28 18:17:56,16351,157,6.41,12,0.0000
2025-12-28 18:17:56,16356,158,6.40,13,0.0000
2025-12-28 18:17:56,16361,159,6.26,12,0.0000
2025-12-28 18:17:56,16367,155,6.44,12,0.0000
2025-12-28 18:17:57,16372,155,6.45,12,0.0000
2025-12-28 18:17:57,16375,157,6.38,12,0.0000
2025-12-28 18:17:57,16379,160,6.29,13,0.0000
2025-12-28 18:17:57,16381,162,6.25,12,0.0062
2025-12-28 18:17:57,16385,162,6.37,12,0.0000
2025-12-28 18:17:58,16390,158,6.57,12,0.0063
2025-12-28 18:17:58,16394,158,6.54,12,0.0000
2025-12-28 18:17:58,16398,160,6.46,12,0.0000
2025-12-28 18:17:58,16403,159,6.45,12,0.0000
2025-12-28 18:17:58,16406,160,6.33,12,0.0000
2025-12-28 18:17:59,16411,158,6.48,12,0.0000
2025-12-28 18:17:59,16414,155,6.57,12,0.0000
2025-12-28 18:17:59,16421,154,6.62,12,0.0065
2025-12-28 18:17:59,16424,155,6.59,12,0.0000
2025-12-28 18:17:59,16426,154,6.72,12,0.0000
2025-12-28 18:17:59,16432,151,6.75,12,0.0000
2025-12-28 18:18:00,16435,151,6.78,12,0.0000
2025-12-28 18:18:00,16441,146,6.94,12,0.0000
2025-12-28 18:18:00,16444,154,6.52,12,0.0000
2025-12-28 18:18:00,16449,156,6.51,12,0.0000
2025-12-28 18:18:00,16454,157,6.24,12,0.0000
2025-12-28 18:18:01,16458,154,6.29,12,0.0000
2025-12-28 18:18:01,16463,153,6.26,13,0.0000
2025-12-28 18:18:01,16469,151,6.26,12,0.0000
2025-12-28 18:18:01,16471,156,6.13,12,0.0000
2025-12-28 18:18:01,16475,154,6.19,13,0.0000
2025-12-28 18:18:01,16483,151,6.14,12,0.0000
2025-12-28 18:18:02,16489,148,6.28,12,0.0000
2025-12-28 18:18:02,16492,148,6.42,12,0.0000
2025-12-28 18:18:02,16496,151,6.30,12,0.0000
2025-12-28 18:18:02,16498,153,6.32,12,0.0000
2025-12-28 18:18:02,16500,156,6.33,12,0.0000
2025-12-28 18:18:02,16502,160,6.19,12,0.0000
2025-12-28 18:18:03,16507,160,6.03,12,0.0000
2025-12-28 18:18:03,16510,159,6.11,12,0.0000
2025-12-28 18:18:03,16515,158,6.01,12,0.0000
2025-12-28 18:18:03,16521,152,6.30,12,0.0000
2025-12-28 18:18:03,16524,152,6.33,12,0.0066
2025-12-28 18:18:04,16527,152,6.33,12,0.0000
2025-12-28 18:18:04,16531,150,6.35,12,0.0000
2025-12-28 18:18:04,16538,145,6.48,12,0.0000
2025-12-28 18:18:04,16544,143,6.28,12,0.0000
2025-12-28 18:18:04,16545,143,6.41,12,0.0000
2025-12-28 18:18:04,16545,145,6.42,12,0.0000
2025-12-28 18:18:05,16553,139,6.74,12,0.0000
2025-12-28 18:18:05,16554,140,6.74,12,0.0000
2025-12-28 18:18:05,16559,139,6.66,12,0.0000
2025-12-28 18:18:05,16561,140,6.46,12,0.0000
2025-12-28 18:18:05,16564,139,6.65,12,0.0000
2025-12-28 18:18:05,16571,140,6.36,12,0.0000
2025-12-28 18:18:06,16573,143,6.24,12,0.0000
2025-12-28 18:18:06,16578,140,6.44,12,0.0000
2025-12-28 18:18:06,16579,147,6.03,12,0.0000
2025-12-28 18:18:06,16585,143,6.29,13,0.0000
2025-12-28 18:18:06,16590,145,6.01,12,0.0000
2025-12-28 18:18:06,16593,147,5.90,13,0.0000
2025-12-28 18:18:07,16598,144,6.01,12,0.0000
2025-12-28 18:18:07,16603,141,6.20,12,0.0000
2025-12-28 18:18:07,16606,143,6.16,12,0.0000
2025-12-28 18:18:07,16606,145,6.18,12,0.0000
2025-12-28 18:18:07,16610,146,6.10,13,0.0000
2025-12-28 18:18:07,16615,142,6.25,12,0.0000
2025-12-28 18:18:08,16616,145,6.35,12,0.0000
2025-12-28 18:18:08,16620,146,6.23,12,0.0000
2025-12-28 18:18:08,16622,146,6.35,12,0.0000
2025-12-28 18:18:08,16623,146,6.50,13,0.0000
2025-12-28 18:18:08,16627,146,6.51,12,0.0000
2025-12-28 18:18:08,16628,149,6.40,12,0.0000
2025-12-28 18:18:09,16631,149,6.36,13,0.0000
2025-12-28 18:18:09,16638,148,6.43,12,0.0000
2025-12-28 18:18:09,16639,152,6.29,12,0.0000
2025-12-28 18:18:09,16642,153,6.22,12,0.0000
2025-12-28 18:18:09,16645,152,6.34,12,0.0000
2025-12-28 18:18:09,16647,152,6.33,12,0.0000
2025-12-28 18:18:10,16654,150,6.24,12,0.0000
2025-12-28 18:18:10,16659,145,6.77,12,0.0000
2025-12-28 18:18:10,16663,146,6.87,13,0.0000
2025-12-28 18:18:10,16664,153,6.49,12,0.0000
2025-12-28 18:18:10,16665,157,6.47,12,0.0000
2025-12-28 18:18:10,16671,155,6.52,12,0.0000
2025-12-28 18:18:11,16676,155,6.45,12,0.0000
2025-12-28 18:18:11,16680,154,6.55,12,0.0000
2025-12-28 18:18:11,16682,156,6.56,12,0.0000
2025-12-28 18:18:11,16691,151,6.75,13,0.0066
2025-12-28 18:18:11,16695,150,6.84,12,0.0000
2025-12-28 18:18:11,16699,151,6.78,12,0.0000
2025-12-28 18:18:12,16702,152,6.64,12,0.0000
2025-12-28 18:18:12,16709,148,6.77,12,0.0000
2025-12-28 18:18:12,16713,149,6.55,12,0.0000
2025-12-28 18:18:12,16715,153,6.39,12,0.0000
2025-12-28 18:18:12,16716,156,6.26,12,0.0000
2025-12-28 18:18:13,16718,157,6.26,12,0.0000
2025-12-28 18:18:13,16721,159,6.23,12,0.0000
2025-12-28 18:18:13,16727,154,6.57,12,0.0000
2025-12-28 18:18:13,16729,157,6.44,12,0.0000
2025-12-28 18:18:13,16736,152,6.64,12,0.0000
2025-12-28 18:18:13,16739,152,6.53,12,0.0000
2025-12-28 18:18:14,16741,154,6.59,12,0.0000
2025-12-28 18:18:14,16744,156,6.37,12,0.0000
2025-12-28 18:18:14,16749,153,6.65,12,0.0000
2025-12-28 18:18:14,16751,152,6.86,12,0.0000
2025-12-28 18:18:14,16756,153,6.83,12,0.0000
2025-12-28 18:18:14,16759,152,6.81,12,0.0000
2025-12-28 18:18:15,16761,157,6.45,12,0.0000
2025-12-28 18:18:15,16766,152,6.80,12,0.0000
2025-12-28 18:18:15,16767,154,6.62,12,0.0000
2025-12-28 18:18:15,16774,151,6.52,12,0.0000
2025-12-28 18:18:15,16777,153,6.36,12,0.0000
2025-12-28 18:18:16,16783,150,6.45,12,0.0000
2025-12-28 18:18:16,16788,152,6.18,12,0.0000
2025-12-28 18:18:16,16792,149,6.17,12,0.0000
2025-12-28 18:18:16,16795,148,6.39,12,0.0000
2025-12-28 18:18:16,16799,149,6.31,12,0.0000
2025-12-28 18:18:16,16800,150,6.36,12,0.0000
2025-12-28 18:18:17,16804,148,6.49,12,0.0000
2025-12-28 18:18:17,16810,147,6.39,12,0.0000
2025-12-28 18:18:17,16811,149,6.39,12,0.0000
2025-12-28 18:18:17,16813,149,6.62,12,0.0000
2025-12-28 18:18:17,16818,149,6.68,12,0.0000
2025-12-28 18:18:17,16825,145,6.87,12,0.0000
2025-12-28 18:18:18,16828,145,6.92,12,0.0000
2025-12-28 18:18:18,16831,150,6.55,12,0.0000
2025-12-28 18:18:18,16832,154,6.45,12,0.0000
2025-12-28 18:18:18,16832,158,6.36,13,0.0000
2025-12-28 18:18:18,16834,164,6.18,12,0.0000
2025-12-28 18:18:19,16835,165,6.28,12,0.0000
2025-12-28 18:18:19,16840,168,6.11,12,0.0000
2025-12-28 18:18:19,16848,162,6.22,12,0.0000
2025-12-28 18:18:19,16854,163,6.05,12,0.0000
2025-12-28 18:18:19,16861,159,6.21,12,0.0000
2025-12-28 18:18:20,16863,160,6.19,12,0.0000
2025-12-28 18:18:20,16868,162,6.04,12,0.0000
2025-12-28 18:18:20,16874,158,6.38,12,0.0000
2025-12-28 18:18:20,16881,152,6.61,12,0.0000
2025-12-28 18:18:20,16885,151,6.54,13,0.0000
2025-12-28 18:18:20,16889,152,6.50,12,0.0000
2025-12-28 18:18:21,16895,148,6.72,12,0.0000
2025-12-28 18:18:21,16897,150,6.56,12,0.0000
2025-12-28 18:18:21,16902,149,6.69,13,0.0000
2025-12-28 18:18:21,16905,152,6.45,12,0.0000
2025-12-28 18:18:21,16909,153,6.48,12,0.0000
2025-12-28 18:18:22,16909,157,6.39,12,0.0000
2025-12-28 18:18:22,16912,156,6.52,12,0.0000
2025-12-28 18:18:22,16914,161,6.21,12,0.0000
2025-12-28 18:18:22,16919,159,6.26,12,0.0000
2025-12-28 18:18:22,16919,164,6.20,12,0.0000
2025-12-28 18:18:23,16925,162,6.41,13,0.0000
2025-12-28 18:18:23,16929,165,6.27,12,0.0000
2025-12-28 18:18:23,16935,163,6.33,12,0.0000
2025-12-28 18:18:23,16937,165,6.35,12,0.0000
2025-12-28 18:18:23,16940,170,6.16,12,0.0000
2025-12-28 18:18:23,16944,168,6.13,12,0.0000
2025-12-28 18:18:24,16946,170,6.05,12,0.0000
2025-12-28 18:18:24,16950,169,6.04,12,0.0000
2025-12-28 18:18:24,16954,168,6.09,12,0.0000
2025-12-28 18:18:24,16959,166,6.01,12,0.0000
2025-12-28 18:18:24,16963,164,6.13,12,0.0000
2025-12-28 18:18:25,16967,165,5.98,13,0.0000
2025-12-28 18:18:25,16972,163,6.06,12,0.0000
2025-12-28 18:18:25,16976,164,5.96,12,0.0000
2025-12-28 18:18:25,16979,164,6.07,12,0.0000
2025-12-28 18:18:25,16983,163,6.05,12,0.0000
2025-12-28 18:18:26,16986,167,5.93,12,0.0000
2025-12-28 18:18:26,16989,168,6.04,12,0.0000
2025-12-28 18:18:26,16995,166,6.11,12,0.0000
2025-12-28 18:18:26,16996,167,6.10,12,0.0000
2025-12-28 18:18:26,16999,167,6.03,12,0.0000
2025-12-28 18:18:27,17006,165,5.87,12,0.0000
2025-12-28 18:18:27,17010,168,5.68,12,0.0000
2025-12-28 18:18:27,17011,169,5.75,12,0.0000
2025-12-28 18:18:27,17016,166,5.96,12,0.0000
2025-12-28 18:18:27,17020,166,5.96,12,0.0000
2025-12-28 18:18:28,17024,163,6.28,12,0.0000
2025-12-28 18:18:28,17027,166,6.27,13,0.0000
2025-12-28 18:18:28,17034,165,6.41,12,0.0000
2025-12-28 18:18:28,17036,169,6.32,12,0.0000
2025-12-28 18:18:28,17043,169,6.30,12,0.0000
2025-12-28 18:18:29,17047,167,6.50,12,0.0000
2025-12-28 18:18:29,17050,172,6.28,12,0.0000
2025-12-28 18:18:29,17055,173,6.39,12,0.0000
2025-12-28 18:18:29,17060,175,6.39,12,0.0000
2025-12-28 18:18:29,17063,175,6.55,12,0.0000
2025-12-28 18:18:30,17063,179,6.51,12,0.0000
2025-12-28 18:18:30,17066,186,6.16,12,0.0000
2025-12-28 18:18:30,17071,184,6.29,12,0.0000
2025-12-28 18:18:30,17074,188,6.07,12,0.0000
2025-12-28 18:18:31,17081,184,6.17,12,0.0000
2025-12-28 18:18:31,17088,184,6.14,12,0.0000
2025-12-28 18:18:31,17097,180,6.16,12,0.0000
2025-12-28 18:18:31,17103,180,6.14,12,0.0000
2025-12-28 18:18:31,17107,180,5.98,12,0.0000
2025-12-28 18:18:32,17117,171,6.14,12,0.0000
2025-12-28 18:18:32,17122,172,6.10,13,0.0000
2025-12-28 18:18:32,17130,170,6.24,12,0.0000
2025-12-28 18:18:32,17132,170,6.45,12,0.0000
2025-12-28 18:18:33,17134,170,6.48,12,0.0000
2025-12-28 18:18:33,17136,176,6.26,12,0.0000
2025-12-28 18:18:33,17141,174,6.33,12,0.0000
2025-12-28 18:18:33,17143,179,6.19,12,0.0000
2025-12-28 18:18:33,17146,180,6.14,12,0.0000
2025-12-28 18:18:34,17148,181,6.27,12,0.0000
2025-12-28 18:18:34,17151,183,6.28,12,0.0000
2025-12-28 18:18:34,17156,181,6.36,12,0.0000
2025-12-28 18:18:34,17158,182,6.46,12,0.0000
2025-12-28 18:18:35,17161,184,6.48,12,0.0000
2025-12-28 18:18:35,17167,183,6.56,12,0.0000
2025-12-28 18:18:35,17170,183,6.70,12,0.0000
2025-12-28 18:18:35,17175,184,6.70,13,0.0000
2025-12-28 18:18:35,17181,183,6.56,12,0.0000
2025-12-28 18:18:36,17185,181,6.76,12,0.0000
2025-12-28 18:18:36,17188,185,6.66,12,0.0000
2025-12-28 18:18:36,17192,188,6.44,12,0.0000
2025-12-28 18:18:36,17195,189,6.33,12,0.0000
2025-12-28 18:18:37,17201,188,6.31,12,0.0000
2025-12-28 18:18:37,17207,183,6.60,12,0.0000
2025-12-28 18:18:37,17213,180,6.72,12,0.0000
2025-12-28 18:18:37,17215,184,6.62,12,0.0000
2025-12-28 18:18:37,17220,187,6.49,12,0.0000
2025-12-28 18:18:38,17220,193,6.41,12,0.0000
2025-12-28 18:18:38,17225,195,6.35,12,0.0000
2025-12-28 18:18:38,17230,197,6.31,12,0.0000
2025-12-28 18:18:38,17233,199,6.32,12,0.0050
2025-12-28 18:18:39,17244,194,6.44,13,0.0000
2025-12-28 18:18:39,17247,195,6.44,12,0.0000
2025-12-28 18:18:39,17256,191,6.44,12,0.0000
2025-12-28 18:18:39,17261,189,6.50,12,0.0000
2025-12-28 18:18:40,17266,190,6.43,12,0.0000
2025-12-28 18:18:40,17272,187,6.56,12,0.0000
2025-12-28 18:18:40,17276,186,6.38,13,0.0000
2025-12-28 18:18:40,17280,184,6.52,12,0.0000
2025-12-28 18:18:40,17285,183,6.45,12,0.0000
2025-12-28 18:18:41,17292,182,6.46,12,0.0000
2025-12-28 18:18:41,17298,181,6.56,12,0.0000
2025-12-28 18:18:41,17302,183,6.58,13,0.0000
2025-12-28 18:18:41,17308,180,6.77,12,0.0000
2025-12-28 18:18:42,17310,182,6.73,12,0.0000
2025-12-28 18:22:00,53,147,1.17,3,0.2653
2025-12-28 18:22:01,133,67,1.33,3,0.0746
2025-12-28 18:22:02,166,34,1.41,3,0.0882
2025-12-28 18:22:03,189,11,1.55,4,0.1818
2025-12-28 18:22:04,198,12,1.08,4,0.1667
2025-12-28 18:22:05,204,16,1.19,4,0.1875
2025-12-28 18:22:05,207,13,1.23,4,0.2308
2025-12-28 18:22:05,216,14,1.21,4,0.0000
2025-12-28 18:22:05,220,10,1.10,4,0.2000
2025-12-28 18:22:05,226,14,1.14,4,0.1429
2025-12-28 18:22:05,231,19,1.16,4,0.2632
2025-12-28 18:22:05,237,13,1.15,4,0.0769
2025-12-28 18:22:05,243,17,1.24,4,0.1176
2025-12-28 18:22:05,247,13,1.46,4,0.0000
2025-12-28 18:22:05,252,18,1.50,5,0.0556
2025-12-28 18:22:05,254,16,1.56,6,0.1250
2025-12-28 18:22:05,264,16,1.50,6,0.1875
2025-12-28 18:22:05,269,11,2.00,6,0.0909
2025-12-28 18:22:05,275,15,1.67,6,0.2667
2025-12-28 18:22:05,279,11,1.82,7,0.2727
2025-12-28 18:22:05,283,17,1.47,7,0.0588
2025-12-28 18:22:05,287,13,1.69,7,0.0769
2025-12-28 18:22:05,293,17,1.59,7,0.2353
2025-12-28 18:22:05,300,10,2.10,7,0.3000
2025-12-28 18:22:05,303,17,1.71,7,0.1765
2025-12-28 18:22:05,306,14,2.00,7,0.1429
2025-12-28 18:22:05,314,16,1.62,7,0.1875
2025-12-28 18:22:05,319,11,1.91,7,0.1818
2025-12-28 18:22:05,322,18,1.67,7,0.0556
2025-12-28 18:22:05,328,12,1.92,7,0.0833
2025-12-28 18:22:05,333,17,1.65,7,0.2353
2025-12-28 18:22:05,343,17,1.65,7,0.1176
2025-12-28 18:22:06,346,14,2.07,8,0.0714
2025-12-28 18:22:06,349,11,2.55,9,0.0909
2025-12-28 18:22:06,357,13,1.38,9,0.1538
2025-12-28 18:22:06,362,18,1.22,9,0.1111
2025-12-28 18:22:06,364,16,1.25,9,0.0625
2025-12-28 18:22:06,373,17,1.41,9,0.2353
2025-12-28 18:22:06,378,12,1.50,9,0.1667
2025-12-28 18:22:06,385,15,1.47,9,0.1333
2025-12-28 18:22:06,385,15,1.67,9,0.0667
2025-12-28 18:22:06,391,19,1.37,9,0.1579
2025-12-28 18:22:06,395,15,1.87,9,0.2000
2025-12-28 18:22:06,400,10,2.10,9,0.1000
2025-12-28 18:22:06,409,11,2.00,9,0.1818
2025-12-28 18:22:06,411,19,1.58,9,0.2105
2025-12-28 18:22:06,416,14,1.86,9,0.1429
2025-12-28 18:22:06,420,10,2.10,9,0.0000
2025-12-28 18:22:06,425,15,1.60,9,0.0667
2025-12-28 18:22:06,432,18,1.39,9,0.2222
2025-12-28 18:22:06,435,15,1.53,9,0.0667
2025-12-28 18:22:06,443,17,1.47,9,0.1176
2025-12-28 18:22:06,446,14,1.57,9,0.2143
2025-12-28 18:22:06,450,10,1.30,9,0.1000
2025-12-28 18:22:06,457,13,1.38,9,0.3846
2025-12-28 18:22:06,467,13,1.23,9,0.2308
2025-12-28 18:22:06,468,12,1.08,9,0.1667
2025-12-28 18:22:06,472,18,1.28,9,0.1111
2025-12-28 18:22:06,479,11,1.55,9,0.0909
2025-12-28 18:22:06,485,15,1.47,9,0.2667
2025-12-28 18:22:06,487,13,1.85,9,0.3846
2025-12-28 18:22:06,494,16,1.38,9,0.0625
2025-12-28 18:22:06,500,10,1.50,9,0.2000
2025-12-28 18:22:06,504,16,1.44,9,0.1250
2025-12-28 18:22:06,512,18,1.44,9,0.0556
2025-12-28 18:22:06,515,15,1.53,9,0.0000
2025-12-28 18:22:06,518,12,1.67,9,0.0000
2025-12-28 18:22:06,519,11,1.82,9,0.0000
2025-12-28 18:22:06,528,12,1.92,9,0.1667
2025-12-28 18:22:06,531,19,1.53,9,0.1053
2025-12-28 18:22:06,535,15,1.33,9,0.0667
2025-12-28 18:22:06,544,16,1.31,9,0.1875
2025-12-28 18:22:07,548,12,1.33,9,0.2500
2025-12-28 18:22:07,557,13,1.23,9,0.1538
2025-12-28 18:22:07,565,15,1.13,9,0.0000
2025-12-28 18:22:07,567,13,1.23,9,0.0769
2025-12-28 18:22:07,571,19,1.26,9,0.0000
2025-12-28 18:22:07,575,15,1.40,9,0.0000
2025-12-28 18:22:07,582,18,1.28,9,0.1111
2025-12-28 18:22:07,585,15,1.47,9,0.1333
2025-12-28 18:22:07,590,10,1.80,9,0.1000
2025-12-28 18:22:07,591,19,1.26,9,0.2632
2025-12-28 18:22:07,601,19,1.42,9,0.1053
2025-12-28 18:22:07,604,16,1.62,9,0.1875
2025-12-28 18:22:07,614,16,1.69,9,0.1875
2025-12-28 18:22:07,617,13,2.23,9,0.1538
2025-12-28 18:22:07,621,19,1.89,9,0.0526
2025-12-28 18:22:07,624,16,1.94,9,0.0625
2025-12-28 18:22:07,629,11,2.45,9,0.1818
2025-12-28 18:22:07,635,15,1.87,9,0.2667
2025-12-28 18:22:07,637,13,2.15,9,0.1538
2025-12-28 18:22:07,640,10,2.30,9,0.0000
2025-12-28 18:22:07,644,16,1.75,9,0.1250
2025-12-28 18:22:07,647,13,1.77,9,0.0769
2025-12-28 18:22:07,649,11,2.00,9,0.1818
2025-12-28 18:22:07,656,14,1.64,9,0.1429
2025-12-28 18:22:07,660,10,1.80,9,0.1000
2025-12-28 18:22:07,668,12,1.58,9,0.1667
2025-12-28 18:22:07,674,16,1.44,9,0.0625
2025-12-28 18:22:07,675,15,1.47,9,0.0000
2025-12-28 18:22:07,682,18,1.39,9,0.1667
2025-12-28 18:22:07,690,10,1.80,9,0.2000
2025-12-28 18:22:07,692,18,1.56,9,0.2778
2025-12-28 18:22:07,697,13,1.77,9,0.1538
2025-12-28 18:22:07,702,18,1.56,9,0.1111
2025-12-28 18:22:07,707,13,2.08,9,0.0769
2025-12-28 18:22:07,708,12,1.83,9,0.1667
2025-12-28 18:22:07,716,14,1.57,9,0.1429
2025-12-28 18:22:07,720,10,1.80,9,0.2000
2025-12-28 18:22:07,724,16,1.50,9,0.0625
2025-12-28 18:22:07,728,12,1.92,9,0.1667
2025-12-28 18:22:07,732,18,1.61,9,0.1667
2025-12-28 18:22:08,738,12,1.83,9,0.0833
2025-12-28 18:22:08,741,19,1.58,9,0.1579
2025-12-28 18:22:08,744,16,1.88,9,0.2500
2025-12-28 18:22:08,750,10,2.10,10,0.1000
2025-12-28 18:22:08,757,13,2.00,11,0.3077
2025-12-28 18:22:08,763,17,1.94,12,0.4118
2025-12-28 18:22:08,767,13,2.46,12,0.3846
2025-12-28 18:22:08,774,17,1.71,12,0.2941
2025-12-28 18:22:08,780,11,2.55,12,0.2727
2025-12-28 18:22:08,785,16,2.25,12,0.0625
2025-12-28 18:22:08,788,13,3.08,12,0.2308
2025-12-28 18:22:08,790,11,3.27,12,0.0909
2025-12-28 18:22:08,795,16,2.62,12,0.1250
2025-12-28 18:22:08,799,12,3.00,12,0.0833
2025-12-28 18:22:08,801,10,3.30,12,0.1000
2025-12-28 18:22:08,806,15,2.47,12,0.1333
2025-12-28 18:22:08,811,10,2.70,12,0.0000
2025-12-28 18:22:08,818,13,2.00,12,0.3846
2025-12-28 18:22:08,826,15,1.87,12,0.3333
2025-12-28 18:22:08,827,14,1.86,12,0.2143
2025-12-28 18:22:08,831,10,2.40,12,0.2000
2025-12-28 18:22:08,834,17,1.94,12,0.2353
2025-12-28 18:22:08,838,13,2.46,12,0.3077
2025-12-28 18:22:08,839,12,2.92,12,0.0833
2025-12-28 18:22:08,846,15,1.93,12,0.3333
2025-12-28 18:22:08,849,12,1.92,12,0.3333
2025-12-28 18:22:08,856,15,1.47,12,0.2000
2025-12-28 18:22:08,861,10,2.00,12,0.1000
2025-12-28 18:22:08,864,17,1.65,12,0.1765
2025-12-28 18:22:08,871,10,1.90,12,0.2000
2025-12-28 18:22:08,882,19,1.58,12,0.3158
2025-12-28 18:22:08,889,12,2.17,12,0.0833
2025-12-28 18:22:08,890,12,1.83,12,0.0833
2025-12-28 18:22:08,895,17,1.59,12,0.1176
2025-12-28 18:22:08,900,12,1.75,12,0.2500
2025-12-28 18:22:08,905,17,1.47,12,0.1176
2025-12-28 18:22:08,909,13,1.62,12,0.1538
2025-12-28 18:22:08,913,19,1.37,12,0.1053
2025-12-28 18:22:08,920,12,1.58,12,0.0833
2025-12-28 18:22:09,926,16,1.38,12,0.1875
2025-12-28 18:22:09,932,10,1.70,12,0.2000
2025-12-28 18:22:09,939,13,1.62,12,0.2308
2025-12-28 18:22:09,944,18,1.61,12,0.0556
2025-12-28 18:22:09,949,13,1.23,12,0.1538
2025-12-28 18:22:09,955,17,1.29,12,0.1176
2025-12-28 18:22:09,959,13,1.54,12,0.1538
2025-12-28 18:22:09,964,18,1.39,12,0.1667
2025-12-28 18:22:09,971,11,1.73,12,0.2727
2025-12-28 18:22:09,977,15,1.53,12,0.2000
2025-12-28 18:22:09,980,12,1.67,12,0.2500
2025-12-28 18:22:09,986,16,1.50,12,0.1250
2025-12-28 18:22:09,992,10,1.60,12,0.3000
2025-12-28 18:22:09,999,13,1.62,12,0.1538
2025-12-28 18:22:09,1004,18,1.44,12,0.1667
2025-12-28 18:22:09,1008,14,1.57,12,0.0714
2025-12-28 18:22:09,1017,15,1.53,12,0.1333
2025-12-28 18:22:09,1021,11,1.82,12,0.0909
2025-12-28 18:22:09,1025,17,1.65,12,0.0588
2025-12-28 18:22:09,1033,19,1.47,12,0.1053
2025-12-28 18:22:09,1038,14,1.79,12,0.0714
2025-12-28 18:22:09,1044,18,1.78,12,0.1111
2025-12-28 18:22:09,1049,13,2.00,12,0.0769
2025-12-28 18:22:09,1053,19,1.58,12,0.0526
2025-12-28 18:22:10,1056,16,1.62,12,0.1250
2025-12-28 18:22:10,1063,19,1.74,12,0.1053
2025-12-28 18:22:10,1069,13,1.31,12,0.0769
2025-12-28 18:22:10,1077,15,1.47,12,0.0000
2025-12-28 18:22:10,1083,19,1.32,12,0.0526
2025-12-28 18:22:10,1087,15,1.73,12,0.2000
2025-12-28 18:22:10,1095,17,1.88,12,0.2941
2025-12-28 18:22:10,1101,11,2.09,12,0.4545
2025-12-28 18:22:10,1110,12,2.00,12,0.4167
2025-12-28 18:22:10,1112,10,2.30,12,0.2000
2025-12-28 18:22:10,1121,12,1.83,12,0.2500
2025-12-28 18:22:10,1123,10,2.00,12,0.3000
2025-12-28 18:22:10,1128,15,1.40,12,0.2000
2025-12-28 18:22:10,1134,19,1.42,12,0.0000
2025-12-28 18:22:10,1138,15,1.60,12,0.0000
2025-12-28 18:22:10,1144,19,1.68,12,0.0526
2025-12-28 18:22:10,1146,17,1.94,12,0.0000
2025-12-28 18:22:10,1155,18,1.22,12,0.0556
2025-12-28 18:22:10,1165,18,1.06,12,0.2778
2025-12-28 18:22:10,1168,15,1.33,12,0.0667
2025-12-28 18:22:10,1172,11,1.73,12,0.0909
2025-12-28 18:22:10,1177,16,1.50,12,0.0625
2025-12-28 18:22:10,1184,19,1.42,12,0.0526
2025-12-28 18:22:10,1189,14,1.57,12,0.1429
2025-12-28 18:22:10,1196,17,1.53,12,0.2353
2025-12-28 18:22:10,1200,13,1.46,12,0.2308
2025-12-28 18:22:10,1207,16,1.50,12,0.1875
2025-12-28 18:22:10,1213,10,1.60,12,0.2000
2025-12-28 18:22:10,1217,16,1.50,12,0.1875
2025-12-28 18:22:10,1224,19,1.47,12,0.0526
2025-12-28 18:22:10,1228,15,1.53,12,0.0667
2025-12-28 18:22:10,1232,11,1.55,12,0.1818
2025-12-28 18:22:10,1235,18,1.22,12,0.0556
2025-12-28 18:22:10,1245,18,1.00,12,0.1111
2025-12-28 18:22:10,1248,15,1.27,12,0.2000
2025-12-28 18:22:10,1249,14,1.43,12,0.2143
2025-12-28 18:22:10,1255,18,1.22,12,0.2778
2025-12-28 18:22:10,1260,13,1.15,12,0.3846
2025-12-28 18:22:11,1266,17,1.06,12,0.2353
2025-12-28 18:22:11,1273,10,1.20,12,0.2000
2025-12-28 18:22:11,1282,11,1.36,12,0.1818
2025-12-28 18:22:11,1286,17,1.35,12,0.2353
2025-12-28 18:22:11,1292,11,1.45,12,0.0000
2025-12-28 18:22:11,1296,17,1.35,12,0.2353
2025-12-28 18:22:11,1301,12,1.25,12,0.3333
2025-12-28 18:22:11,1311,12,1.33,12,0.1667
2025-12-28 18:22:11,1318,15,1.20,12,0.2000
2025-12-28 18:22:11,1322,11,1.09,12,0.0909
2025-12-28 18:22:11,1329,14,1.14,12,0.2143
2025-12-28 18:22:11,1334,19,1.11,12,0.2632
2025-12-28 18:22:11,1340,13,1.31,12,0.2308
2025-12-28 18:22:11,1347,16,1.19,12,0.1250
2025-12-28 18:22:11,1351,12,1.25,12,0.1667
2025-12-28 18:22:11,1360,13,1.23,12,0.3077
2025-12-28 18:22:11,1370,13,1.08,12,0.3846
2025-12-28 18:22:11,1375,18,1.06,12,0.1667
2025-12-28 18:22:11,1381,12,1.17,12,0.0000
2025-12-28 18:22:11,1387,16,1.06,12,0.2500
2025-12-28 18:22:11,1391,12,1.25,12,0.1667
2025-12-28 18:22:11,1400,13,1.15,12,0.1538
2025-12-28 18:22:11,1405,18,1.11,12,0.2222
2025-12-28 18:22:11,1409,14,1.21,12,0.2857
2025-12-28 18:22:11,1419,14,1.21,12,0.1429
2025-12-28 18:22:11,1423,10,1.00,12,0.1000
2025-12-28 18:22:11,1430,13,1.00,12,0.2308
2025-12-28 18:22:11,1439,14,1.21,12,0.2857
2025-12-28 18:22:11,1442,11,1.36,12,0.2727
2025-12-28 18:22:11,1449,14,1.57,12,0.0714
2025-12-28 18:22:11,1453,10,1.80,12,0.0000
2025-12-28 18:22:11,1457,16,1.38,12,0.1250
2025-12-28 18:22:11,1461,12,1.58,12,0.2500
2025-12-28 18:22:11,1467,16,1.44,12,0.0000
2025-12-28 18:22:11,1470,13,1.46,12,0.1538
2025-12-28 18:22:11,1477,16,1.38,12,0.2500
2025-12-28 18:22:11,1483,10,1.60,12,0.4000
2025-12-28 18:22:11,1487,16,1.44,12,0.1875
2025-12-28 18:22:12,1490,13,1.31,12,0.0769
2025-12-28 18:22:12,1493,10,1.20,12,0.0000
2025-12-28 18:22:12,1500,13,1.23,12,0.3077
2025-12-28 18:22:12,1506,17,1.24,12,0.1765
2025-12-28 18:22:12,1511,12,1.33,12,0.0833
2025-12-28 18:22:12,1519,14,1.29,12,0.2857
2025-12-28 18:22:12,1528,15,1.20,12,0.1333
2025-12-28 18:22:12,1533,10,1.60,12,0.3000
2025-12-28 18:22:12,1535,18,1.28,12,0.1667
2025-12-28 18:22:12,1536,17,1.24,12,0.1765
2025-12-28 18:22:12,1549,14,1.50,12,0.1429
2025-12-28 18:22:12,1554,19,1.42,12,0.1053
2025-12-28 18:22:12,1557,16,1.44,12,0.1250
2025-12-28 18:22:12,1567,16,1.50,12,0.1250
2025-12-28 18:22:12,1569,14,1.86,12,0.0714
2025-12-28 18:22:12,1574,19,1.68,12,0.1579
2025-12-28 18:22:12,1579,14,1.79,12,0.2143
2025-12-28 18:22:12,1589,14,1.86,12,0.2857
2025-12-28 18:22:12,1591,13,1.77,12,0.3077
2025-12-28 18:22:12,1597,17,1.76,12,0.1765
2025-12-28 18:22:12,1603,11,1.91,12,0.2727
2025-12-28 18:22:12,1607,17,1.59,12,0.1765
2025-12-28 18:22:12,1614,10,1.90,12,0.1000
2025-12-28 18:22:12,1617,17,1.71,12,0.2353
2025-12-28 18:22:12,1622,12,2.00,12,0.0833
2025-12-28 18:22:12,1628,16,1.25,12,0.0625
2025-12-28 18:22:12,1633,11,1.45,12,0.0909
2025-12-28 18:22:12,1635,19,1.32,12,0.1579
2025-12-28 18:22:12,1642,12,1.58,12,0.1667
2025-12-28 18:22:12,1644,10,1.60,12,0.1000
2025-12-28 18:22:12,1648,16,1.12,12,0.2500
2025-12-28 18:22:12,1658,16,1.25,12,0.2500
2025-12-28 18:22:12,1662,12,1.42,12,0.0000
2025-12-28 18:22:12,1666,18,1.78,12,0.1667
2025-12-28 18:22:12,1669,15,1.73,12,0.1333
2025-12-28 18:22:12,1674,10,1.70,12,0.0000
2025-12-28 18:22:12,1679,15,1.33,12,0.1333
2025-12-28 18:22:12,1685,19,1.21,12,0.2632
2025-12-28 18:22:12,1692,12,1.33,12,0.1667
2025-12-28 18:22:13,1699,15,1.27,12,0.2000
2025-12-28 18:22:13,1702,12,1.25,12,0.1667
2025-12-28 18:22:13,1709,15,1.20,12,0.2000
2025-12-28 18:22:13,1717,17,1.12,12,0.1765
2025-12-28 18:22:13,1722,12,1.33,12,0.0833
2025-12-28 18:22:13,1729,15,1.27,12,0.2667
2025-12-28 18:22:13,1733,11,1.36,12,0.0000
2025-12-28 18:22:13,1739,15,1.53,12,0.2000
2025-12-28 18:22:13,1745,19,1.58,12,0.0526
2025-12-28 18:22:13,1749,15,1.67,12,0.2667
2025-12-28 18:22:13,1753,11,2.00,12,0.0909
2025-12-28 18:22:13,1760,14,2.00,12,0.2857
2025-12-28 18:22:13,1765,19,1.68,12,0.2105
2025-12-28 18:22:13,1768,16,1.69,12,0.2500
2025-12-28 18:22:13,1778,16,1.62,12,0.4375
2025-12-28 18:22:13,1785,19,1.58,12,0.3158
2025-12-28 18:22:13,1793,11,1.91,12,0.1818
2025-12-28 18:22:13,1796,18,1.61,12,0.1667
2025-12-28 18:22:13,1799,15,1.73,12,0.1333
2025-12-28 18:22:13,1807,17,1.94,12,0.1176
2025-12-28 18:22:13,1811,13,2.00,12,0.0000
2025-12-28 18:22:13,1813,11,1.91,12,0.1818
2025-12-28 18:22:13,1820,14,1.79,12,0.0714
2025-12-28 18:22:13,1824,10,1.70,12,0.2000
2025-12-28 18:22:13,1825,19,1.53,12,0.1579
2025-12-28 18:22:13,1835,19,1.47,12,0.3684
2025-12-28 18:22:13,1841,13,1.77,12,0.2308
2025-12-28 18:22:13,1850,14,1.64,12,0.1429
2025-12-28 18:22:13,1854,10,1.80,12,0.1000
2025-12-28 18:22:13,1858,16,1.44,12,0.1250
2025-12-28 18:22:13,1865,19,1.42,12,0.2632
2025-12-28 18:22:13,1869,15,1.67,12,0.1333
2025-12-28 18:22:13,1875,19,1.47,12,0.1579
2025-12-28 18:22:13,1881,13,1.85,12,0.0769
2025-12-28 18:22:13,1889,15,1.80,12,0.0667
2025-12-28 18:22:13,1893,11,2.45,12,0.1818
2025-12-28 18:22:13,1895,19,1.74,12,0.3158
2025-12-28 18:22:13,1903,11,2.36,12,0.1818
2025-12-28 18:22:13,1907,17,1.76,12,0.1176
2025-12-28 18:22:14,1916,18,1.67,12,0.1111
2025-12-28 18:22:14,1919,15,1.80,12,0.1333
2025-12-28 18:22:14,1928,16,1.88,12,0.1875
2025-12-28 18:22:14,1930,14,2.07,12,0.0000
2025-12-28 18:22:14,1935,19,1.84,12,0.1579
2025-12-28 18:22:14,1937,17,1.94,12,0.0000
2025-12-28 18:22:14,1945,19,1.74,12,0.2105
2025-12-28 18:22:14,1949,16,1.62,12,0.1250
2025-12-28 18:22:14,1955,10,2.20,12,0.0000
2025-12-28 18:22:14,1955,10,2.70,12,0.0000
2025-12-28 18:22:14,1965,10,2.70,12,0.1000
2025-12-28 18:22:14,1965,11,2.18,12,0.0909
2025-12-28 18:22:14,1970,16,1.56,12,0.2500
2025-12-28 18:22:14,1976,10,1.80,12,0.1000
2025-12-28 18:22:14,1982,14,1.29,12,0.2143
2025-12-28 18:22:14,1989,17,1.35,12,0.2941
2025-12-28 18:22:14,1994,12,1.25,12,0.0833
2025-12-28 18:22:14,2004,12,1.33,12,0.2500
2025-12-28 18:22:14,2010,16,1.12,12,0.1875
2025-12-28 18:22:14,2015,11,1.18,12,0.1818
2025-12-28 18:22:14,2019,17,1.12,12,0.0000
2025-12-28 18:22:14,2029,17,1.06,12,0.1176
2025-12-28 18:22:14,2033,13,1.23,12,0.2308
2025-12-28 18:22:14,2041,15,1.40,12,0.2667
2025-12-28 18:22:14,2044,12,1.33,12,0.0833
2025-12-28 18:22:14,2053,13,1.23,12,0.1538
2025-12-28 18:22:14,2060,16,1.19,12,0.1250
2025-12-28 18:22:14,2064,12,1.17,12,0.4167
2025-12-28 18:22:14,2069,17,1.12,12,0.1176
2025-12-28 18:22:14,2076,10,1.40,12,0.1000
2025-12-28 18:22:14,2077,19,1.16,12,0.2632
2025-12-28 18:22:14,2084,12,1.33,12,0.1667
2025-12-28 18:22:14,2089,17,1.12,12,0.0588
2025-12-28 18:22:14,2094,12,1.08,12,0.0000
2025-12-28 18:22:14,2101,15,1.07,12,0.2000
2025-12-28 18:22:14,2111,15,1.00,12,0.1333
2025-12-28 18:22:14,2113,13,1.00,12,0.1538
2025-12-28 18:22:14,2119,17,1.12,12,0.2941
2025-12-28 18:22:14,2127,19,1.11,12,0.2105
2025-12-28 18:22:15,2133,13,1.15,12,0.0769
2025-12-28 18:22:15,2136,10,1.10,12,0.1000
2025-12-28 18:22:15,2140,16,1.25,12,0.0625
2025-12-28 18:22:15,2148,18,1.06,12,0.1667
2025-12-28 18:22:15,2151,15,1.07,12,0.1333
2025-12-28 18:22:15,2163,13,1.23,12,0.0769
2025-12-28 18:22:15,2167,19,1.32,12,0.1579
2025-12-28 18:22:15,2170,16,1.44,12,0.1250
2025-12-28 18:22:15,2178,18,1.22,12,0.1111
2025-12-28 18:22:15,2187,19,1.21,12,0.2632
2025-12-28 18:22:15,2191,15,1.27,12,0.3333
2025-12-28 18:22:15,2198,18,1.22,12,0.2222
2025-12-28 18:22:15,2202,14,1.29,12,0.2143
2025-12-28 18:22:15,2210,16,1.19,12,0.2500
2025-12-28 18:22:15,2215,11,1.27,12,0.1818
2025-12-28 18:22:15,2221,15,1.47,12,0.0000
2025-12-28 18:22:15,2228,18,1.33,12,0.0556
2025-12-28 18:22:15,2232,14,1.29,12,0.0714
2025-12-28 18:22:15,2239,17,1.24,12,0.1176
2025-12-28 18:22:15,2242,14,1.36,12,0.1429
2025-12-28 18:22:15,2247,19,1.05,12,0.2105
2025-12-28 18:22:15,2253,13,1.38,12,0.1538
2025-12-28 18:22:15,2259,17,1.24,12,0.2941
2025-12-28 18:22:15,2264,12,1.50,12,0.3333
2025-12-28 18:22:15,2271,15,1.33,12,0.2000
2025-12-28 18:22:15,2275,11,1.55,12,0.1818
2025-12-28 18:22:15,2280,16,1.31,12,0.1250
2025-12-28 18:22:15,2284,12,1.25,12,0.0000
2025-12-28 18:22:15,2287,19,1.16,12,0.1579
2025-12-28 18:22:15,2295,11,1.18,12,0.2727
2025-12-28 18:22:15,2301,15,1.20,12,0.1333
2025-12-28 18:22:15,2304,12,1.17,12,0.0833
2025-12-28 18:22:15,2310,16,1.12,12,0.1250
2025-12-28 18:22:15,2316,10,1.50,12,0.0000
2025-12-28 18:22:15,2319,17,1.29,12,0.2353
2025-12-28 18:22:15,2328,18,1.50,12,0.0000
2025-12-28 18:22:15,2333,13,1.62,12,0.0769
2025-12-28 18:22:15,2337,19,1.32,12,0.1053
2025-12-28 18:22:15,2343,13,1.38,12,0.1538
2025-12-28 18:22:16,2351,15,1.33,12,0.1333
2025-12-28 18:22:16,2355,11,1.36,12,0.0909
2025-12-28 18:22:16,2359,17,1.29,12,0.0588
2025-12-28 18:22:16,2363,13,1.46,12,0.0769
2025-12-28 18:22:16,2370,16,1.44,12,0.0625
2025-12-28 18:22:16,2376,10,1.60,12,0.1000
2025-12-28 18:22:16,2381,15,1.47,12,0.2667
2025-12-28 18:22:16,2388,18,1.50,12,0.2222
2025-12-28 18:22:16,2392,14,1.71,12,0.1429
2025-12-28 18:22:16,2397,19,1.32,12,0.1053
2025-12-28 18:22:16,2398,18,1.33,12,0.0556
2025-12-28 18:22:16,2405,11,1.45,12,0.0909
2025-12-28 18:22:16,2415,11,1.55,12,0.0909
2025-12-28 18:22:16,2419,17,1.41,12,0.0588
2025-12-28 18:22:16,2423,13,1.31,12,0.0000
2025-12-28 18:22:16,2426,10,1.70,12,0.0000
2025-12-28 18:22:16,2432,14,1.36,12,0.1429
2025-12-28 18:22:16,2433,13,1.38,12,0.3077
2025-12-28 18:22:16,2438,18,1.33,12,0.1111
2025-12-28 18:22:16,2446,10,1.70,12,0.3000
2025-12-28 18:22:16,2450,16,1.75,12,0.1875
2025-12-28 18:22:16,2454,12,2.17,12,0.2500
2025-12-28 18:22:16,2458,18,1.72,12,0.1111
2025-12-28 18:22:16,2463,13,2.31,12,0.1538
2025-12-28 18:22:16,2467,19,1.89,12,0.1053
2025-12-28 18:22:16,2471,15,2.13,12,0.4000
2025-12-28 18:22:16,2477,19,2.00,12,0.1053
2025-12-28 18:22:16,2481,15,2.33,12,0.2667
2025-12-28 18:22:16,2493,13,1.85,12,0.1538
2025-12-28 18:22:16,2497,19,1.63,12,0.1579
2025-12-28 18:22:16,2502,15,1.67,12,0.0667
2025-12-28 18:22:16,2507,10,2.00,12,0.1000
2025-12-28 18:22:16,2512,15,1.93,12,0.2000
2025-12-28 18:22:16,2519,18,1.72,12,0.2222
2025-12-28 18:22:16,2522,15,2.07,12,0.1333
2025-12-28 18:22:16,2529,18,1.94,12,0.0556
2025-12-28 18:22:16,2532,15,2.27,12,0.0667
2025-12-28 18:22:16,2537,10,2.90,12,0.0000
2025-12-28 18:22:16,2543,14,2.50,12,0.2143
2025-12-28 18:22:17,2547,10,3.40,12,0.2000
2025-12-28 18:22:17,2555,12,2.75,12,0.3333
2025-12-28 18:22:17,2555,12,2.92,12,0.3333
2025-12-28 18:22:17,2561,16,2.38,12,0.1875
2025-12-28 18:22:17,2563,14,2.93,12,0.2143
2025-12-28 18:22:17,2566,11,3.64,12,0.0909
2025-12-28 18:22:17,2574,14,2.64,12,0.0714
2025-12-28 18:22:17,2576,12,3.00,12,0.0000
2025-12-28 18:22:17,2578,10,3.20,12,0.0000
2025-12-28 18:22:17,2586,12,2.92,12,0.2500
2025-12-28 18:22:17,2590,18,2.28,12,0.2222
2025-12-28 18:22:17,2591,17,2.35,12,0.1765
2025-12-28 18:22:17,2600,18,2.39,12,0.1667
2025-12-28 18:22:17,2605,13,2.85,12,0.0769
2025-12-28 18:22:17,2609,19,2.21,12,0.1053
2025-12-28 18:22:17,2616,12,2.67,12,0.0833
2025-12-28 18:22:17,2618,10,2.90,12,0.0000
2025-12-28 18:22:17,2623,15,2.33,12,0.4000
2025-12-28 18:22:17,2629,19,2.00,12,0.1053
2025-12-28 18:22:17,2632,16,2.25,12,0.0625
2025-12-28 18:22:17,2636,12,2.50,12,0.0833
2025-12-28 18:22:17,2638,10,2.80,12,0.0000
2025-12-28 18:22:17,2644,14,2.36,12,0.0000
2025-12-28 18:22:17,2644,14,2.43,12,0.0714
2025-12-28 18:22:17,2647,11,2.64,12,0.0000
2025-12-28 18:22:17,2653,15,2.13,12,0.0667
2025-12-28 18:22:17,2656,12,2.25,12,0.0833
2025-12-28 18:22:17,2657,11,2.82,12,0.0000
2025-12-28 18:22:17,2664,14,2.36,12,0.2143
2025-12-28 18:22:17,2665,13,2.46,12,0.1538
2025-12-28 18:22:17,2667,11,2.55,12,0.0909
2025-12-28 18:22:17,2676,12,2.33,12,0.0833
2025-12-28 18:22:17,2678,10,2.70,12,0.1000
2025-12-28 18:22:17,2681,17,1.94,12,0.1176
2025-12-28 18:22:17,2688,10,2.90,12,0.2000
2025-12-28 18:22:17,2693,15,2.40,12,0.2000
2025-12-28 18:22:17,2699,19,2.11,12,0.0526
2025-12-28 18:22:17,2701,17,2.18,12,0.1765
2025-12-28 18:22:17,2707,11,2.91,12,0.0909
2025-12-28 18:22:17,2713,15,2.00,12,0.2667
2025-12-28 18:22:18,2718,10,1.90,12,0.2000
2025-12-28 18:22:18,2722,16,1.25,12,0.0000
2025-12-28 18:22:18,2727,11,1.36,12,0.0909
2025-12-28 18:22:18,2732,16,1.25,12,0.1875
2025-12-28 18:22:18,2736,12,1.33,12,0.0833
2025-12-28 18:22:18,2738,10,1.50,12,0.0000
2025-12-28 18:22:18,2745,13,1.31,12,0.2308
2025-12-28 18:22:18,2750,18,1.44,12,0.2222
2025-12-28 18:22:18,2751,17,1.65,12,0.1765
2025-12-28 18:22:18,2757,11,2.27,12,0.0909
2025-12-28 18:22:18,2761,17,1.65,12,0.2353
2025-12-28 18:22:18,2766,12,1.75,12,0.0000
2025-12-28 18:22:18,2768,10,1.60,12,0.0000
2025-12-28 18:22:18,2775,13,1.23,12,0.1538
2025-12-28 18:22:18,2778,10,1.40,12,0.1000
2025-12-28 18:22:18,2788,10,1.10,12,0.1000
2025-12-28 18:22:18,2791,17,1.06,12,0.0588
2025-12-28 18:22:18,2795,13,1.08,12,0.1538
2025-12-28 18:22:18,2804,14,1.14,12,0.3571
2025-12-28 18:22:18,2811,17,1.00,12,0.2941
2025-12-28 18:22:18,2816,12,1.17,12,0.2500
2025-12-28 18:22:18,2820,18,1.44,12,0.1667
2025-12-28 18:22:18,2827,11,1.36,12,0.2727
2025-12-28 18:22:18,2832,16,1.19,12,0.1875
2025-12-28 18:22:18,2835,13,1.23,12,0.2308
2025-12-28 18:22:18,2844,14,1.29,12,0.0714
2025-12-28 18:22:18,2848,10,1.30,12,0.1000
2025-12-28 18:22:18,2854,14,1.29,12,0.2143
2025-12-28 18:22:18,2864,14,1.29,12,0.2143
2025-12-28 18:22:18,2867,11,1.36,12,0.1818
2025-12-28 18:22:18,2870,18,1.33,12,0.2222
2025-12-28 18:22:18,2876,12,1.33,12,0.4167
2025-12-28 18:22:18,2879,19,1.32,12,0.1579
2025-12-28 18:22:18,2883,15,1.40,12,0.1333
2025-12-28 18:22:18,2889,19,1.21,12,0.3158
2025-12-28 18:22:18,2894,14,1.29,12,0.3571
2025-12-28 18:22:18,2903,15,1.47,12,0.1333
2025-12-28 18:22:18,2907,11,1.64,12,0.0909
2025-12-28 18:22:18,2912,16,1.25,12,0.2500
2025-12-28 18:22:18,2919,19,1.16,12,0.1053
2025-12-28 18:22:19,2923,15,1.13,12,0.2667
2025-12-28 18:22:19,2933,15,1.00,12,0.0000
2025-12-28 18:22:19,2937,11,1.00,12,0.0000
2025-12-28 18:22:19,2942,16,1.00,12,0.0625
2025-12-28 18:22:19,2949,19,1.00,12,0.2105
2025-12-28 18:22:19,2953,15,1.07,12,0.2000
2025-12-28 18:22:19,2965,13,1.31,12,0.2308
2025-12-28 18:22:19,2968,10,1.20,12,0.1000
2025-12-28 18:22:19,2975,13,1.15,12,0.2308
2025-12-28 18:22:19,2979,19,1.05,12,0.0526
2025-12-28 18:22:19,2983,15,1.33,12,0.2667
2025-12-28 18:22:19,2990,18,1.22,12,0.2778
2025-12-28 18:22:19,2998,10,1.40,12,0.4000
2025-12-28 18:22:19,3007,11,1.55,12,0.2727
2025-12-28 18:22:19,3009,19,1.37,12,0.1053
2025-12-28 18:22:19,3015,13,1.54,12,0.2308
2025-12-28 18:22:19,3020,18,1.28,12,0.1667
2025-12-28 18:22:19,3022,16,1.31,12,0.0000
2025-12-28 18:22:19,3029,19,1.16,12,0.1579
2025-12-28 18:22:19,3035,13,1.31,12,0.3077
2025-12-28 18:22:19,3039,19,1.32,12,0.3158
2025-12-28 18:22:19,3046,12,1.33,12,0.5833
2025-12-28 18:22:19,3053,15,1.47,12,0.2000
2025-12-28 18:22:19,3058,10,1.70,12,0.3000
2025-12-28 18:22:19,3065,13,1.38,12,0.3846
2025-12-28 18:22:19,3073,15,1.33,12,0.2667
2025-12-28 18:22:19,3076,12,1.67,12,0.4167
2025-12-28 18:22:19,3082,16,1.44,12,0.3125
2025-12-28 18:22:19,3091,17,1.29,12,0.2353
2025-12-28 18:22:19,3096,12,1.50,12,0.3333
2025-12-28 18:22:19,3101,17,1.24,12,0.4706
2025-12-28 18:22:19,3106,12,1.17,12,0.5000
2025-12-28 18:22:19,3114,14,1.21,12,0.2857
2025-12-28 18:22:19,3121,17,1.24,12,0.1176
2025-12-28 18:22:19,3124,14,1.29,12,0.1429
2025-12-28 18:22:19,3126,12,1.33,12,0.1667
2025-12-28 18:22:19,3128,10,1.10,12,0.1000
2025-12-28 18:22:19,3140,18,1.11,12,0.2778
2025-12-28 18:22:20,3143,15,1.27,12,0.2667
2025-12-28 18:22:20,3150,18,1.22,12,0.2222
2025-12-28 18:22:20,3157,11,1.18,12,0.1818
2025-12-28 18:22:20,3163,15,1.13,12,0.1333
2025-12-28 18:22:20,3170,18,1.11,12,0.3333
2025-12-28 18:22:20,3176,12,1.25,12,0.4167
2025-12-28 18:22:20,3183,15,1.40,12,0.2667
2025-12-28 18:22:20,3187,11,1.45,12,0.0000
2025-12-28 18:22:20,3194,14,1.71,12,0.2143
2025-12-28 18:22:20,3197,11,1.91,12,0.1818
2025-12-28 18:22:20,3200,18,1.39,12,0.1667
2025-12-28 18:22:20,3203,15,1.47,12,0.1333
2025-12-28 18:22:20,3208,10,1.40,12,0.1000
2025-12-28 18:22:20,3216,12,1.67,12,0.0833
2025-12-28 18:22:20,3218,10,1.60,12,0.1000
2025-12-28 18:22:20,3220,18,1.56,12,0.1111
2025-12-28 18:22:20,3225,13,1.85,12,0.3077
2025-12-28 18:22:20,3230,18,1.61,12,0.2222
2025-12-28 18:22:20,3237,11,1.73,12,0.0909
2025-12-28 18:22:20,3239,19,1.21,12,0.0526
2025-12-28 18:22:20,3243,15,1.67,12,0.2000
2025-12-28 18:22:20,3251,17,1.71,12,0.1176
2025-12-28 18:22:20,3256,12,1.92,12,0.0000
2025-12-28 18:22:20,3258,10,2.40,12,0.1000
2025-12-28 18:22:20,3265,13,1.85,12,0.1538
2025-12-28 18:22:20,3267,11,2.09,12,0.0909
2025-12-28 18:22:20,3269,19,1.74,12,0.0526
2025-12-28 18:22:20,3277,11,2.36,12,0.0909
2025-12-28 18:22:20,3279,19,1.68,12,0.1579
2025-12-28 18:22:20,3287,11,2.45,12,0.0000
2025-12-28 18:22:20,3294,14,2.07,12,0.2143
2025-12-28 18:22:20,3302,17,1.47,12,0.0588
2025-12-28 18:22:20,3305,14,1.57,12,0.0714
2025-12-28 18:22:20,3310,19,1.58,12,0.3158
2025-12-28 18:22:20,3319,10,2.30,12,0.1000
2025-12-28 18:22:20,3321,18,1.78,12,0.1111
2025-12-28 18:22:20,3326,13,2.23,12,0.0769
2025-12-28 18:22:20,3328,11,2.45,12,0.0909
2025-12-28 18:22:20,3333,16,1.88,12,0.1250
2025-12-28 18:22:20,3335,14,1.93,12,0.1429
2025-12-28 18:22:21,3342,17,1.53,12,0.1765
2025-12-28 18:22:21,3347,12,1.83,12,0.2500
2025-12-28 18:22:21,3357,12,2.17,12,0.0833
2025-12-28 18:22:21,3363,16,1.88,12,0.2500
2025-12-28 18:22:21,3367,12,2.08,12,0.0833
2025-12-28 18:22:21,3372,17,1.76,12,0.1765
2025-12-28 18:22:21,3379,10,2.30,12,0.3000
2025-12-28 18:22:21,3385,15,1.47,12,0.1333
2025-12-28 18:22:21,3388,12,2.00,12,0.2500
2025-12-28 18:22:21,3390,10,2.20,12,0.0000
2025-12-28 18:22:21,3397,13,2.08,12,0.3077
2025-12-28 18:22:21,3399,11,2.55,12,0.3636
2025-12-28 18:22:21,3405,15,2.13,12,0.2667
2025-12-28 18:22:21,3414,16,2.19,12,0.0625
2025-12-28 18:22:21,3416,15,2.40,12,0.0667
2025-12-28 18:22:21,3421,10,3.50,12,0.0000
2025-12-28 18:22:21,3427,14,2.07,12,0.1429
2025-12-28 18:22:21,3432,19,1.89,12,0.0000
2025-12-28 18:22:21,3435,16,2.06,12,0.3125
2025-12-28 18:22:21,3446,15,2.27,12,0.0667
2025-12-28 18:22:21,3451,10,2.50,12,0.1000
2025-12-28 18:22:21,3456,15,2.07,12,0.0667
2025-12-28 18:22:21,3459,12,2.50,12,0.0833
2025-12-28 18:22:21,3464,17,2.06,12,0.1176
2025-12-28 18:22:21,3468,13,2.62,12,0.1538
2025-12-28 18:22:21,3471,10,3.10,12,0.0000
2025-12-28 18:22:21,3479,12,2.83,12,0.2500
2025-12-28 18:22:21,3482,19,1.74,12,0.1053
2025-12-28 18:22:21,3488,13,2.08,12,0.0769
2025-12-28 18:22:21,3492,19,1.68,12,0.1053
2025-12-28 18:22:21,3496,15,2.47,12,0.2667
2025-12-28 18:22:21,3502,19,2.16,12,0.0526
2025-12-28 18:22:21,3504,17,2.35,12,0.2941
2025-12-28 18:22:21,3508,13,2.62,12,0.0769
2025-12-28 18:22:21,3510,11,2.73,12,0.0000
2025-12-28 18:22:21,3517,14,2.21,12,0.2143
2025-12-28 18:22:21,3521,10,2.50,12,0.1000
2025-12-28 18:22:21,3526,15,2.00,12,0.1333
2025-12-28 18:22:21,3530,11,2.55,12,0.1818
2025-12-28 18:22:22,3533,18,2.11,12,0.2222
2025-12-28 18:22:22,3539,12,2.50,12,0.2500
2025-12-28 18:22:22,3542,19,1.84,12,0.1053
2025-12-28 18:22:22,3550,11,2.36,12,0.0909
2025-12-28 18:22:22,3556,15,2.07,12,0.0667
2025-12-28 18:22:22,3559,12,2.42,12,0.1667
2025-12-28 18:22:22,3560,11,2.45,12,0.0909
2025-12-28 18:22:22,3567,14,1.50,12,0.2857
2025-12-28 18:22:22,3574,17,1.59,12,0.1176
2025-12-28 18:22:22,3581,10,2.10,12,0.1000
2025-12-28 18:22:22,3587,14,2.00,12,0.1429
2025-12-28 18:22:22,3593,18,1.94,12,0.1111
2025-12-28 18:22:22,3595,17,1.82,12,0.2941
2025-12-28 18:22:22,3601,11,2.45,12,0.0909
2025-12-28 18:22:22,3605,17,2.06,12,0.0588
2025-12-28 18:22:22,3608,14,2.14,12,0.0714
2025-12-28 18:22:22,3610,12,2.58,12,0.2500
2025-12-28 18:22:22,3620,13,2.00,12,0.0769
2025-12-28 18:22:22,3623,10,1.70,12,0.2000
2025-12-28 18:22:22,3628,15,1.53,12,0.0667
2025-12-28 18:22:22,3632,11,1.64,12,0.3636
2025-12-28 18:22:22,3636,17,1.35,12,0.2353
2025-12-28 18:22:22,3644,19,1.26,12,0.1579
2025-12-28 18:22:22,3651,12,1.33,12,0.3333
2025-12-28 18:22:22,3658,15,1.20,12,0.2000
2025-12-28 18:22:22,3661,12,1.25,12,0.1667
2025-12-28 18:22:22,3667,16,1.12,12,0.0625
2025-12-28 18:22:22,3676,17,1.12,12,0.1765
2025-12-28 18:22:22,3679,14,1.07,12,0.0714
2025-12-28 18:22:22,3687,16,1.31,12,0.3125
2025-12-28 18:22:22,3694,19,1.11,12,0.2105
2025-12-28 18:22:22,3699,14,1.71,12,0.2143
2025-12-28 18:22:22,3703,10,1.90,12,0.2000
2025-12-28 18:22:22,3706,17,1.65,12,0.1176
2025-12-28 18:22:22,3712,11,1.82,12,0.0909
2025-12-28 18:22:22,3715,18,1.44,12,0.0556
2025-12-28 18:22:22,3719,14,1.29,12,0.0714
2025-12-28 18:22:22,3726,17,1.29,12,0.1176
2025-12-28 18:22:22,3734,19,1.26,12,0.1579
2025-12-28 18:22:23,3736,17,1.47,12,0.1176
2025-12-28 18:22:23,3738,15,1.60,12,0.1333
2025-12-28 18:22:23,3747,16,1.69,12,0.1250
2025-12-28 18:22:23,3750,13,2.00,12,0.2308
2025-12-28 18:22:23,3756,17,1.76,12,0.2353
2025-12-28 18:22:23,3761,12,1.92,12,0.4167
2025-12-28 18:22:23,3767,16,1.25,12,0.1250
2025-12-28 18:22:23,3773,10,1.30,12,0.1000
2025-12-28 18:22:23,3778,15,1.33,12,0.1333
2025-12-28 18:22:23,3786,17,1.29,12,0.4118
2025-12-28 18:22:23,3792,11,1.45,12,0.1818
2025-12-28 18:22:23,3796,17,1.35,12,0.1765
2025-12-28 18:22:23,3801,12,1.58,12,0.0833
2025-12-28 18:22:23,3807,16,1.25,12,0.1875
2025-12-28 18:22:23,3813,10,1.40,12,0.2000
2025-12-28 18:22:23,3817,16,1.19,12,0.0625
2025-12-28 18:22:23,3824,19,1.21,12,0.0526
2025-12-28 18:22:23,3830,13,1.46,12,0.1538
2025-12-28 18:22:23,3835,18,1.06,12,0.1111
2025-12-28 18:22:23,3841,12,1.17,12,0.0833
2025-12-28 18:22:23,3847,16,1.38,12,0.1250
2025-12-28 18:22:23,3852,11,1.73,12,0.0909
2025-12-28 18:22:23,3855,18,1.44,12,0.0556
2025-12-28 18:22:23,3862,11,1.55,12,0.0000
2025-12-28 18:22:23,3864,19,1.37,12,0.1579
2025-12-28 18:22:23,3872,11,1.91,12,0.1818
2025-12-28 18:22:23,3874,19,1.63,12,0.1053
2025-12-28 18:22:23,3877,16,1.56,12,0.0625
2025-12-28 18:22:23,3882,11,1.55,12,0.0909
2025-12-28 18:22:23,3889,14,1.50,12,0.0000
2025-12-28 18:22:23,3891,12,1.50,12,0.0000
2025-12-28 18:22:23,3894,19,1.26,12,0.0526
2025-12-28 18:22:23,3902,11,1.64,12,0.0909
2025-12-28 18:22:23,3906,17,1.65,12,0.2941
2025-12-28 18:22:23,3908,15,1.80,12,0.1333
2025-12-28 18:22:23,3917,16,1.69,12,0.0625
2025-12-28 18:22:23,3922,11,1.82,12,0.2727
2025-12-28 18:22:23,3926,17,1.53,12,0.2353
2025-12-28 18:22:23,3931,12,2.17,12,0.2500
2025-12-28 18:22:24,3936,17,1.76,12,0.1765
2025-12-28 18:22:24,3941,12,2.00,12,0.1667
2025-12-28 18:22:24,3946,17,2.00,12,0.2353
2025-12-28 18:22:24,3953,10,2.60,12,0.2000
2025-12-28 18:22:24,3955,18,1.89,12,0.1111
2025-12-28 18:22:24,3962,11,2.82,12,0.2727
2025-12-28 18:22:24,3968,15,2.40,12,0.2000
2025-12-28 18:22:24,3971,12,2.75,12,0.3333
2025-12-28 18:22:24,3973,10,3.40,12,0.2000
2025-12-28 18:22:24,3982,12,2.58,12,0.1667
2025-12-28 18:22:24,3984,10,2.90,12,0.2000
2025-12-28 18:22:24,3988,16,2.38,12,0.3125
2025-12-28 18:22:24,3991,13,2.77,12,0.0769
2025-12-28 18:22:24,3998,16,2.56,12,0.1250
2025-12-28 18:22:24,4002,12,3.00,12,0.0833
2025-12-28 18:22:24,4006,18,2.28,12,0.2222
2025-12-28 18:22:24,4013,12,2.50,12,0.2500
2025-12-28 18:22:24,4017,18,2.17,12,0.1111
2025-12-28 18:22:24,4022,13,2.31,12,0.3077
2025-12-28 18:22:24,4024,11,2.64,12,0.1818
2025-12-28 18:22:24,4028,17,1.94,12,0.3529
2025-12-28 18:22:24,4031,14,2.43,12,0.3571
2025-12-28 18:22:24,4035,10,3.00,12,0.1000
2025-12-28 18:22:24,4040,15,2.33,12,0.2667
2025-12-28 18:22:24,4042,13,2.31,12,0.0000
2025-12-28 18:22:24,4045,10,2.90,12,0.1000
2025-12-28 18:22:24,4052,13,2.54,12,0.2308
2025-12-28 18:22:24,4055,10,3.30,12,0.3000
2025-12-28 18:22:24,4057,18,2.28,12,0.2778
2025-12-28 18:22:24,4062,13,3.15,12,0.0769
2025-12-28 18:22:24,4066,19,2.68,12,0.2105
2025-12-28 18:22:24,4070,16,2.44,12,0.5625
2025-12-28 18:22:24,4079,17,2.06,12,0.1176
2025-12-28 18:22:24,4084,12,2.58,12,0.1667
2025-12-28 18:22:24,4085,11,2.64,12,0.0909
2025-12-28 18:22:24,4086,10,3.30,12,0.2000
2025-12-28 18:22:24,4092,15,2.20,12,0.2667
2025-12-28 18:22:24,4095,13,2.00,12,0.3846
2025-12-28 18:22:24,4101,17,1.88,12,0.2353
2025-12-28 18:22:25,4107,11,2.18,12,0.3636
2025-12-28 18:22:25,4109,19,1.63,12,0.3158
2025-12-28 18:22:25,4114,14,1.86,12,0.4286
2025-12-28 18:22:25,4120,18,1.44,12,0.0556
2025-12-28 18:22:25,4126,12,1.58,12,0.1667
2025-12-28 18:22:25,4129,19,1.58,12,0.2105
2025-12-28 18:22:25,4134,14,1.93,12,0.2143
2025-12-28 18:22:25,4141,17,1.76,12,0.2353
2025-12-28 18:22:25,4147,11,2.00,12,0.4545
2025-12-28 18:22:25,4151,17,2.12,12,0.2941
2025-12-28 18:22:25,4161,17,2.06,12,0.2941
2025-12-28 18:22:25,4164,14,2.36,12,0.4286
2025-12-28 18:22:25,4171,17,2.18,12,0.2353
2025-12-28 18:22:25,4175,13,2.85,12,0.2308
2025-12-28 18:22:25,4183,16,2.12,12,0.1250
2025-12-28 18:22:25,4186,13,2.38,12,0.0769
2025-12-28 18:22:25,4189,10,2.50,12,0.1000
2025-12-28 18:22:25,4195,14,2.14,13,0.2857
2025-12-28 18:22:25,4199,11,2.27,13,0.1818
2025-12-28 18:22:25,4199,11,1.82,13,0.1818
2025-12-28 18:22:25,4206,14,1.57,13,0.2143
2025-12-28 18:22:25,4211,19,1.32,13,0.1053
2025-12-28 18:22:25,4217,13,1.54,13,0.1538
2025-12-28 18:22:25,4222,18,1.56,13,0.2222
2025-12-28 18:22:25,4227,13,1.62,13,0.1538
2025-12-28 18:22:25,4236,14,1.50,13,0.1429
2025-12-28 18:22:25,4238,12,1.67,13,0.0833
2025-12-28 18:22:25,4243,17,1.71,13,0.2353
2025-12-28 18:22:25,4252,18,1.83,13,0.0556
2025-12-28 18:22:25,4253,17,1.94,13,0.2941
2025-12-28 18:22:25,4258,13,1.69,13,0.1538
2025-12-28 18:22:25,4261,10,1.80,13,0.0000
2025-12-28 18:22:25,4270,11,1.45,13,0.2727
2025-12-28 18:22:25,4273,18,1.28,13,0.1667
2025-12-28 18:22:25,4279,12,1.75,13,0.1667
2025-12-28 18:22:25,4281,10,2.00,13,0.2000
2025-12-28 18:22:25,4285,16,1.75,13,0.0000
2025-12-28 18:22:25,4293,18,1.50,13,0.2778
2025-12-28 18:22:26,4299,12,2.00,13,0.1667
2025-12-28 18:22:26,4304,17,1.71,13,0.0588
2025-12-28 18:22:26,4309,12,2.08,13,0.1667
2025-12-28 18:22:26,4315,16,1.69,13,0.3750
2025-12-28 18:22:26,4320,11,2.00,13,0.3636
2025-12-28 18:22:26,4325,16,1.62,13,0.1250
2025-12-28 18:22:26,4330,11,1.73,13,0.1818
2025-12-28 18:22:26,4336,15,1.60,13,0.2000
2025-12-28 18:22:26,4343,18,1.28,13,0.1111
2025-12-28 18:22:26,4348,13,1.38,13,0.1538
2025-12-28 18:22:26,4353,18,1.17,13,0.0556
2025-12-28 18:22:26,4359,12,1.00,13,0.0833
2025-12-28 18:22:26,4366,15,1.00,13,0.2000
2025-12-28 18:22:26,4369,12,1.25,13,0.2500
2025-12-28 18:22:26,4376,15,1.27,13,0.2000
2025-12-28 18:22:26,4377,14,1.29,13,0.0714
2025-12-28 18:22:26,4386,15,1.07,13,0.1333
2025-12-28 18:22:26,4395,16,1.19,13,0.3750
2025-12-28 18:22:26,4398,13,1.23,13,0.3077
2025-12-28 18:22:26,4405,16,1.25,13,0.0625
2025-12-28 18:22:26,4409,12,1.33,13,0.1667
2025-12-28 18:22:26,4414,17,1.24,13,0.0588
2025-12-28 18:22:26,4418,13,1.23,13,0.1538
2025-12-28 18:22:26,4423,18,1.22,13,0.2222
2025-12-28 18:22:26,4428,13,1.31,13,0.1538
2025-12-28 18:22:26,4430,11,1.36,13,0.0000
2025-12-28 18:22:26,4438,13,1.46,13,0.0769
2025-12-28 18:22:26,4439,12,1.50,13,0.0833
2025-12-28 18:22:26,4443,18,1.33,13,0.1667
2025-12-28 18:22:26,4449,12,1.33,13,0.1667
2025-12-28 18:22:26,4456,15,1.40,13,0.2000
2025-12-28 18:22:26,4465,16,1.31,13,0.3750
2025-12-28 18:22:26,4469,12,1.42,13,0.2500
2025-12-28 18:22:26,4478,13,1.23,13,0.0769
2025-12-28 18:22:26,4482,19,1.26,13,0.1053
2025-12-28 18:22:26,4483,18,1.39,13,0.0556
2025-12-28 18:22:26,4493,18,1.33,13,0.0556
2025-12-28 18:22:26,4498,13,1.54,13,0.0769
2025-12-28 18:22:26,4507,14,1.29,13,0.0714
2025-12-28 18:22:27,4513,18,1.11,13,0.2222
2025-12-28 18:22:27,4517,14,1.21,13,0.2143
2025-12-28 18:22:27,4524,17,1.12,13,0.2353
2025-12-28 18:22:27,4529,12,1.17,13,0.2500
2025-12-28 18:22:27,4536,15,1.13,13,0.2667
2025-12-28 18:22:27,4540,11,1.64,13,0.2727
2025-12-28 18:22:27,4545,16,1.38,13,0.1875
2025-12-28 18:22:27,4550,11,1.45,13,0.1818
2025-12-28 18:22:27,4555,16,1.38,13,0.1875
2025-12-28 18:22:27,4561,10,1.60,13,0.1000
2025-12-28 18:22:27,4565,16,1.44,13,0.3125
2025-12-28 18:22:27,4573,18,1.22,13,0.1667
2025-12-28 18:22:27,4575,16,1.25,13,0.0625
2025-12-28 18:22:27,4582,19,1.16,13,0.2632
2025-12-28 18:22:27,4590,11,1.18,13,0.2727
2025-12-28 18:22:27,4597,14,1.21,13,0.0714
2025-12-28 18:22:27,4602,19,1.21,13,0.1053
2025-12-28 18:22:27,4608,13,1.31,13,0.0769
2025-12-28 18:22:27,4611,10,1.60,13,0.0000
2025-12-28 18:22:27,4617,14,1.21,13,0.2143
2025-12-28 18:22:27,4620,11,1.45,13,0.0909
2025-12-28 18:22:27,4625,16,1.38,13,0.0625
2025-12-28 18:22:27,4632,19,1.26,13,0.1579
2025-12-28 18:22:27,4637,14,1.50,13,0.1429
2025-12-28 18:22:27,4641,10,1.70,13,0.0000
2025-12-28 18:22:27,4645,16,1.62,13,0.2500
2025-12-28 18:22:27,4651,10,1.70,13,0.2000
2025-12-28 18:22:27,4658,13,1.62,13,0.2308
2025-12-28 18:22:27,4662,19,1.37,13,0.1579
2025-12-28 18:22:27,4666,15,1.33,13,0.1333
2025-12-28 18:22:27,4674,17,1.18,13,0.1765
2025-12-28 18:22:27,4676,15,1.27,13,0.2000
2025-12-28 18:22:27,4681,10,1.30,13,0.1000
2025-12-28 18:22:27,4690,11,1.09,13,0.1818
2025-12-28 18:22:27,4695,16,1.12,13,0.2500
2025-12-28 18:22:27,4701,10,1.30,13,0.0000
2025-12-28 18:22:27,4708,13,1.00,13,0.1538
2025-12-28 18:22:27,4716,15,1.20,13,0.2000
2025-12-28 18:22:27,4720,11,1.18,13,0.0000
2025-12-28 18:22:28,4723,18,1.39,13,0.3333
2025-12-28 18:22:28,4730,11,1.27,13,0.2727
2025-12-28 18:22:28,4738,13,1.38,13,0.0769
2025-12-28 18:22:28,4743,18,1.28,13,0.0556
2025-12-28 18:22:28,4746,15,1.20,13,0.0667
2025-12-28 18:22:28,4752,19,1.16,13,0.1053
2025-12-28 18:22:28,4757,14,1.07,13,0.2143
2025-12-28 18:22:28,4767,14,1.21,13,0.0714
2025-12-28 18:22:28,4774,17,1.12,13,0.1765
2025-12-28 18:22:28,4781,10,1.10,13,0.1000
2025-12-28 18:22:28,4786,15,1.07,13,0.1333
2025-12-28 18:22:28,4790,11,1.09,13,0.1818
2025-12-28 18:22:28,4799,12,1.08,13,0.0833
2025-12-28 18:22:28,4805,16,1.50,13,0.1875
2025-12-28 18:22:28,4810,11,1.73,13,0.2727
2025-12-28 18:22:28,4817,14,1.29,13,0.2857
2025-12-28 18:22:28,4820,11,1.18,13,0.0909
2025-12-28 18:22:28,4825,16,1.44,13,0.1250
2025-12-28 18:22:28,4835,16,1.19,13,0.1875
2025-12-28 18:22:28,4838,13,1.08,13,0.2308
2025-12-28 18:22:28,4846,15,1.20,13,0.1333
2025-12-28 18:22:28,4850,11,1.18,13,0.1818
2025-12-28 18:22:28,4855,16,1.31,13,0.2500
2025-12-28 18:22:28,4865,16,1.38,13,0.3125
2025-12-28 18:22:28,4869,12,1.25,13,0.2500
2025-12-28 18:22:28,4878,13,1.38,13,0.1538
2025-12-28 18:22:28,4881,10,1.50,13,0.2000
2025-12-28 18:22:28,4888,13,1.38,13,0.1538
2025-12-28 18:22:28,4892,19,1.42,13,0.0526
2025-12-28 18:22:28,4896,15,1.40,13,0.0000
2025-12-28 18:22:28,4900,11,1.45,13,0.0909
2025-12-28 18:22:28,4905,16,1.50,13,0.0625
2025-12-28 18:22:28,4915,16,1.62,13,0.1875
2025-12-28 18:22:28,4918,13,1.85,13,0.0769
2025-12-28 18:22:28,4925,16,1.69,13,0.2500
2025-12-28 18:22:28,4930,11,2.18,13,0.3636
2025-12-28 18:22:28,4934,18,1.44,13,0.2778
2025-12-28 18:22:28,4939,13,1.77,13,0.2308
2025-12-28 18:22:28,4944,18,1.56,13,0.2222
2025-12-28 18:22:29,4949,13,1.77,13,0.1538
2025-12-28 18:22:29,4956,16,1.62,13,0.3750
2025-12-28 18:22:29,4963,19,1.58,13,0.3684
2025-12-28 18:22:29,4970,12,1.92,13,0.2500
2025-12-28 18:22:29,4976,16,2.12,13,0.1875
2025-12-28 18:22:29,4980,12,2.75,13,0.2500
2025-12-28 18:22:29,4986,16,2.44,13,0.3125
2025-12-28 18:22:29,4987,15,2.80,13,0.2667
2025-12-28 18:22:29,4992,10,3.60,13,0.3000
2025-12-28 18:22:29,4997,15,2.93,13,0.2667
2025-12-28 18:22:29,5003,10,2.90,13,0.1000
2025-12-28 18:22:29,5007,16,2.38,13,0.1875
2025-12-28 18:22:29,5014,19,1.79,13,0.3158
2025-12-28 18:22:29,5018,15,2.13,13,0.2667
2025-12-28 18:22:29,5021,12,2.42,13,0.0833
2025-12-28 18:22:29,5030,13,1.31,13,0.2308
2025-12-28 18:22:29,5033,10,1.50,13,0.3000
2025-12-28 18:22:29,5039,14,1.50,13,0.0714
2025-12-28 18:22:29,5044,19,1.37,13,0.2632
2025-12-28 18:22:29,5049,14,1.71,13,0.2857
2025-12-28 18:22:29,5055,18,1.50,13,0.3333
2025-12-28 18:22:29,5061,12,1.17,13,0.4167
2025-12-28 18:22:29,5067,16,1.25,13,0.1875
2025-12-28 18:22:29,5072,11,1.55,13,0.1818
2025-12-28 18:22:29,5077,16,1.19,13,0.0000
2025-12-28 18:22:29,5081,12,1.25,13,0.0833
2025-12-28 18:22:29,5086,17,1.29,13,0.1765
2025-12-28 18:22:29,5093,10,1.50,13,0.2000
2025-12-28 18:22:29,5098,15,1.07,13,0.2000
2025-12-28 18:22:29,5107,16,1.12,13,0.4375
2025-12-28 18:22:29,5111,12,1.33,13,0.1667
2025-12-28 18:22:29,5116,17,1.41,13,0.3529
2025-12-28 18:22:29,5119,14,1.50,13,0.2857
2025-12-28 18:22:29,5126,17,1.47,13,0.1765
2025-12-28 18:22:29,5131,12,1.42,13,0.3333
2025-12-28 18:22:29,5136,17,1.53,13,0.1176
2025-12-28 18:22:29,5142,11,1.36,13,0.0909
2025-12-28 18:22:29,5147,16,1.19,13,0.1875
2025-12-28 18:22:30,5153,10,1.20,13,0.1000
2025-12-28 18:22:30,5159,14,1.07,13,0.1429
2025-12-28 18:22:30,5167,16,1.12,13,0.2500
2025-12-28 18:22:30,5173,10,1.10,13,0.0000
2025-12-28 18:22:30,5178,15,1.33,13,0.1333
2025-12-28 18:22:30,5182,11,1.45,13,0.0909
2025-12-28 18:22:30,5185,18,1.28,13,0.2222
2025-12-28 18:22:30,5196,17,1.24,13,0.0588
2025-12-28 18:22:30,5200,13,1.31,13,0.0000
2025-12-28 18:22:30,5208,15,1.13,13,0.2667
2025-12-28 18:22:30,5211,12,1.08,13,0.2500
2025-12-28 18:22:30,5222,11,1.09,13,0.0909
2025-12-28 18:22:30,5227,16,1.00,13,0.1875
2025-12-28 18:22:30,5231,12,1.25,13,0.2500
2025-12-28 18:22:30,5236,17,1.12,13,0.0588
2025-12-28 18:22:30,5241,12,1.08,13,0.1667
2025-12-28 18:22:30,5245,18,1.17,13,0.1667
2025-12-28 18:22:30,5257,16,1.12,13,0.2500
2025-12-28 18:22:30,5260,13,1.38,13,0.3846
2025-12-28 18:22:30,5267,16,1.50,13,0.0625
2025-12-28 18:22:30,5270,13,1.85,13,0.1538
2025-12-28 18:22:30,5276,17,1.53,13,0.1765
2025-12-28 18:22:30,5280,13,1.92,13,0.1538
2025-12-28 18:22:30,5288,15,1.60,13,0.0667
2025-12-28 18:22:30,5291,12,2.00,13,0.0000
2025-12-28 18:22:30,5295,18,1.89,13,0.1111
2025-12-28 18:22:30,5298,15,2.00,13,0.1333
2025-12-28 18:22:30,5307,16,2.00,13,0.1875
2025-12-28 18:22:30,5312,11,2.18,13,0.2727
2025-12-28 18:22:30,5318,15,1.73,13,0.2000
2025-12-28 18:22:30,5322,11,2.09,13,0.1818
2025-12-28 18:22:30,5327,16,1.81,13,0.1250
2025-12-28 18:22:30,5333,10,2.10,13,0.0000
2025-12-28 18:22:30,5338,15,1.73,13,0.3333
2025-12-28 18:22:30,5350,13,1.92,13,0.0769
2025-12-28 18:22:30,5354,20,1.45,13,0.1000
2025-12-28 18:22:30,5356,18,1.56,13,0.1111
2025-12-28 18:22:30,5364,10,2.00,13,0.0000
2025-12-28 18:22:30,5367,17,1.59,13,0.1176
2025-12-28 18:22:31,5373,11,1.73,13,0.0000
2025-12-28 18:22:31,5377,17,1.59,13,0.2941
2025-12-28 18:22:31,5385,19,1.84,13,0.2632
2025-12-28 18:22:31,5390,14,2.29,13,0.2143
2025-12-28 18:22:31,5397,17,1.82,13,0.1765
2025-12-28 18:22:31,5400,14,1.93,13,0.3571
2025-12-28 18:22:31,5407,18,1.50,13,0.0556
2025-12-28 18:22:31,5413,12,1.67,13,0.0000
2025-12-28 18:22:31,5419,16,1.56,13,0.1250
2025-12-28 18:22:31,5427,18,1.44,13,0.2222
2025-12-28 18:22:31,5433,12,1.75,13,0.3333
2025-12-28 18:22:31,5437,18,1.56,13,0.2778
2025-12-28 18:22:31,5443,12,1.83,13,0.2500
2025-12-28 18:22:31,5451,14,1.57,13,0.0714
2025-12-28 18:22:31,5458,17,1.65,13,0.1176
2025-12-28 18:22:31,5466,19,1.63,13,0.3158
2025-12-28 18:22:31,5470,15,1.73,13,0.2667
2025-12-28 18:22:31,5475,10,2.30,13,0.1000
2025-12-28 18:22:31,5481,14,1.79,13,0.2143
2025-12-28 18:22:31,5490,15,2.13,13,0.1333
2025-12-28 18:22:31,5495,10,2.40,13,0.0000
2025-12-28 18:22:31,5498,17,1.76,13,0.3529
2025-12-28 18:22:31,5509,16,1.81,13,0.0000
2025-12-28 18:22:31,5510,15,1.80,13,0.1333
2025-12-28 18:22:31,5515,10,2.30,13,0.0000
2025-12-28 18:22:31,5519,16,1.81,13,0.0000
2025-12-28 18:22:31,5524,11,2.09,13,0.0000
2025-12-28 18:22:31,5528,18,1.50,13,0.1667
2025-12-28 18:22:31,5533,13,2.08,13,0.3077
2025-12-28 18:22:31,5538,18,1.67,13,0.2222
2025-12-28 18:22:31,5544,12,2.25,13,0.2500
2025-12-28 18:22:31,5550,17,1.53,13,0.1765
2025-12-28 18:22:31,5555,12,2.17,13,0.2500
2025-12-28 18:22:31,5558,19,1.74,13,0.1053
2025-12-28 18:22:31,5563,14,2.00,13,0.2857
2025-12-28 18:22:31,5569,18,1.56,13,0.2222
2025-12-28 18:22:31,5576,11,1.45,13,0.0909
2025-12-28 18:22:31,5583,14,1.43,13,0.0714
2025-12-28 18:22:32,5590,17,1.24,13,0.1765
2025-12-28 18:22:32,5594,13,1.38,13,0.2308
2025-12-28 18:22:32,5601,16,1.25,13,0.2500
2025-12-28 18:22:32,5606,11,1.45,13,0.0909
2025-12-28 18:22:32,5612,15,1.27,13,0.2667
2025-12-28 18:22:32,5617,10,1.50,13,0.2000
2025-12-28 18:22:32,5622,15,1.53,13,0.4000
2025-12-28 18:22:32,5629,18,1.56,13,0.1667
2025-12-28 18:22:32,5636,11,1.64,13,0.1818
2025-12-28 18:22:32,5642,15,1.33,13,0.3333
2025-12-28 18:22:32,5651,16,1.12,13,0.0625
2025-12-28 18:22:32,5656,11,1.36,13,0.0909
2025-12-28 18:22:32,5660,17,1.24,13,0.0588
2025-12-28 18:22:32,5662,15,1.47,13,0.0667
2025-12-28 18:22:32,5670,17,1.24,13,0.2353
2025-12-28 18:22:32,5679,18,1.17,13,0.2222
2025-12-28 18:22:32,5685,12,1.33,13,0.3333
2025-12-28 18:22:32,5691,16,1.19,13,0.3125
2025-12-28 18:22:32,5694,13,1.38,13,0.0000
2025-12-28 18:22:32,5700,17,1.12,13,0.2353
2025-12-28 18:22:32,5709,18,1.17,13,0.2778
2025-12-28 18:22:32,5713,14,1.50,13,0.1429
2025-12-28 18:22:32,5716,11,1.55,13,0.0909
2025-12-28 18:22:32,5725,12,1.25,13,0.1667
2025-12-28 18:22:32,5729,18,1.17,13,0.1667
2025-12-28 18:22:32,5737,10,1.40,13,0.0000
2025-12-28 18:22:32,5743,14,1.00,13,0.1429
2025-12-28 18:22:32,5751,16,1.06,13,0.6875
2025-12-28 18:22:32,5756,11,1.18,13,0.3636
2025-12-28 18:22:32,5766,11,1.09,13,0.1818
2025-12-28 18:22:32,5768,19,1.05,13,0.2105
2025-12-28 18:22:32,5772,15,1.27,13,0.2667
2025-12-28 18:22:32,5782,15,1.13,13,0.2000
2025-12-28 18:22:32,5785,12,1.08,13,0.1667
2025-12-28 18:22:32,5793,14,1.21,13,0.0714
2025-12-28 18:22:32,5798,19,1.11,13,0.1053
2025-12-28 18:22:32,5800,17,1.47,13,0.1765
2025-12-28 18:22:32,5806,11,1.55,13,0.0000
2025-12-28 18:22:32,5810,17,1.24,13,0.0588
2025-12-28 18:22:33,5819,18,1.28,13,0.1667
2025-12-28 18:22:33,5823,14,1.29,13,0.0714
2025-12-28 18:22:33,5831,16,1.19,13,0.2500
2025-12-28 18:22:33,5833,14,1.21,13,0.1429
2025-12-28 18:22:33,5843,14,1.07,13,0.2857
2025-12-28 18:22:33,5849,18,1.11,13,0.2778
2025-12-28 18:22:33,5857,10,1.10,13,0.1000
2025-12-28 18:22:33,5861,16,1.19,13,0.3125
2025-12-28 18:22:33,5867,10,1.50,13,0.2000
2025-12-28 18:22:33,5873,14,1.29,13,0.2143
2025-12-28 18:22:33,5877,10,1.40,13,0.1000
2025-12-28 18:22:33,5882,15,1.27,13,0.1333
2025-12-28 18:22:33,5889,18,1.11,13,0.3333
2025-12-28 18:22:33,5894,13,1.23,13,0.2308
2025-12-28 18:22:33,5901,16,1.12,13,0.2500
2025-12-28 18:22:33,5908,19,1.00,13,0.1053
2025-12-28 18:22:33,5911,16,1.06,13,0.1250
2025-12-28 18:22:33,5919,18,1.11,13,0.1667
2025-12-28 18:22:33,5923,14,1.29,13,0.2143
2025-12-28 18:22:33,5931,16,1.38,13,0.1875
2025-12-28 18:22:33,5938,19,1.37,13,0.2105
2025-12-28 18:22:33,5942,15,1.27,13,0.2667
2025-12-28 18:22:33,5947,10,1.40,13,0.1000
2025-12-28 18:22:33,5951,16,1.19,13,0.2500
2025-12-28 18:22:33,5959,18,1.28,13,0.3333
2025-12-28 18:22:33,5969,18,1.28,13,0.4444
2025-12-28 18:22:33,5975,12,1.42,13,0.5833
2025-12-28 18:22:33,5983,14,1.14,13,0.3571
2025-12-28 18:22:33,5988,19,1.11,13,0.3158
2025-12-28 18:22:33,5993,14,1.43,13,0.2143
2025-12-28 18:22:33,5997,10,1.70,13,0.1000
2025-12-28 18:22:33,6001,16,1.38,13,0.1250
2025-12-28 18:22:33,6007,10,1.40,13,0.1000
2025-12-28 18:22:33,6013,14,1.21,13,0.3571
2025-12-28 18:22:33,6018,19,1.11,13,0.3158
2025-12-28 18:22:33,6026,11,1.09,13,0.1818
2025-12-28 18:22:33,6034,13,1.15,13,0.3077
2025-12-28 18:22:33,6039,18,1.22,13,0.2222
2025-12-28 18:22:34,6043,14,1.21,13,0.2857
2025-12-28 18:22:34,6051,16,1.12,13,0.2500
2025-12-28 18:22:34,6056,11,1.64,13,0.0909
2025-12-28 18:22:34,6061,16,1.44,13,0.1875
2025-12-28 18:22:34,6065,12,1.58,13,0.2500
2025-12-28 18:22:34,6071,16,1.62,13,0.3125
2025-12-28 18:22:34,6077,10,1.40,13,0.2000
2025-12-28 18:22:34,6083,14,1.21,13,0.2857
2025-12-28 18:22:34,6087,10,1.30,13,0.1000
2025-12-28 18:22:34,6091,16,1.19,13,0.1875
2025-12-28 18:22:34,6098,19,1.16,13,0.3158
2025-12-28 18:22:34,6103,14,1.21,13,0.2143
2025-12-28 18:22:34,6114,13,1.46,13,0.2308
2025-12-28 18:22:34,6117,10,1.50,13,0.1000
2025-12-28 18:22:34,6121,16,1.38,13,0.1875
2025-12-28 18:22:34,6126,11,1.45,13,0.3636
2025-12-28 18:22:34,6130,17,1.12,13,0.1765
2025-12-28 18:22:34,6139,18,1.33,13,0.0556
2025-12-28 18:22:34,6143,14,1.50,13,0.2143
2025-12-28 18:22:34,6149,18,1.28,13,0.1667
2025-12-28 18:22:34,6153,14,1.36,13,0.2857
2025-12-28 18:22:34,6162,15,1.13,13,0.1333
2025-12-28 18:22:34,6168,19,1.05,13,0.0526
2025-12-28 18:22:34,6176,11,1.00,13,0.1818
2025-12-28 18:22:34,6182,15,1.00,13,0.1333
2025-12-28 18:22:34,6186,11,1.09,13,0.0000
2025-12-28 18:22:34,6193,14,1.00,13,0.2857
2025-12-28 18:22:34,6200,17,1.00,13,0.3529
2025-12-28 18:22:34,6208,19,1.00,13,0.1579
2025-12-28 18:22:34,6212,15,1.27,13,0.0667
2025-12-28 18:22:34,6217,10,1.50,13,0.2000
2025-12-28 18:22:34,6223,14,1.36,13,0.2857
2025-12-28 18:22:34,6232,15,1.20,13,0.3333
2025-12-28 18:22:34,6238,19,1.26,13,0.1579
2025-12-28 18:22:34,6241,16,1.62,13,0.0625
2025-12-28 18:22:34,6244,13,1.92,13,0.0000
2025-12-28 18:22:34,6247,10,2.00,13,0.2000
2025-12-28 18:22:34,6252,15,1.60,13,0.1333
2025-12-28 18:22:34,6256,11,1.82,13,0.0909
2025-12-28 18:22:35,6258,19,1.47,13,0.1053
2025-12-28 18:22:35,6262,15,1.33,13,0.2000
2025-12-28 18:22:35,6268,19,1.26,13,0.1053
2025-12-28 18:22:35,6274,13,1.54,13,0.1538
2025-12-28 18:22:35,6279,18,1.39,13,0.0556
2025-12-28 18:22:35,6283,14,1.36,13,0.0714
2025-12-28 18:22:35,6290,17,1.18,13,0.2941
2025-12-28 18:22:35,6295,12,1.42,13,0.1667
2025-12-28 18:22:35,6303,14,1.29,13,0.0714
2025-12-28 18:22:35,6308,19,1.16,13,0.2105
2025-12-28 18:22:35,6313,14,1.14,13,0.2143
2025-12-28 18:22:35,6318,19,1.16,13,0.2632
2025-12-28 18:22:35,6324,13,1.38,13,0.1538
2025-12-28 18:22:35,6332,15,1.47,13,0.2000
2025-12-28 18:22:35,6334,13,1.54,13,0.1538
2025-12-28 18:22:35,6336,11,1.55,13,0.1818
2025-12-28 18:22:35,6344,13,1.77,13,0.1538
2025-12-28 18:22:35,6350,17,1.59,13,0.0588
2025-12-28 18:22:35,6353,14,1.71,13,0.1429
2025-12-28 18:22:35,6358,19,1.74,13,0.1579
2025-12-28 18:22:35,6363,14,1.71,13,0.2143
2025-12-28 18:22:35,6365,12,1.42,13,0.2500
2025-12-28 18:22:35,6369,18,1.28,13,0.1667
2025-12-28 18:22:35,6376,11,1.45,13,0.2727
2025-12-28 18:22:35,6383,14,1.36,13,0.0714
2025-12-28 18:22:35,6387,10,1.50,13,0.1000
2025-12-28 18:22:35,6391,16,1.56,13,0.0625
2025-12-28 18:22:35,6393,14,1.79,13,0.0714
2025-12-28 18:22:35,6395,12,1.67,13,0.2500
2025-12-28 18:22:35,6403,14,1.43,13,0.1429
2025-12-28 18:22:35,6405,12,1.50,13,0.2500
2025-12-28 18:22:35,6408,19,1.16,13,0.2105
2025-12-28 18:22:35,6415,12,1.33,13,0.2500
2025-12-28 18:22:35,6421,16,1.31,13,0.1875
2025-12-28 18:22:35,6423,14,1.36,13,0.0714
2025-12-28 18:22:35,6428,19,1.21,13,0.1053
2025-12-28 18:22:35,6434,13,1.31,13,0.0769
2025-12-28 18:22:35,6435,12,1.50,13,0.1667
2025-12-28 18:22:36,6439,18,1.50,13,0.1667
2025-12-28 18:22:36,6445,12,1.50,13,0.1667
2025-12-28 18:22:36,6448,19,1.37,13,0.3158
2025-12-28 18:22:36,6454,13,1.77,13,0.3077
2025-12-28 18:22:36,6466,11,1.45,13,0.0909
2025-12-28 18:22:36,6470,17,1.47,13,0.0588
2025-12-28 18:22:36,6471,16,1.50,13,0.0625
2025-12-28 18:22:36,6478,19,1.37,13,0.1579
2025-12-28 18:22:36,6483,14,1.93,13,0.1429
2025-12-28 18:22:36,6490,17,1.65,13,0.1176
2025-12-28 18:22:36,6495,12,2.25,13,0.0833
2025-12-28 18:22:36,6497,10,2.20,13,0.1000
2025-12-28 18:22:36,6502,15,1.80,13,0.2667
2025-12-28 18:22:36,6509,18,1.44,13,0.2222
2025-12-28 18:22:36,6512,15,1.53,13,0.2000
2025-12-28 18:22:36,6518,19,1.37,13,0.0526
2025-12-28 18:22:36,6523,14,1.64,13,0.2143
2025-12-28 18:22:36,6528,19,1.47,13,0.2105
2025-12-28 18:22:36,6533,14,1.64,13,0.2143
2025-12-28 18:22:36,6537,10,1.80,13,0.2000
2025-12-28 18:22:36,6540,17,1.53,13,0.1176
2025-12-28 18:22:36,6545,12,1.42,13,0.0833
2025-12-28 18:22:36,6550,17,1.29,13,0.1765
2025-12-28 18:22:36,6559,18,1.33,13,0.1667
2025-12-28 18:22:36,6562,15,1.73,13,0.2000
2025-12-28 18:22:36,6569,18,1.33,13,0.2778
2025-12-28 18:22:36,6573,14,1.57,13,0.2143
2025-12-28 18:22:36,6582,15,1.13,13,0.1333
2025-12-28 18:22:36,6583,14,1.07,13,0.2143
2025-12-28 18:22:36,6592,15,1.13,13,0.2000
2025-12-28 18:22:36,6598,19,1.16,13,0.2105
2025-12-28 18:22:36,6601,16,1.31,13,0.1875
2025-12-28 18:22:36,6610,17,1.24,13,0.2353
2025-12-28 18:22:36,6615,12,1.25,13,0.1667
2025-12-28 18:22:36,6621,16,1.25,13,0.1875
2025-12-28 18:22:36,6624,13,1.38,13,0.0769
2025-12-28 18:22:36,6630,17,1.35,13,0.0588
2025-12-28 18:22:36,6639,18,1.17,13,0.2222
2025-12-28 18:22:36,6642,15,1.33,13,0.4000
2025-12-28 18:22:37,6649,18,1.44,13,0.1667
2025-12-28 18:22:37,6653,14,1.36,13,0.1429
2025-12-28 18:22:37,6661,16,1.25,13,0.1875
2025-12-28 18:22:37,6666,11,1.64,13,0.1818
2025-12-28 18:22:37,6668,19,1.37,13,0.3684
2025-12-28 18:22:37,6674,13,1.69,13,0.0000
2025-12-28 18:22:37,6677,10,1.50,13,0.0000
2025-12-28 18:22:37,6687,10,1.90,13,0.3000
2025-12-28 18:22:37,6691,16,1.38,13,0.1250
2025-12-28 18:22:37,6693,14,1.50,13,0.0000
2025-12-28 18:22:37,6699,18,1.44,13,0.1111
2025-12-28 18:22:37,6705,12,1.75,13,0.0833
2025-12-28 18:22:37,6707,10,2.10,13,0.2000
2025-12-28 18:22:37,6712,15,1.60,13,0.2000
2025-12-28 18:22:37,6715,12,1.75,13,0.1667
2025-12-28 18:22:37,6718,19,1.53,13,0.1053
2025-12-28 18:22:37,6722,15,1.40,13,0.2000
2025-12-28 18:22:37,6727,10,1.50,13,0.0000
2025-12-28 18:22:37,6733,14,1.50,13,0.2857
2025-12-28 18:22:37,6737,10,1.50,13,0.1000
2025-12-28 18:22:37,6738,19,1.26,13,0.1053
2025-12-28 18:22:37,6745,12,1.50,13,0.0833
2025-12-28 18:22:37,6751,16,1.50,13,0.1250
2025-12-28 18:22:37,6755,12,1.67,13,0.0000
2025-12-28 18:22:37,6757,10,1.60,13,0.1000
2025-12-28 18:22:37,6760,17,1.41,13,0.3529
2025-12-28 18:22:37,6766,11,1.64,13,0.0909
2025-12-28 18:22:37,6775,12,1.67,13,0.0000
2025-12-28 18:22:37,6777,10,1.60,13,0.2000
2025-12-28 18:22:37,6783,14,1.57,13,0.0000
2025-12-28 18:22:37,6788,19,1.37,13,0.1053
2025-12-28 18:22:37,6792,15,1.60,13,0.2000
2025-12-28 18:22:37,6799,18,1.44,13,0.2222
2025-12-28 18:22:37,6804,13,1.69,13,0.2308
2025-12-28 18:22:37,6808,19,1.58,13,0.2632
2025-12-28 18:22:37,6815,12,1.75,13,0.4167
2025-12-28 18:22:37,6823,14,1.29,13,0.0714
2025-12-28 18:22:37,6828,19,1.32,13,0.2105
2025-12-28 18:22:37,6836,11,1.36,13,0.0909
2025-12-28 18:22:38,6841,16,1.44,13,0.1875
2025-12-28 18:22:38,6848,19,1.32,13,0.1053
2025-12-28 18:22:38,6852,15,1.20,13,0.2000
2025-12-28 18:22:38,6855,12,1.42,13,0.0833
2025-12-28 18:22:38,6859,18,1.22,13,0.0556
2025-12-28 18:22:38,6867,10,1.30,13,0.0000
2025-12-28 18:22:38,6868,19,1.32,13,0.2105
2025-12-28 18:22:38,6871,16,1.62,13,0.1250
2025-12-28 18:22:38,6877,10,2.00,13,0.1000
2025-12-28 18:22:38,6880,17,1.53,13,0.1176
2025-12-28 18:22:38,6885,12,1.75,13,0.2500
2025-12-28 18:22:38,6889,18,1.50,13,0.2778
2025-12-28 18:22:38,6898,19,1.42,13,0.1579
2025-12-28 18:22:38,6903,14,1.79,13,0.0714
2025-12-28 18:22:38,6907,10,1.80,13,0.2000
2025-12-28 18:22:38,6911,16,1.38,13,0.2500
2025-12-28 18:22:38,6916,11,1.73,13,0.2727
2025-12-28 18:22:38,6921,16,1.62,13,0.0000
2025-12-28 18:22:38,6925,12,1.75,13,0.0833
2025-12-28 18:22:38,6930,17,1.47,13,0.1765
2025-12-28 18:22:38,6936,11,1.73,13,0.1818
2025-12-28 18:22:38,6939,18,1.06,13,0.2222
2025-12-28 18:22:38,6944,13,1.08,13,0.3077
2025-12-28 18:22:38,6954,13,1.23,13,0.0769
2025-12-28 18:22:38,6957,10,1.40,13,0.1000
2025-12-28 18:22:38,6966,11,1.36,13,0.1818
2025-12-28 18:22:38,6971,16,1.25,13,0.3125
2025-12-28 18:22:38,6975,12,1.67,13,0.4167
2025-12-28 18:22:38,6985,12,1.33,13,0.2500
2025-12-28 18:22:38,6985,12,1.33,13,0.3333
2025-12-28 18:22:38,6992,15,1.33,13,0.2000
2025-12-28 18:22:38,6996,11,1.73,13,0.0909
2025-12-28 18:22:38,7000,17,1.35,13,0.2353
2025-12-28 18:22:38,7006,11,1.64,13,0.0909
2025-12-28 18:22:38,7010,17,1.35,13,0.1765
2025-12-28 18:22:38,7018,19,1.26,13,0.1053
2025-12-28 18:22:38,7022,15,1.20,13,0.2000
2025-12-28 18:22:38,7032,15,1.20,13,0.2000
2025-12-28 18:22:38,7037,10,1.00,13,0.4000
2025-12-28 18:22:38,7044,13,1.15,13,0.1538
2025-12-28 18:22:39,7054,13,1.08,13,0.0769
2025-12-28 18:22:39,7057,10,1.20,13,0.0000
2025-12-28 18:22:39,7061,16,1.31,13,0.0625
2025-12-28 18:22:39,7068,19,1.26,13,0.2105
2025-12-28 18:22:39,7073,14,1.50,13,0.1429
2025-12-28 18:22:39,7081,16,1.31,13,0.0625
2025-12-28 18:22:39,7085,12,1.50,13,0.0000
2025-12-28 18:22:39,7089,18,1.11,13,0.2222
2025-12-28 18:22:39,7094,13,1.23,13,0.2308
2025-12-28 18:22:39,7102,15,1.13,13,0.2000
2025-12-28 18:22:39,7104,13,1.38,13,0.1538
2025-12-28 18:22:39,7112,15,1.07,13,0.0667
2025-12-28 18:22:39,7118,19,1.05,13,0.1579
2025-12-28 18:22:39,7123,14,1.00,13,0.1429
2025-12-28 18:22:39,7130,17,1.18,13,0.2353
2025-12-28 18:22:39,7135,12,1.33,13,0.1667
2025-12-28 18:22:39,7142,15,1.13,13,0.1333
2025-12-28 18:22:39,7150,17,1.18,13,0.2941
2025-12-28 18:22:39,7153,14,1.43,13,0.2143
2025-12-28 18:22:39,7162,15,1.20,13,0.2000
2025-12-28 18:22:39,7169,18,1.28,13,0.0556
2025-12-28 18:22:39,7174,13,1.23,13,0.0769
2025-12-28 18:22:39,7180,17,1.29,13,0.1765
2025-12-28 18:22:39,7185,12,1.42,13,0.1667
2025-12-28 18:22:39,7189,18,1.33,13,0.2222
2025-12-28 18:22:39,7194,13,1.46,13,0.1538
2025-12-28 18:22:39,7204,13,1.62,13,0.1538
2025-12-28 18:22:39,7210,17,1.29,13,0.1176
2025-12-28 18:22:39,7215,12,1.42,13,0.0833
2025-12-28 18:22:39,7219,18,1.22,13,0.1667
2025-12-28 18:22:39,7226,11,1.18,13,0.0909
2025-12-28 18:22:39,7232,15,1.20,13,0.0667
2025-12-28 18:22:39,7236,11,1.09,13,0.0000
2025-12-28 18:22:39,7244,13,1.15,13,0.0769
2025-12-28 18:22:39,7249,18,1.00,13,0.3333
2025-12-28 18:22:39,7255,12,1.17,13,0.0833
2025-12-28 18:22:39,7261,16,1.19,13,0.1875
2025-12-28 18:22:39,7266,11,1.36,13,0.1818
2025-12-28 18:22:39,7272,15,1.20,13,0.2000
2025-12-28 18:22:40,7279,18,1.28,13,0.2778
2025-12-28 18:22:40,7285,12,1.25,13,0.1667
2025-12-28 18:22:40,7289,18,1.28,13,0.1667
2025-12-28 18:22:40,7292,15,1.53,13,0.2000
2025-12-28 18:22:40,7298,19,1.26,13,0.0000
2025-12-28 18:22:40,7303,14,1.29,13,0.2143
2025-12-28 18:22:40,7305,12,1.50,13,0.0833
2025-12-28 18:22:40,7312,15,1.13,13,0.1333
2025-12-28 18:22:40,7317,10,1.10,13,0.3000
2025-12-28 18:22:40,7325,12,1.08,13,0.2500
2025-12-28 18:22:40,7332,15,1.20,13,0.2667
2025-12-28 18:22:40,7335,12,1.25,13,0.2500
2025-12-28 18:22:40,7345,12,1.67,13,0.0833
2025-12-28 18:22:40,7352,15,1.40,13,0.1333
2025-12-28 18:22:40,7355,12,1.25,13,0.1667
2025-12-28 18:22:40,7362,15,1.07,13,0.4000
2025-12-28 18:22:40,7369,18,1.06,13,0.1667
2025-12-28 18:22:40,7375,12,1.08,13,0.0833
2025-12-28 18:22:40,7380,17,1.06,13,0.0588
2025-12-28 18:22:40,7387,10,1.30,13,0.0000
2025-12-28 18:22:40,7390,17,1.12,13,0.1176
2025-12-28 18:22:40,7394,13,1.15,13,0.0769
2025-12-28 18:22:40,7402,15,1.20,13,0.3333
2025-12-28 18:22:40,7411,16,1.62,13,0.1250
2025-12-28 18:22:40,7414,13,1.46,13,0.1538
2025-12-28 18:22:40,7419,18,1.22,13,0.2222
2025-12-28 18:22:40,7420,17,1.24,13,0.1765
2025-12-28 18:22:40,7428,19,1.05,13,0.0000
2025-12-28 18:22:40,7434,13,1.08,13,0.0769
2025-12-28 18:22:40,7439,18,1.11,13,0.1111
2025-12-28 18:22:40,7443,14,1.36,13,0.3571
2025-12-28 18:22:40,7450,17,1.24,13,0.1176
2025-12-28 18:22:40,7456,11,1.36,13,0.1818
2025-12-28 18:22:40,7460,17,1.29,13,0.1765
2025-12-28 18:22:40,7466,11,1.55,13,0.2727
2025-12-28 18:22:40,7473,14,1.36,13,0.2143
2025-12-28 18:22:40,7480,17,1.47,13,0.2353
2025-12-28 18:22:40,7482,15,1.60,13,0.2000
2025-12-28 18:22:40,7492,15,1.60,13,0.0667
2025-12-28 18:22:41,7497,10,1.70,13,0.1000
2025-12-28 18:22:41,7502,15,1.60,13,0.3333
2025-12-28 18:22:41,7508,19,1.37,13,0.1579
2025-12-28 18:22:41,7510,17,1.59,13,0.5294
2025-12-28 18:22:41,7519,18,1.56,13,0.4444
2025-12-28 18:22:41,7525,12,1.33,13,0.1667
2025-12-28 18:22:41,7530,17,1.47,13,0.1176
2025-12-28 18:22:41,7533,14,1.50,13,0.0714
2025-12-28 18:22:41,7544,13,1.46,13,0.0769
2025-12-28 18:22:41,7551,16,1.06,13,0.2500
2025-12-28 18:22:41,7558,19,1.05,13,0.1579
2025-12-28 18:22:41,7566,11,1.09,13,0.0000
2025-12-28 18:22:41,7568,19,1.00,13,0.1053
2025-12-28 18:22:41,7571,16,1.12,13,0.0625
2025-12-28 18:22:41,7583,14,1.07,13,0.1429
2025-12-28 18:22:41,7586,11,1.18,13,0.1818
2025-12-28 18:22:41,7593,14,1.07,13,0.2857
2025-12-28 18:22:41,7597,10,1.40,13,0.3000
2025-12-28 18:22:41,7605,12,1.33,13,0.1667
2025-12-28 18:22:41,7609,18,1.22,13,0.1667
2025-12-28 18:22:41,7617,10,1.20,13,0.4000
2025-12-28 18:22:41,7622,15,1.13,13,0.2000
2025-12-28 18:22:41,7625,12,1.08,13,0.1667
2025-12-28 18:22:41,7630,17,1.06,13,0.0588
2025-12-28 18:22:41,7638,19,1.26,13,0.0526
2025-12-28 18:22:41,7642,15,1.33,13,0.0667
2025-12-28 18:22:41,7651,16,1.25,13,0.0625
2025-12-28 18:22:41,7653,14,1.07,13,0.0714
2025-12-28 18:22:41,7660,17,1.00,13,0.1765
2025-12-28 18:22:41,7662,15,1.07,13,0.1333
2025-12-28 18:22:41,7669,18,1.06,13,0.1667
2025-12-28 18:22:41,7674,13,1.31,13,0.2308
2025-12-28 18:22:41,7683,14,1.14,13,0.2143
2025-12-28 18:22:41,7689,18,1.17,13,0.2222
2025-12-28 18:22:41,7692,15,1.20,13,0.0667
2025-12-28 18:22:41,7698,19,1.32,13,0.0526
2025-12-28 18:22:41,7699,18,1.39,13,0.1667
2025-12-28 18:22:41,7706,11,1.36,13,0.0909
2025-12-28 18:22:42,7710,17,1.18,13,0.2353
2025-12-28 18:22:42,7721,16,1.12,13,0.3750
2025-12-28 18:22:42,7725,12,1.25,13,0.1667
2025-12-28 18:22:42,7733,14,1.21,13,0.2143
2025-12-28 18:22:42,7737,10,1.40,13,0.2000
2025-12-28 18:22:42,7744,13,1.23,13,0.0000
2025-12-28 18:22:42,7749,18,1.11,13,0.1667
2025-12-28 18:22:42,7753,14,1.50,13,0.2143
2025-12-28 18:22:42,7757,10,1.80,13,0.0000
2025-12-28 18:22:42,7762,15,1.60,13,0.2667
2025-12-28 18:22:42,7767,10,2.20,13,0.2000
2025-12-28 18:22:42,7768,19,1.53,13,0.1053
2025-12-28 18:22:42,7775,12,1.75,13,0.0833
2025-12-28 18:22:42,7776,11,1.64,13,0.1818
2025-12-28 18:22:42,7784,13,1.38,13,0.2308
2025-12-28 18:22:42,7789,18,1.28,13,0.1667
2025-12-28 18:22:42,7793,14,1.79,13,0.1429
2025-12-28 18:22:42,7798,19,1.37,13,0.1579
2025-12-28 18:22:42,7804,13,1.31,13,0.1538
2025-12-28 18:22:42,7810,17,1.18,13,0.2353
2025-12-28 18:22:42,7816,11,1.00,13,0.1818
2025-12-28 18:22:42,7823,14,1.00,13,0.1429
2025-12-28 18:22:42,7827,10,1.10,13,0.1000
2025-12-28 18:22:42,7830,17,1.29,13,0.1176
2025-12-28 18:22:42,7837,10,1.40,13,0.1000
2025-12-28 18:22:42,7843,14,1.36,13,0.2143
2025-12-28 18:22:42,7852,15,1.33,13,0.0667
2025-12-28 18:22:42,7856,11,1.45,13,0.1818
2025-12-28 18:22:42,7861,16,1.50,13,0.0625
2025-12-28 18:22:42,7867,10,1.50,13,0.0000
2025-12-28 18:22:42,7870,17,1.41,13,0.2353
2025-12-28 18:22:42,7877,10,1.60,13,0.3000
2025-12-28 18:22:42,7884,13,1.62,13,0.3077
2025-12-28 18:22:42,7889,18,1.39,13,0.0556
2025-12-28 18:22:42,7893,14,1.71,13,0.0714
2025-12-28 18:22:42,7898,19,1.58,13,0.0526
2025-12-28 18:22:42,7901,16,1.75,13,0.3125
2025-12-28 18:22:42,7910,17,1.59,13,0.2353
2025-12-28 18:22:42,7912,15,1.53,13,0.2667
2025-12-28 18:22:42,7917,10,1.70,13,0.0000
2025-12-28 18:22:43,7925,12,1.25,13,0.1667
2025-12-28 18:22:43,7926,11,1.36,13,0.0000
2025-12-28 18:22:43,7931,16,1.12,13,0.1875
2025-12-28 18:22:43,7936,11,1.09,13,0.2727
2025-12-28 18:22:43,7943,14,1.14,13,0.1429
2025-12-28 18:22:43,7949,18,1.17,13,0.1667
2025-12-28 18:22:43,7955,12,1.08,13,0.0833
2025-12-28 18:22:43,7960,17,1.18,13,0.1765
2025-12-28 18:22:43,7970,17,1.18,13,0.1765
2025-12-28 18:22:43,7979,18,1.00,13,0.1667
2025-12-28 18:22:43,7986,11,1.27,13,0.4545
2025-12-28 18:22:43,7993,14,1.29,13,0.2143
2025-12-28 18:22:43,7998,19,1.37,13,0.3684
2025-12-28 18:22:43,8003,14,1.64,13,0.2143
2025-12-28 18:22:43,8009,18,1.56,13,0.2222
2025-12-28 18:22:43,8012,15,1.93,13,0.0667
2025-12-28 18:22:43,8018,19,1.58,13,0.3158
2025-12-28 18:22:43,8025,12,1.67,13,0.2500
2025-12-28 18:22:43,8032,15,1.93,13,0.4000
2025-12-28 18:22:43,8035,12,2.08,13,0.1667
2025-12-28 18:22:43,8042,15,1.47,13,0.0667
2025-12-28 18:22:43,8045,12,1.75,13,0.2500
2025-12-28 18:22:43,8049,18,1.33,13,0.6111
2025-12-28 18:22:43,8054,13,1.31,13,0.5385
2025-12-28 18:22:43,8065,12,1.08,13,0.2500
2025-12-28 18:22:43,8068,19,1.16,13,0.3684
2025-12-28 18:22:43,8075,12,1.50,13,0.3333
2025-12-28 18:22:43,8082,15,1.47,13,0.2000
2025-12-28 18:22:43,8086,11,2.00,13,0.1818
2025-12-28 18:22:43,8091,16,1.50,13,0.3125
2025-12-28 18:22:43,8094,13,1.92,13,0.1538
2025-12-28 18:22:43,8099,18,1.50,13,0.2778
2025-12-28 18:22:43,8106,11,1.00,13,0.3636
2025-12-28 18:22:43,8113,14,1.00,13,0.0714
2025-12-28 18:22:43,8120,17,1.06,13,0.1176
2025-12-28 18:22:43,8127,10,1.30,13,0.2000
2025-12-28 18:22:43,8134,13,1.31,13,0.2308
2025-12-28 18:22:43,8138,19,1.16,13,0.1053
2025-12-28 18:22:43,8143,14,1.36,13,0.0714
2025-12-28 18:22:44,8147,10,1.50,13,0.0000
2025-12-28 18:22:44,8150,17,1.24,13,0.1765
2025-12-28 18:22:44,8157,10,1.20,13,0.3000
2025-12-28 18:22:44,8164,13,1.15,13,0.2308
2025-12-28 18:22:44,8175,12,1.08,13,0.3333
2025-12-28 18:22:44,8179,18,1.00,13,0.1667
2025-12-28 18:22:44,8184,13,1.00,13,0.1538
2025-12-28 18:22:44,8195,12,1.17,13,0.2500
2025-12-28 18:22:44,8200,17,1.12,13,0.1765
2025-12-28 18:22:44,8205,12,1.33,13,0.0833
2025-12-28 18:22:44,8214,13,1.15,13,0.1538
2025-12-28 18:22:44,8220,17,1.06,13,0.2353
2025-12-28 18:22:44,8225,12,1.17,13,0.0000
2025-12-28 18:22:44,8231,16,1.06,13,0.1875
2025-12-28 18:22:44,8234,13,1.08,13,0.0769
2025-12-28 18:22:44,8246,11,1.09,13,0.0909
2025-12-28 18:22:44,8251,16,1.06,13,0.0625
2025-12-28 18:22:44,8254,13,1.54,13,0.0769
2025-12-28 18:22:44,8258,19,1.42,13,0.1053
2025-12-28 18:22:44,8265,12,1.58,13,0.2500
2025-12-28 18:22:44,8269,18,1.28,13,0.1667
2025-12-28 18:22:44,8274,13,1.15,13,0.2308
2025-12-28 18:22:44,8281,16,1.12,13,0.0625
2025-12-28 18:22:44,8286,11,1.36,13,0.0909
2025-12-28 18:22:44,8294,13,1.46,13,0.3077
2025-12-28 18:22:44,8297,10,1.30,13,0.3000
2025-12-28 18:22:44,8300,17,1.18,13,0.2353
2025-12-28 18:22:44,8308,19,1.32,13,0.2632
2025-12-28 18:22:44,8313,14,1.21,13,0.1429
2025-12-28 18:22:44,8318,19,1.21,13,0.1053
2025-12-28 18:22:44,8321,16,1.50,13,0.1250
2025-12-28 18:22:44,8329,18,1.33,13,0.1667
2025-12-28 18:22:44,8333,14,1.57,13,0.2143
2025-12-28 18:22:44,8337,10,1.40,13,0.1000
2025-12-28 18:22:44,8338,19,1.32,13,0.0526
2025-12-28 18:22:44,8347,10,1.20,13,0.0000
2025-12-28 18:22:44,8350,17,1.06,13,0.1176
2025-12-28 18:22:44,8355,12,1.08,13,0.0833
2025-12-28 18:22:44,8362,15,1.07,13,0.2000
2025-12-28 18:22:44,8373,14,1.07,13,0.2143
2025-12-28 18:22:45,8376,11,1.18,13,0.0909
2025-12-28 18:22:45,8380,17,1.12,13,0.0588
2025-12-28 18:22:45,8387,10,1.20,13,0.1000
2025-12-28 18:22:45,8393,14,1.21,13,0.2143
2025-12-28 18:22:45,8401,16,1.31,13,0.0625
2025-12-28 18:22:45,8406,11,1.45,13,0.1818
2025-12-28 18:22:45,8408,19,1.21,13,0.0000
2025-12-28 18:22:45,8413,14,1.36,13,0.0000
2025-12-28 18:22:45,8423,14,1.50,13,0.1429
2025-12-28 18:22:45,8428,19,1.32,13,0.0526
2025-12-28 18:22:45,8434,13,1.38,13,0.2308
2025-12-28 18:22:45,8441,16,1.25,13,0.0000
2025-12-28 18:22:45,8446,11,1.36,13,0.0000
2025-12-28 18:22:45,8454,13,1.38,13,0.0769
2025-12-28 18:22:45,8461,16,1.44,13,0.1250
2025-12-28 18:22:45,8463,14,1.64,13,0.0714
2025-12-28 18:22:45,8467,10,2.00,13,0.0000
2025-12-28 18:22:45,8473,14,1.64,13,0.0714
2025-12-28 18:22:45,8478,19,1.42,13,0.2105
2025-12-28 18:22:45,8482,15,1.53,13,0.2000
2025-12-28 18:22:45,8490,17,1.47,13,0.1176
2025-12-28 18:22:45,8497,10,1.90,13,0.1000
2025-12-28 18:22:45,8500,17,1.65,13,0.1176
2025-12-28 18:22:45,8507,10,2.00,13,0.0000
2025-12-28 18:22:45,8509,18,1.50,13,0.1111
2025-12-28 18:22:45,8515,12,1.92,13,0.1667
2025-12-28 18:22:45,8517,10,1.70,13,0.1000
2025-12-28 18:22:45,8521,16,1.50,13,0.2500
2025-12-28 18:22:45,8525,12,1.75,13,0.1667
2025-12-28 18:22:45,8527,10,1.80,13,0.1000
2025-12-28 18:22:45,8531,16,1.75,13,0.2500
2025-12-28 18:22:45,8535,12,1.67,13,0.3333
2025-12-28 18:22:45,8539,18,1.44,13,0.2778
2025-12-28 18:22:45,8543,14,1.64,13,0.3571
2025-12-28 18:22:45,8550,17,1.53,13,0.2353
2025-12-28 18:22:45,8554,13,1.77,13,0.3077
2025-12-28 18:22:45,8562,15,1.80,13,0.1333
2025-12-28 18:22:45,8565,12,1.92,13,0.2500
2025-12-28 18:22:45,8567,10,2.00,13,0.1000
2025-12-28 18:22:45,8574,13,1.77,13,0.0769
2025-12-28 18:22:46,8576,11,1.82,13,0.0909
2025-12-28 18:22:46,8583,14,1.57,13,0.2143
2025-12-28 18:22:46,8587,10,1.70,13,0.1000
2025-12-28 18:22:46,8594,13,1.62,13,0.1538
2025-12-28 18:22:46,8599,18,1.39,13,0.1111
2025-12-28 18:22:46,8602,15,1.53,13,0.1333
2025-12-28 18:22:46,8608,19,1.42,13,0.1053
2025-12-28 18:22:46,8610,17,1.29,13,0.2353
2025-12-28 18:22:46,8617,10,1.70,13,0.2000
2025-12-28 18:22:46,8621,16,1.38,13,0.0625
2025-12-28 18:22:46,8628,19,1.26,13,0.0526
2025-12-28 18:22:46,8630,17,1.24,13,0.1765
2025-12-28 18:22:46,8638,19,1.21,13,0.2105
2025-12-28 18:22:46,8643,14,1.29,13,0.2857
2025-12-28 18:22:46,8651,16,1.25,13,0.0625
2025-12-28 18:22:46,8654,13,1.38,13,0.0769
2025-12-28 18:22:46,8660,17,1.35,13,0.2353
2025-12-28 18:22:46,8666,11,1.55,13,0.1818
2025-12-28 18:22:46,8673,14,1.21,13,0.2857
2025-12-28 18:22:46,8679,18,1.33,13,0.3889
2025-12-28 18:22:46,8681,16,1.19,13,0.3125
2025-12-28 18:22:46,8691,16,1.00,13,0.0625
2025-12-28 18:22:46,8695,12,1.33,13,0.1667
2025-12-28 18:22:46,8703,14,1.71,13,0.2143
2025-12-28 18:22:46,8707,10,2.00,13,0.1000
2025-12-28 18:22:46,8710,17,1.65,13,0.1176
2025-12-28 18:22:46,8721,16,1.44,13,0.0625
2025-12-28 18:22:46,8727,10,1.70,13,0.2000
2025-12-28 18:22:46,8734,13,1.46,13,0.3077
2025-12-28 18:22:46,8739,18,1.61,13,0.0556
2025-12-28 18:22:46,8741,16,1.88,13,0.1250
2025-12-28 18:22:46,8745,12,2.58,13,0.0833
2025-12-28 18:22:46,8749,18,2.28,13,0.1111
2025-12-28 18:22:46,8753,14,2.36,13,0.1429
2025-12-28 18:22:46,8755,12,2.67,13,0.0000
2025-12-28 18:22:46,8757,10,2.60,13,0.0000
2025-12-28 18:22:46,8765,12,2.58,13,0.3333
2025-12-28 18:22:46,8770,17,2.29,13,0.1765
2025-12-28 18:22:46,8776,11,2.82,13,0.2727
2025-12-28 18:22:47,8779,18,2.17,13,0.0000
2025-12-28 18:22:47,8783,14,2.57,13,0.1429
2025-12-28 18:22:47,8784,13,2.54,13,0.0769
2025-12-28 18:22:47,8793,14,2.50,13,0.0714
2025-12-28 18:22:47,8798,19,1.89,13,0.3684
2025-12-28 18:22:47,8803,14,1.79,13,0.1429
2025-12-28 18:22:47,8807,10,2.00,13,0.2000
2025-12-28 18:22:47,8812,15,1.73,13,0.0000
2025-12-28 18:22:47,8817,10,2.00,13,0.3000
2025-12-28 18:22:47,8824,13,1.92,13,0.3077
2025-12-28 18:22:47,8831,16,1.62,13,0.3750
2025-12-28 18:22:47,8835,12,1.92,13,0.1667
2025-12-28 18:22:47,8840,17,1.65,13,0.2941
2025-12-28 18:22:47,8843,14,2.14,13,0.2143
2025-12-28 18:22:47,8848,19,2.00,13,0.0526
2025-12-28 18:22:47,8851,16,2.00,13,0.1250
2025-12-28 18:22:47,8855,12,1.83,13,0.0833
2025-12-28 18:22:47,8863,14,1.79,13,0.2143
2025-12-28 18:22:47,8865,12,2.08,13,0.3333
2025-12-28 18:22:47,8871,16,1.12,13,0.1875
2025-12-28 18:22:47,8874,13,1.08,13,0.1538
2025-12-28 18:22:47,8883,14,1.14,13,0.1429
2025-12-28 18:22:47,8886,11,1.27,13,0.0909
2025-12-28 18:22:47,8895,12,1.08,13,0.2500
2025-12-28 18:22:47,8900,17,1.06,13,0.0588
2025-12-28 18:22:47,8903,14,1.21,13,0.0714
2025-12-28 18:22:47,8911,16,1.25,13,0.1875
2025-12-28 18:22:47,8920,17,1.24,13,0.0588
2025-12-28 18:22:47,8923,14,1.29,13,0.0714
2025-12-28 18:22:47,8926,11,1.64,13,0.3636
2025-12-28 18:22:47,8932,15,1.47,13,0.0667
2025-12-28 18:22:47,8937,10,1.80,13,0.2000
2025-12-28 18:22:47,8941,16,1.50,13,0.1250
2025-12-28 18:22:47,8945,12,1.75,13,0.2500
2025-12-28 18:22:47,8950,17,1.47,13,0.2353
2025-12-28 18:22:47,8957,10,1.20,13,0.4000
2025-12-28 18:22:47,8962,15,1.20,13,0.1333
2025-12-28 18:22:47,8965,12,1.25,13,0.0833
2025-12-28 18:22:47,8975,12,1.08,13,0.0000
2025-12-28 18:22:48,8982,15,1.27,13,0.2667
2025-12-28 18:22:48,8986,11,1.36,13,0.0909
2025-12-28 18:22:48,8995,12,1.08,13,0.2500
2025-12-28 18:22:48,9001,16,1.06,13,0.1875
2025-12-28 18:22:48,9006,11,1.36,13,0.0909
2025-12-28 18:22:48,9010,17,1.24,13,0.1176
2025-12-28 18:22:48,9014,13,1.54,13,0.1538
2025-12-28 18:22:48,9019,18,1.39,13,0.1667
2025-12-28 18:22:48,9023,14,1.57,13,0.4286
2025-12-28 18:22:48,9033,14,1.36,13,0.4286
2025-12-28 18:22:48,9038,19,1.37,13,0.2105
2025-12-28 18:22:48,9043,14,1.64,13,0.2143
2025-12-28 18:22:48,9048,19,1.47,13,0.1053
2025-12-28 18:22:48,9053,14,1.64,13,0.2857
2025-12-28 18:22:48,9061,16,1.56,13,0.1250
2025-12-28 18:22:48,9065,12,1.83,13,0.0000
2025-12-28 18:22:48,9070,17,1.41,13,0.1765
2025-12-28 18:22:48,9077,10,1.50,13,0.1000
2025-12-28 18:22:48,9081,16,1.44,13,0.1875
2025-12-28 18:22:48,9087,10,1.90,13,0.1000
2025-12-28 18:22:48,9090,17,1.41,13,0.1765
2025-12-28 18:22:48,9094,13,1.54,13,0.0000
2025-12-28 18:22:48,9100,17,1.47,13,0.1765
2025-12-28 18:22:48,9105,12,1.92,13,0.0000
2025-12-28 18:22:48,9109,18,1.33,13,0.1111
2025-12-28 18:22:48,9114,13,1.38,13,0.2308
2025-12-28 18:22:48,9122,15,1.20,13,0.1333
2025-12-28 18:22:48,9131,16,1.12,13,0.2500
2025-12-28 18:22:48,9135,12,1.33,13,0.1667
2025-12-28 18:22:48,9141,16,1.25,13,0.2500
2025-12-28 18:22:48,9143,14,1.50,13,0.2857
2025-12-28 18:22:48,9151,16,1.50,13,0.3125
2025-12-28 18:22:48,9154,13,1.77,13,0.1538
2025-12-28 18:22:48,9162,15,1.40,13,0.2000
2025-12-28 18:22:48,9165,12,1.42,13,0.0833
2025-12-28 18:22:48,9167,10,1.20,13,0.1000
2025-12-28 18:22:48,9177,10,1.70,13,0.2000
2025-12-28 18:22:48,9181,16,1.56,13,0.3125
2025-12-28 18:22:48,9187,10,1.80,13,0.2000
2025-12-28 18:22:49,9193,14,1.43,13,0.2857
2025-12-28 18:22:49,9202,15,1.07,13,0.2000
2025-12-28 18:22:49,9207,10,1.30,13,0.1000
2025-12-28 18:22:49,9211,16,1.12,13,0.1250
2025-12-28 18:22:49,9216,11,1.18,13,0.0909
2025-12-28 18:22:49,9220,17,1.12,13,0.0588
2025-12-28 18:22:49,9228,19,1.11,13,0.1053
2025-12-28 18:22:49,9234,13,1.08,13,0.1538
2025-12-28 18:22:49,9241,16,1.06,13,0.3125
2025-12-28 18:22:49,9244,13,1.08,13,0.0769
2025-12-28 18:22:49,9255,12,1.33,13,0.3333
2025-12-28 18:22:49,9261,16,1.38,13,0.1250
2025-12-28 18:22:49,9267,10,1.40,13,0.5000
2025-12-28 18:22:49,9274,13,1.46,13,0.0769
2025-12-28 18:22:49,9279,18,1.44,13,0.1111
2025-12-28 18:22:49,9284,13,1.15,13,0.0769
2025-12-28 18:22:49,9289,18,1.22,13,0.2222
2025-12-28 18:22:49,9294,13,1.31,13,0.3077
2025-12-28 18:22:49,9301,16,1.06,13,0.2500
2025-12-28 18:22:49,9307,10,1.30,13,0.4000
2025-12-28 18:22:49,9314,13,1.08,13,0.1538
2025-12-28 18:22:49,9321,16,1.19,13,0.2500
2025-12-28 18:22:49,9324,13,1.23,13,0.3077
2025-12-28 18:22:49,9333,14,1.29,13,0.4286
2025-12-28 18:22:49,9339,18,1.17,13,0.3889
2025-12-28 18:22:49,9345,12,1.42,13,0.2500
2025-12-28 18:22:49,9353,14,1.21,13,0.0714
2025-12-28 18:22:49,9353,14,1.14,13,0.1429
2025-12-28 18:22:49,9360,17,1.12,13,0.1176
2025-12-28 18:22:49,9369,18,1.06,13,0.2222
2025-12-28 18:22:49,9374,13,1.08,13,0.2308
2025-12-28 18:22:49,9382,15,1.13,13,0.1333
2025-12-28 18:22:49,9387,10,1.00,13,0.2000
2025-12-28 18:22:49,9396,11,1.18,13,0.1818
2025-12-28 18:22:49,9397,10,1.40,13,0.2000
2025-12-28 18:22:49,9404,13,1.23,13,0.3077
2025-12-28 18:22:49,9412,15,1.20,13,0.2667
2025-12-28 18:22:49,9415,12,1.33,13,0.4167
2025-12-28 18:22:49,9421,16,1.25,13,0.1875
2025-12-28 18:22:50,9426,11,1.36,13,0.2727
2025-12-28 18:22:50,9429,18,1.11,13,0.1111
2025-12-28 18:22:50,9439,18,1.28,13,0.1111
2025-12-28 18:22:50,9443,14,1.29,13,0.0714
2025-12-28 18:22:50,9449,18,1.22,13,0.0556
2025-12-28 18:22:50,9451,16,1.31,13,0.0625
2025-12-28 18:22:50,9457,10,1.20,13,0.3000
2025-12-28 18:22:50,9466,11,1.18,13,0.1818
2025-12-28 18:22:50,9468,19,1.11,13,0.1579
2025-12-28 18:22:50,9473,14,1.14,13,0.1429
2025-12-28 18:22:50,9480,17,1.29,13,0.2941
2025-12-28 18:22:50,9486,11,1.55,13,0.1818
2025-12-28 18:22:50,9491,16,1.25,13,0.1250
2025-12-28 18:22:50,9495,12,1.50,13,0.0833
2025-12-28 18:22:50,9499,18,1.39,13,0.1667
2025-12-28 18:22:50,9507,10,1.50,13,0.0000
2025-12-28 18:22:50,9509,18,1.17,13,0.0556
2025-12-28 18:22:50,9514,13,1.23,13,0.0769
2025-12-28 18:22:50,9519,18,1.11,13,0.1111
2025-12-28 18:22:50,9527,10,1.20,13,0.2000
2025-12-28 18:22:50,9533,14,1.29,13,0.1429
2025-12-28 18:22:50,9536,11,1.36,13,0.1818
2025-12-28 18:22:50,9538,19,1.21,13,0.1579
2025-12-28 18:22:50,9546,11,1.45,13,0.2727
2025-12-28 18:22:50,9556,11,1.00,13,0.3636
2025-12-28 18:22:50,9564,13,1.46,13,0.3846
2025-12-28 18:22:50,9566,11,1.64,13,0.3636
2025-12-28 18:22:50,9571,16,1.50,13,0.4375
2025-12-28 18:22:50,9576,11,1.36,13,0.4545
2025-12-28 18:22:50,9584,13,1.08,13,0.2308
2025-12-28 18:22:50,9588,19,1.11,13,0.2632
2025-12-28 18:22:50,9597,10,1.10,13,0.2000
2025-12-28 18:22:50,9602,15,1.27,13,0.2667
2025-12-28 18:22:50,9604,13,1.31,13,0.4615
2025-12-28 18:22:50,9613,14,1.43,13,0.2857
2025-12-28 18:22:50,9619,18,1.22,13,0.1667
2025-12-28 18:22:50,9626,11,1.27,13,0.1818
2025-12-28 18:22:50,9631,16,1.19,13,0.1875
2025-12-28 18:22:50,9635,12,1.25,13,0.2500
2025-12-28 18:22:51,9640,17,1.18,13,0.2353
2025-12-28 18:22:51,9645,12,1.25,13,0.2500
2025-12-28 18:22:51,9652,15,1.27,13,0.3333
2025-12-28 18:22:51,9655,12,1.25,13,0.0833
2025-12-28 18:22:51,9662,15,1.40,13,0.1333
2025-12-28 18:22:51,9667,10,1.50,13,0.0000
2025-12-28 18:22:51,9669,18,1.11,13,0.2222
2025-12-28 18:22:51,9676,11,1.09,13,0.4545
2025-12-28 18:22:51,9685,12,1.25,13,0.2500
2025-12-28 18:22:51,9691,16,1.12,13,0.3750
2025-12-28 18:22:51,9694,13,1.08,13,0.0769
2025-12-28 18:22:51,9699,18,1.11,13,0.0556
2025-12-28 18:22:51,9703,14,1.57,13,0.1429
2025-12-28 18:22:51,9708,19,1.42,13,0.1579
2025-12-28 18:22:51,9713,14,1.50,13,0.1429
2025-12-28 18:22:51,9717,10,1.90,13,0.1000
2025-12-28 18:22:51,9722,15,1.60,13,0.0667
2025-12-28 18:22:51,9727,10,1.80,13,0.0000
2025-12-28 18:22:51,9728,19,1.32,13,0.0526
2025-12-28 18:22:51,9735,12,1.50,13,0.0833
2025-12-28 18:22:51,9737,10,1.60,13,0.0000
2025-12-28 18:22:51,9743,14,1.57,13,0.1429
2025-12-28 18:22:51,9747,10,1.40,13,0.2000
2025-12-28 18:22:51,9752,15,1.27,13,0.0667
2025-12-28 18:22:51,9757,10,1.20,13,0.1000
2025-12-28 18:22:51,9759,18,1.17,13,0.0556
2025-12-28 18:22:51,9769,18,1.17,13,0.2222
2025-12-28 18:22:51,9774,13,1.23,13,0.3846
2025-12-28 18:22:51,9782,15,1.13,13,0.2000
2025-12-28 18:22:51,9787,10,1.40,13,0.4000
2025-12-28 18:22:51,9792,15,1.33,13,0.2000
2025-12-28 18:22:51,9802,15,1.20,13,0.3333
2025-12-28 18:22:51,9806,11,1.36,13,0.1818
2025-12-28 18:22:51,9812,15,1.20,13,0.1333
2025-12-28 18:22:51,9817,10,1.40,13,0.1000
2025-12-28 18:22:51,9824,13,1.46,13,0.2308
2025-12-28 18:22:51,9831,16,1.12,13,0.3750
2025-12-28 18:22:51,9834,13,1.15,13,0.2308
2025-12-28 18:22:51,9842,15,1.27,13,0.2000
2025-12-28 18:22:51,9846,11,1.09,13,0.0909
2025-12-28 18:22:52,9852,15,1.13,13,0.2000
2025-12-28 18:22:52,9858,19,1.16,13,0.1053
2025-12-28 18:22:52,9864,13,1.15,13,0.0769
2025-12-28 18:22:52,9870,17,1.35,13,0.2353
2025-12-28 18:22:52,9878,19,1.26,13,0.2632
2025-12-28 18:22:52,9881,16,1.31,13,0.3125
2025-12-28 18:22:52,9887,10,1.70,13,0.3000
2025-12-28 18:22:52,9891,16,1.50,13,0.3125
2025-12-28 18:22:52,9897,10,1.40,13,0.3000
2025-12-28 18:22:52,9905,12,1.50,13,0.2500
2025-12-28 18:22:52,9911,16,1.38,13,0.1875
2025-12-28 18:22:52,9914,13,1.31,13,0.1538
2025-12-28 18:22:52,9921,16,1.38,13,0.1875
2025-12-28 18:22:52,9925,12,1.58,13,0.0000
2025-12-28 18:22:52,9927,10,1.50,13,0.0000
2025-12-28 18:22:52,9934,13,1.46,13,0.3077
2025-12-28 18:22:52,9940,17,1.06,13,0.1765
2025-12-28 18:22:52,9947,10,1.20,13,0.3000
2025-12-28 18:22:52,9954,13,1.46,13,0.3846
2025-12-28 18:22:52,9959,18,1.22,13,0.1667
2025-12-28 18:22:52,9963,14,1.36,13,0.0000
2025-12-28 18:22:52,9967,10,1.50,13,0.0000
2025-12-28 18:22:52,9972,15,1.27,13,0.2000
2025-12-28 18:22:52,9975,12,1.17,13,0.2500
2025-12-28 18:22:52,9983,14,1.14,13,0.0714
2025-12-28 18:22:52,9991,16,1.06,13,0.1875
2025-12-28 18:22:52,9994,13,1.23,13,0.1538
2025-12-28 18:22:52,10000,17,1.35,13,0.1176
2025-12-28 18:22:52,10005,12,1.75,13,0.2500
2025-12-28 18:22:52,10009,18,1.56,13,0.0556
2025-12-28 18:22:52,10016,11,1.82,13,0.0000
2025-12-28 18:22:52,10017,10,1.90,13,0.2000
2025-12-28 18:22:52,10021,16,1.44,13,0.1250
2025-12-28 18:22:52,10028,19,1.37,13,0.4211
2025-12-28 18:22:52,10034,13,1.69,13,0.3077
2025-12-28 18:22:52,10042,15,1.60,13,0.2667
2025-12-28 18:22:52,10046,11,2.00,13,0.0909
2025-12-28 18:22:52,10047,10,2.30,13,0.1000
2025-12-28 18:22:52,10054,13,2.15,13,0.3077
2025-12-28 18:22:53,10055,12,2.33,13,0.2500
2025-12-28 18:22:53,10060,17,1.76,13,0.1765
2025-12-28 18:22:53,10067,10,1.70,13,0.0000
2025-12-28 18:22:53,10072,15,1.60,13,0.0667
2025-12-28 18:22:53,10080,17,1.59,13,0.2941
2025-12-28 18:22:53,10084,13,1.62,13,0.3077
2025-12-28 18:22:53,10089,18,1.44,13,0.0556
2025-12-28 18:22:53,10095,12,1.50,13,0.0833
2025-12-28 18:22:53,10101,16,1.31,13,0.1250
2025-12-28 18:22:53,10105,12,1.50,13,0.2500
2025-12-28 18:22:53,10114,13,1.31,13,0.0000
2025-12-28 18:22:53,10117,10,1.60,13,0.0000
2025-12-28 18:22:53,10122,15,1.73,13,0.0667
2025-12-28 18:22:53,10126,11,2.18,13,0.0909
2025-12-28 18:22:53,10129,18,1.83,13,0.1111
2025-12-28 18:22:53,10135,12,2.42,13,0.2500
2025-12-28 18:22:53,10141,16,1.44,13,0.1875
2025-12-28 18:22:53,10146,11,1.64,13,0.0000
2025-12-28 18:22:53,10152,15,1.20,13,0.2000
2025-12-28 18:22:53,10157,10,1.20,13,0.2000
2025-12-28 18:22:53,10168,19,1.16,13,0.2632
2025-12-28 18:22:53,10174,13,1.31,13,0.1538
2025-12-28 18:22:53,10177,10,1.60,13,0.2000
2025-12-28 18:22:53,10181,16,1.62,13,0.1875
2025-12-28 18:22:53,10184,13,1.77,13,0.2308
2025-12-28 18:22:53,10187,10,1.50,13,0.2000
2025-12-28 18:22:53,10194,13,1.38,13,0.2308
2025-12-28 18:22:53,10200,17,1.41,13,0.4706
2025-12-28 18:22:53,10203,14,1.29,13,0.3571
2025-12-28 18:22:53,10211,16,1.12,13,0.3125
2025-12-28 18:22:53,10215,12,1.08,13,0.3333
2025-12-28 18:22:53,10229,18,1.17,13,0.2778
2025-12-28 18:22:53,10232,15,1.47,13,0.4000
2025-12-28 18:22:53,10236,11,1.45,13,0.0909
2025-12-28 18:22:53,10241,16,1.31,13,0.0625
2025-12-28 18:22:53,10246,11,1.55,13,0.1818
2025-12-28 18:22:53,10248,19,1.42,13,0.3158
2025-12-28 18:22:53,10257,10,2.00,13,0.2000
2025-12-28 18:22:53,10263,14,1.71,13,0.2857
2025-12-28 18:22:53,10263,14,1.86,13,0.2143
2025-12-28 18:22:54,10265,12,1.75,13,0.2500
2025-12-28 18:22:54,10273,14,1.64,13,0.2857
2025-12-28 18:22:54,10277,10,1.60,13,0.3000
2025-12-28 18:22:54,10284,13,1.31,13,0.1538
2025-12-28 18:22:54,10292,15,1.20,13,0.3333
2025-12-28 18:22:54,10292,15,1.40,13,0.2000
2025-12-28 18:22:54,10299,18,1.22,13,0.1111
2025-12-28 18:22:54,10302,15,1.27,13,0.0000
2025-12-28 18:22:54,10306,11,1.27,13,0.0909
2025-12-28 18:22:54,10316,11,1.36,13,0.4545
2025-12-28 18:22:54,10322,15,1.20,13,0.2000
2025-12-28 18:22:54,10326,11,1.45,13,0.0909
2025-12-28 18:22:54,10331,16,1.31,13,0.1875
2025-12-28 18:22:54,10335,12,1.33,13,0.1667
2025-12-28 18:22:54,10341,16,1.25,13,0.3750
2025-12-28 18:22:54,10347,10,1.20,13,0.3000
2025-12-28 18:22:54,10352,15,1.20,13,0.3333
2025-12-28 18:22:54,10359,18,1.33,13,0.0556
2025-12-28 18:22:54,10360,17,1.41,13,0.1176
2025-12-28 18:22:54,10367,10,1.80,13,0.2000
2025-12-28 18:22:54,10373,14,1.86,13,0.0000
2025-12-28 18:22:54,10376,11,2.18,13,0.1818
2025-12-28 18:22:54,10384,13,1.38,13,0.0769
2025-12-28 18:22:54,10387,10,1.20,13,0.2000
2025-12-28 18:22:54,10390,17,1.12,13,0.0000
2025-12-28 18:22:54,10395,12,1.08,13,0.0000
2025-12-28 18:22:54,10401,16,1.25,13,0.1250
2025-12-28 18:22:54,10406,11,1.64,13,0.0909
2025-12-28 18:22:54,10412,15,1.60,13,0.2000
2025-12-28 18:22:54,10417,10,1.60,13,0.1000
2025-12-28 18:22:54,10422,15,1.47,13,0.1333
2025-12-28 18:22:54,10429,18,1.44,13,0.1667
2025-12-28 18:22:54,10431,16,1.62,13,0.0000
2025-12-28 18:22:54,10434,13,1.54,13,0.0000
2025-12-28 18:22:54,10437,10,2.00,13,0.1000
2025-12-28 18:22:54,10445,12,1.50,13,0.3333
2025-12-28 18:22:54,10449,18,1.28,13,0.3333
2025-12-28 18:22:54,10456,11,1.18,13,0.2727
2025-12-28 18:22:54,10465,12,1.25,13,0.1667
2025-12-28 18:22:55,10467,10,1.50,13,0.2000
2025-12-28 18:22:55,10469,18,1.22,13,0.1111
2025-12-28 18:22:55,10476,11,1.27,13,0.2727
2025-12-28 18:22:55,10484,13,1.15,13,0.3077
2025-12-28 18:22:55,10491,16,1.12,13,0.2500
2025-12-28 18:22:55,10495,12,1.17,13,0.1667
2025-12-28 18:22:55,10505,12,1.25,13,0.0000
2025-12-28 18:22:55,10510,17,1.12,13,0.2941
2025-12-28 18:22:55,10516,11,1.18,13,0.2727
2025-12-28 18:22:55,10523,14,1.07,13,0.3571
2025-12-28 18:22:55,10532,15,1.13,13,0.4000
2025-12-28 18:22:55,10538,19,1.16,13,0.0526
2025-12-28 18:22:55,10544,13,1.38,13,0.0000
2025-12-28 18:22:55,10548,19,1.26,13,0.0000
2025-12-28 18:22:55,10553,14,1.43,13,0.0714
2025-12-28 18:22:55,10557,10,1.60,13,0.0000
2025-12-28 18:22:55,10557,10,1.80,13,0.0000
2025-12-28 18:22:55,10567,10,2.00,13,0.0000
2025-12-28 18:22:55,10570,17,1.53,13,0.0588
2025-12-28 18:22:55,10571,16,1.62,13,0.0625
2025-12-28 18:22:55,10582,15,1.67,13,0.0000
2025-12-28 18:22:55,10586,11,1.82,13,0.0000
2025-12-28 18:22:55,10591,16,1.56,13,0.1250
2025-12-28 18:22:55,10597,10,2.00,13,0.2000
2025-12-28 18:22:55,10600,17,1.65,13,0.1176
2025-12-28 18:22:55,10605,12,2.00,13,0.0833
2025-12-28 18:22:55,10607,10,2.00,13,0.1000
2025-12-28 18:22:55,10612,15,1.93,13,0.0000
2025-12-28 18:22:55,10614,13,2.00,13,0.0769
2025-12-28 18:22:55,10620,18,1.50,13,0.0000
2025-12-28 18:22:55,10630,18,1.50,13,0.1667
2025-12-28 18:22:55,10631,17,1.59,13,0.0588
2025-12-28 18:22:55,10634,14,1.64,13,0.1429
2025-12-28 18:22:55,10641,17,1.35,13,0.1176
2025-12-28 18:22:55,10648,10,2.10,13,0.2000
2025-12-28 18:22:55,10652,16,1.69,13,0.1875
2025-12-28 18:22:55,10655,13,2.00,13,0.3077
2025-12-28 18:22:55,10661,17,1.76,13,0.2353
2025-12-28 18:22:55,10664,14,1.86,13,0.3571
2025-12-28 18:22:55,10668,10,2.30,13,0.2000
2025-12-28 18:22:56,10673,15,1.80,13,0.1333
2025-12-28 18:22:56,10676,12,2.17,13,0.0833
2025-12-28 18:22:56,10679,19,1.74,13,0.2632
2025-12-28 18:22:56,10686,12,2.00,13,0.3333
2025-12-28 18:22:56,10692,16,1.75,13,0.1250
2025-12-28 18:22:56,10699,19,1.74,13,0.1053
2025-12-28 18:22:56,10700,18,1.89,13,0.0556
2025-12-28 18:22:56,10706,12,1.92,13,0.1667
2025-12-28 18:22:56,10711,17,1.65,13,0.2941
2025-12-28 18:22:56,10718,10,1.60,13,0.1000
2025-12-28 18:22:56,10724,14,1.43,13,0.0714
2025-12-28 18:22:56,10729,19,1.32,13,0.1579
2025-12-28 18:22:56,10734,14,1.71,13,0.1429
2025-12-28 18:22:56,10742,16,1.75,13,0.0625
2025-12-28 18:22:56,10746,12,1.83,13,0.2500
2025-12-28 18:22:56,10748,10,2.10,13,0.1000
2025-12-28 18:22:56,10755,13,1.85,13,0.1538
2025-12-28 18:22:56,10757,11,1.91,13,0.0000
2025-12-28 18:22:56,10763,15,1.73,13,0.2667
2025-12-28 18:22:56,10772,16,1.69,13,0.0625
2025-12-28 18:22:56,10777,11,2.09,13,0.0000
2025-12-28 18:22:56,10783,15,1.93,13,0.0000
2025-12-28 18:22:56,10786,12,2.25,13,0.0833
2025-12-28 18:22:56,10790,18,1.89,13,0.1667
2025-12-28 18:22:56,10793,15,2.27,13,0.1333
2025-12-28 18:22:56,10798,10,2.50,13,0.0000
2025-12-28 18:22:56,10802,16,1.81,13,0.1250
2025-12-28 18:22:56,10808,10,1.80,13,0.1000
2025-12-28 18:22:56,10815,13,1.85,13,0.1538
2025-12-28 18:22:56,10818,10,2.10,13,0.1000
2025-12-28 18:22:56,10821,17,1.71,13,0.1176
2025-12-28 18:22:56,10827,11,2.36,13,0.0000
2025-12-28 18:22:56,10830,18,1.44,13,0.0556
2025-12-28 18:22:56,10840,18,1.39,13,0.0556
2025-12-28 18:22:56,10844,14,1.43,13,0.2857
2025-12-28 18:22:56,10853,15,1.20,13,0.0667
2025-12-28 18:22:56,10857,11,1.36,13,0.0909
2025-12-28 18:22:56,10859,19,1.11,13,0.3158
2025-12-28 18:22:56,10867,11,1.18,13,0.1818
2025-12-28 18:22:56,10870,18,1.06,13,0.1667
2025-12-28 18:22:57,10878,10,1.10,13,0.2000
2025-12-28 18:22:57,10882,16,1.25,13,0.2500
2025-12-28 18:22:57,10891,17,1.12,13,0.2353
2025-12-28 18:22:57,10895,13,1.08,13,0.0000
2025-12-28 18:22:57,10897,11,1.27,13,0.0909
2025-12-28 18:22:57,10904,14,1.43,13,0.2143
2025-12-28 18:22:57,10911,17,1.47,13,0.2941
2025-12-28 18:22:57,10918,10,1.20,13,0.4000
2025-12-28 18:22:57,10924,14,1.21,13,0.2143
2025-12-28 18:22:57,10929,19,1.32,13,0.1579
2025-12-28 18:22:57,10933,15,1.33,13,0.1333
2025-12-28 18:22:57,10938,10,1.30,13,0.1000
2025-12-28 18:22:57,10947,11,1.00,13,0.1818
2025-12-28 18:22:57,10954,14,1.07,13,0.2857
2025-12-28 18:22:57,10962,16,1.25,13,0.0625
2025-12-28 18:22:57,10965,13,1.54,13,0.0000
2025-12-28 18:22:57,10972,16,1.31,13,0.1875
2025-12-28 18:22:57,10978,10,1.40,13,0.1000
2025-12-28 18:22:57,10980,18,1.33,13,0.0000
2025-12-28 18:22:57,10984,14,1.57,13,0.1429
2025-12-28 18:22:57,10990,18,1.22,13,0.1111
2025-12-28 18:22:57,10996,12,1.25,13,0.1667
2025-12-28 18:22:57,11000,18,1.06,13,0.1667
2025-12-28 18:22:57,11007,11,1.27,13,0.0000
2025-12-28 18:22:57,11012,16,1.19,13,0.2500
2025-12-28 18:22:57,11017,11,1.36,13,0.1818
2025-12-28 18:22:57,11025,13,1.38,13,0.2308
2025-12-28 18:22:57,11031,17,1.29,13,0.2941
2025-12-28 18:22:57,11037,11,1.45,13,0.2727
2025-12-28 18:22:57,11042,16,1.19,13,0.2500
2025-12-28 18:22:57,11045,13,1.08,13,0.2308
2025-12-28 18:22:57,11052,16,1.31,13,0.1250
2025-12-28 18:22:57,11058,10,1.70,13,0.2000
2025-12-28 18:22:57,11060,18,1.28,13,0.3333
2025-12-28 18:22:57,11066,12,1.42,13,0.3333
2025-12-28 18:22:57,11073,15,1.40,13,0.2000
2025-12-28 18:22:57,11081,17,1.24,13,0.1765
2025-12-28 18:22:57,11084,14,1.64,13,0.2857
2025-12-28 18:22:57,11091,17,1.47,13,0.1765
2025-12-28 18:22:58,11097,11,1.55,13,0.0909
2025-12-28 18:22:58,11104,14,1.50,13,0.2857
2025-12-28 18:22:58,11110,18,1.39,13,0.2778
2025-12-28 18:22:58,11114,14,1.07,13,0.2143
2025-12-28 18:22:58,11121,17,1.18,13,0.0588
2025-12-28 18:22:58,11126,12,1.25,13,0.0833
2025-12-28 18:22:58,11134,14,1.36,13,0.1429
2025-12-28 18:22:58,11140,18,1.28,13,0.1667
2025-12-28 18:22:58,11146,12,1.25,13,0.2500
2025-12-28 18:22:58,11152,16,1.12,13,0.1875
2025-12-28 18:22:58,11156,12,1.17,13,0.2500
2025-12-28 18:22:58,11165,13,1.15,13,0.0769
2025-12-28 18:22:58,11172,16,1.25,13,0.1875
2025-12-28 18:22:58,11178,10,1.40,13,0.2000
2025-12-28 18:22:58,11181,17,1.24,13,0.1765
2025-12-28 18:22:58,11186,12,1.50,13,0.1667
2025-12-28 18:22:58,11195,13,1.46,13,0.1538
2025-12-28 18:22:58,11199,19,1.47,13,0.3158
2025-12-28 18:22:58,11203,15,1.47,13,0.0667
2025-12-28 18:22:58,11207,11,1.73,13,0.0909
2025-12-28 18:22:58,11210,18,1.39,13,0.1111
2025-12-28 18:22:58,11215,13,1.38,13,0.0000
2025-12-28 18:22:58,11217,11,1.27,13,0.0000
2025-12-28 18:22:58,11222,16,1.31,13,0.0625
2025-12-28 18:22:58,11226,12,1.25,13,0.2500
2025-12-28 18:22:58,11231,17,1.12,13,0.1176
2025-12-28 18:22:58,11243,15,1.07,13,0.3333
2025-12-28 18:22:58,11248,10,1.20,13,0.3000
2025-12-28 18:22:58,11256,12,1.33,13,0.1667
2025-12-28 18:22:58,11261,17,1.24,13,0.1176
2025-12-28 18:22:58,11263,15,1.20,13,0.2667
2025-12-28 18:22:58,11269,19,1.11,13,0.2105
2025-12-28 18:22:58,11273,15,1.00,13,0.2000
2025-12-28 18:22:58,11282,16,1.12,13,0.1875
2025-12-28 18:22:58,11285,13,1.23,13,0.4615
2025-12-28 18:22:58,11295,13,1.08,13,0.1538
2025-12-28 18:22:58,11299,19,1.26,13,0.2105
2025-12-28 18:22:58,11304,14,1.21,13,0.2143
2025-12-28 18:22:58,11308,10,1.50,13,0.1000
2025-12-28 18:22:58,11314,14,1.29,13,0.1429
2025-12-28 18:22:59,11321,17,1.18,13,0.1176
2025-12-28 18:22:59,11324,14,1.29,13,0.0000
2025-12-28 18:22:59,11332,16,1.38,13,0.1250
2025-12-28 18:22:59,11335,13,1.31,13,0.1538
2025-12-28 18:22:59,11341,17,1.35,13,0.2941
2025-12-28 18:22:59,11342,16,1.44,13,0.2500
2025-12-28 18:22:59,11349,19,1.37,13,0.0526
2025-12-28 18:22:59,11356,12,1.58,13,0.2500
2025-12-28 18:22:59,11358,10,2.00,13,0.0000
2025-12-28 18:22:59,11361,17,1.76,13,0.2353
2025-12-28 18:22:59,11368,10,2.00,13,0.0000
2025-12-28 18:22:59,11371,17,1.82,13,0.1176
2025-12-28 18:22:59,11379,19,1.84,13,0.1579
2025-12-28 18:22:59,11382,16,1.88,13,0.1875
2025-12-28 18:22:59,11391,17,1.18,13,0.0588
2025-12-28 18:22:59,11397,11,1.45,13,0.0000
2025-12-28 18:22:59,11397,11,1.36,13,0.0000
2025-12-28 18:22:59,11402,16,1.12,13,0.1250
2025-12-28 18:22:59,11413,15,1.20,13,0.2667
2025-12-28 18:22:59,11420,18,1.17,13,0.0556
2025-12-28 18:22:59,11424,14,1.43,13,0.1429
2025-12-28 18:22:59,11432,16,1.56,13,0.0000
2025-12-28 18:22:59,11436,12,1.83,13,0.2500
2025-12-28 18:22:59,11442,16,1.75,13,0.0625
2025-12-28 18:22:59,11447,11,2.18,13,0.0000
2025-12-28 18:22:59,11451,17,1.94,13,0.1765
2025-12-28 18:22:59,11454,14,2.14,13,0.2143
2025-12-28 18:22:59,11465,13,1.77,13,0.0769
2025-12-28 18:22:59,11469,19,1.58,13,0.1053
2025-12-28 18:22:59,11475,13,1.85,13,0.1538
2025-12-28 18:22:59,11479,19,1.58,13,0.2105
2025-12-28 18:22:59,11482,16,1.44,13,0.3750
2025-12-28 18:22:59,11490,18,1.56,13,0.2222
2025-12-28 18:22:59,11495,13,1.62,13,0.3846
2025-12-28 18:22:59,11504,14,1.50,13,0.1429
2025-12-28 18:22:59,11510,18,1.22,13,0.2222
2025-12-28 18:22:59,11512,16,1.62,13,0.0625
2025-12-28 18:22:59,11517,11,1.73,13,0.1818
2025-12-28 18:23:00,11523,15,1.67,13,0.0667
2025-12-28 18:23:00,11525,13,1.62,13,0.2308
2025-12-28 18:23:00,11529,19,1.42,13,0.2105
2025-12-28 18:23:00,11537,11,1.55,13,0.3636
2025-12-28 18:23:00,11542,16,1.44,13,0.1250
2025-12-28 18:23:00,11545,13,1.85,13,0.3077
2025-12-28 18:23:00,11550,18,1.50,13,0.2222
2025-12-28 18:23:00,11556,12,1.17,13,0.2500
2025-12-28 18:23:00,11564,14,1.14,13,0.1429
2025-12-28 18:23:00,11569,19,1.05,13,0.1579
2025-12-28 18:23:00,11576,12,1.17,13,0.2500
2025-12-28 18:23:00,11585,13,1.15,13,0.0769
2025-12-28 18:23:00,11591,17,1.18,13,0.1176
2025-12-28 18:23:00,11596,12,1.17,13,0.0833
2025-12-28 18:23:00,11603,15,1.13,13,0.0000
2025-12-28 18:23:00,11605,13,1.00,13,0.0000
2025-12-28 18:23:00,11611,17,1.18,13,0.2353
2025-12-28 18:23:00,11622,16,1.31,13,0.3750
2025-12-28 18:23:00,11624,14,1.43,13,0.2857
2025-12-28 18:23:00,11627,11,1.73,13,0.2727
2025-12-28 18:23:00,11635,13,1.46,13,0.3077
2025-12-28 18:23:00,11637,11,1.36,13,0.1818
2025-12-28 18:23:00,11643,15,1.33,13,0.2000
2025-12-28 18:23:00,11652,16,1.31,13,0.1875
2025-12-28 18:23:00,11658,10,1.20,13,0.2000
2025-12-28 18:23:00,11662,16,1.12,13,0.0625
2025-12-28 18:23:00,11669,19,1.11,13,0.0526
2025-12-28 18:23:00,11672,16,1.25,13,0.1250
2025-12-28 18:23:00,11679,19,1.32,13,0.2632
2025-12-28 18:23:00,11682,16,1.31,13,0.3750
2025-12-28 18:23:00,11691,17,1.35,13,0.2353
2025-12-28 18:23:00,11696,12,1.58,13,0.1667
2025-12-28 18:23:00,11698,10,1.70,13,0.1000
2025-12-28 18:23:00,11704,14,1.36,13,0.1429
2025-12-28 18:23:00,11709,19,1.42,13,0.3684
2025-12-28 18:23:00,11712,16,1.50,13,0.1250
2025-12-28 18:23:00,11723,15,1.27,13,0.2667
2025-12-28 18:23:00,11727,11,1.64,13,0.1818
2025-12-28 18:23:01,11731,17,1.47,13,0.2353
2025-12-28 18:23:01,11733,15,1.53,13,0.2000
2025-12-28 18:23:01,11738,10,1.40,13,0.1000
2025-12-28 18:23:01,11746,12,1.50,13,0.4167
2025-12-28 18:23:01,11754,14,1.50,13,0.1429
2025-12-28 18:23:01,11757,11,1.36,13,0.1818
2025-12-28 18:23:01,11761,17,1.41,13,0.1176
2025-12-28 18:23:01,11769,19,1.32,13,0.2632
2025-12-28 18:23:01,11774,14,1.50,13,0.4286
2025-12-28 18:23:01,11781,17,1.41,13,0.0588
2025-12-28 18:23:01,11786,12,1.58,13,0.0000
2025-12-28 18:23:01,11789,19,1.42,13,0.2632
2025-12-28 18:23:01,11793,15,1.47,13,0.2667
2025-12-28 18:23:01,11797,11,1.18,13,0.0909
2025-12-28 18:23:01,11803,15,1.13,13,0.2000
2025-12-28 18:23:01,11813,15,1.00,13,0.0667
2025-12-28 18:23:01,11816,12,1.17,13,0.1667
2025-12-28 18:23:01,11823,15,1.13,13,0.1333
2025-12-28 18:23:01,11827,11,1.73,13,0.3636
2025-12-28 18:23:01,11829,19,1.42,13,0.1579
2025-12-28 18:23:01,11836,12,1.75,13,0.4167
2025-12-28 18:23:01,11838,10,1.70,13,0.2000
2025-12-28 18:23:01,11844,14,1.29,13,0.1429
2025-12-28 18:23:01,11847,11,1.64,13,0.0000
2025-12-28 18:23:01,11850,18,1.33,13,0.1111
2025-12-28 18:23:01,11858,10,1.50,13,0.2000
2025-12-28 18:23:01,11861,17,1.18,13,0.2353
2025-12-28 18:23:01,11872,16,1.12,13,0.1875
2025-12-28 18:23:01,11875,13,1.31,13,0.2308
2025-12-28 18:23:01,11881,17,1.24,13,0.1765
2025-12-28 18:23:01,11885,13,1.38,13,0.1538
2025-12-28 18:23:01,11893,15,1.33,13,0.2000
2025-12-28 18:23:01,11899,19,1.32,13,0.1579
2025-12-28 18:23:01,11906,12,1.50,13,0.1667
2025-12-28 18:23:01,11914,14,1.43,13,0.1429
2025-12-28 18:23:01,11916,12,1.58,13,0.0833
2025-12-28 18:23:01,11918,10,1.50,13,0.2000
2025-12-28 18:23:01,11926,12,1.33,13,0.0833
2025-12-28 18:23:01,11935,13,1.31,13,0.2308
2025-12-28 18:23:01,11937,11,1.18,13,0.1818
2025-12-28 18:23:02,11946,12,1.17,13,0.2500
2025-12-28 18:23:02,11953,15,1.13,13,0.2667
2025-12-28 18:23:02,11960,18,1.17,13,0.2778
2025-12-28 18:23:02,11966,12,1.33,13,0.0000
2025-12-28 18:23:02,11972,16,1.38,13,0.1875
2025-12-28 18:23:02,11975,13,1.62,13,0.1538
2025-12-28 18:23:02,11979,19,1.42,13,0.1579
2025-12-28 18:23:02,11982,16,1.62,13,0.0000
2025-12-28 18:23:02,11991,17,1.35,13,0.2941
2025-12-28 18:23:02,11995,13,1.69,13,0.2308
2025-12-28 18:23:02,12002,16,1.62,13,0.1250
2025-12-28 18:23:02,12007,11,1.82,13,0.2727
2025-12-28 18:23:02,12015,13,1.62,13,0.3077
2025-12-28 18:23:02,12018,10,1.90,13,0.1000
2025-12-28 18:23:02,12024,14,1.43,13,0.2143
2025-12-28 18:23:02,12031,17,1.29,13,0.1765
2025-12-28 18:23:02,12035,13,1.38,13,0.2308
2025-12-28 18:23:02,12042,16,1.31,13,0.1875
2025-12-28 18:23:02,12046,12,1.58,13,0.1667
2025-12-28 18:23:02,12054,14,1.29,13,0.2143
2025-12-28 18:23:02,12059,19,1.21,13,0.1053
2025-12-28 18:23:02,12067,11,1.27,13,0.3636
2025-12-28 18:23:02,12071,17,1.24,13,0.1765
2025-12-28 18:23:02,12074,14,1.21,13,0.2143
2025-12-28 18:23:02,12083,15,1.40,13,0.2000
2025-12-28 18:23:02,12090,18,1.33,13,0.1111
2025-12-28 18:23:02,12091,17,1.35,13,0.1176
2025-12-28 18:23:02,12096,12,1.75,13,0.0833
2025-12-28 18:23:02,12101,17,1.47,13,0.0000
2025-12-28 18:23:02,12106,12,1.75,13,0.0000
2025-12-28 18:23:02,12108,10,1.90,13,0.2000
2025-12-28 18:23:02,12114,14,1.64,13,0.1429
2025-12-28 18:23:02,12117,11,1.55,13,0.0000
2025-12-28 18:23:02,12118,10,1.70,13,0.0000
2025-12-28 18:23:02,12127,11,1.64,13,0.2727
2025-12-28 18:23:02,12131,17,1.29,13,0.1176
2025-12-28 18:23:02,12135,13,1.54,13,0.2308
2025-12-28 18:23:02,12145,13,1.69,13,0.0769
2025-12-28 18:23:02,12145,13,1.85,13,0.0769
2025-12-28 18:23:03,12150,18,1.56,13,0.1667
2025-12-28 18:23:03,12157,11,2.09,13,0.0000
2025-12-28 18:23:03,12158,10,1.90,13,0.1000
2025-12-28 18:23:03,12164,14,1.64,13,0.1429
2025-12-28 18:23:03,12167,11,2.00,13,0.0000
2025-12-28 18:23:03,12169,19,1.53,13,0.0526
2025-12-28 18:23:03,12170,18,1.61,13,0.1111
2025-12-28 18:23:03,12177,11,2.18,13,0.1818
2025-12-28 18:23:03,12181,17,2.06,13,0.2353
2025-12-28 18:23:03,12184,14,2.43,13,0.1429
2025-12-28 18:23:03,12188,10,3.10,13,0.0000
2025-12-28 18:23:03,12194,14,2.57,13,0.2143
2025-12-28 18:23:03,12198,11,2.36,13,0.1818
2025-12-28 18:23:03,12200,19,1.74,13,0.0526
2025-12-28 18:23:03,12206,13,2.00,13,0.1538
2025-12-28 18:23:03,12209,10,2.10,13,0.1000
2025-12-28 18:23:03,12212,17,1.65,13,0.1765
2025-12-28 18:23:03,12218,11,2.36,13,0.2727
2025-12-28 18:23:03,12219,10,2.50,13,0.2000
2025-12-28 18:23:03,12227,12,1.92,13,0.0833
2025-12-28 18:23:03,12228,11,2.00,13,0.0909
2025-12-28 18:23:03,12229,10,1.80,13,0.1000
2025-12-28 18:23:03,12237,12,1.50,13,0.0833
2025-12-28 18:23:03,12241,18,1.33,13,0.1111
2025-12-28 18:23:03,12246,13,1.92,13,0.0000
2025-12-28 18:23:03,12255,14,1.50,13,0.0714
2025-12-28 18:23:03,12258,11,1.36,13,0.1818
2025-12-28 18:23:03,12260,19,1.16,13,0.0526
2025-12-28 18:23:03,12266,13,1.08,13,0.3077
2025-12-28 18:23:03,12272,17,1.12,13,0.1176
2025-12-28 18:23:03,12276,13,1.23,13,0.1538
2025-12-28 18:23:03,12284,15,1.20,13,0.2000
2025-12-28 18:23:03,12286,13,1.38,13,0.1538
2025-12-28 18:23:03,12292,17,1.35,13,0.2353
2025-12-28 18:23:03,12299,10,1.40,13,0.0000
2025-12-28 18:23:03,12300,19,1.21,13,0.0526
2025-12-28 18:23:03,12303,16,1.25,13,0.0625
2025-12-28 18:23:03,12309,10,1.40,13,0.0000
2025-12-28 18:23:03,12312,17,1.18,13,0.0588
2025-12-28 18:23:03,12319,10,1.10,13,0.0000
2025-12-28 18:23:04,12322,17,1.12,13,0.1765
2025-12-28 18:23:04,12331,18,1.39,13,0.2778
2025-12-28 18:23:04,12336,13,1.31,13,0.3846
2025-12-28 18:23:04,12348,11,1.18,13,0.1818
2025-12-28 18:23:04,12352,17,1.00,13,0.4118
2025-12-28 18:23:04,12357,12,1.00,13,0.2500
2025-12-28 18:23:04,12364,15,1.13,13,0.2000
2025-12-28 18:23:04,12368,11,1.18,13,0.1818
2025-12-28 18:23:04,12378,11,1.09,13,0.1818
2025-12-28 18:23:04,12383,16,1.06,13,0.1875
2025-12-28 18:23:04,12389,10,1.00,13,0.1000
2025-12-28 18:23:04,12398,11,1.00,13,0.1818
2025-12-28 18:23:04,12404,15,1.13,13,0.1333
2025-12-28 18:23:04,12408,11,1.18,13,0.1818
2025-12-28 18:23:04,12415,14,1.07,13,0.0714
2025-12-28 18:23:04,12420,19,1.05,13,0.2105
2025-12-28 18:23:04,12425,14,1.07,13,0.0714
2025-12-28 18:23:04,12432,17,1.12,13,0.2353
2025-12-28 18:23:04,12435,14,1.29,13,0.1429
2025-12-28 18:23:04,12443,16,1.12,13,0.1250
2025-12-28 18:23:04,12449,10,1.30,13,0.1000
2025-12-28 18:23:04,12456,13,1.38,13,0.1538
2025-12-28 18:23:04,12463,16,1.38,13,0.2500
2025-12-28 18:23:04,12467,12,1.42,13,0.1667
2025-12-28 18:23:04,12474,15,1.40,13,0.2667
2025-12-28 18:23:04,12478,11,1.55,13,0.0909
2025-12-28 18:23:04,12482,17,1.71,13,0.1765
2025-12-28 18:23:04,12489,10,1.90,13,0.1000
2025-12-28 18:23:04,12494,15,1.53,13,0.2000
2025-12-28 18:23:04,12504,15,1.53,13,0.2000
2025-12-28 18:23:04,12509,10,1.50,13,0.1000
2025-12-28 18:23:04,12512,17,1.53,13,0.1765
2025-12-28 18:23:04,12516,13,1.46,13,0.3077
2025-12-28 18:23:04,12523,16,1.19,13,0.3750
2025-12-28 18:23:04,12530,19,1.21,13,0.4211
2025-12-28 18:23:04,12537,12,1.17,13,0.0833
2025-12-28 18:23:04,12544,15,1.20,13,0.2000
2025-12-28 18:23:04,12548,11,1.18,13,0.1818
2025-12-28 18:23:04,12552,17,1.12,13,0.2353
2025-12-28 18:23:04,12561,18,1.06,13,0.2222
2025-12-28 18:23:05,12568,11,1.36,13,0.2727
2025-12-28 18:23:05,12575,14,1.14,13,0.2143
2025-12-28 18:23:05,12577,12,1.25,13,0.0833
2025-12-28 18:23:05,12582,17,1.12,13,0.0000
2025-12-28 18:23:05,12592,17,1.18,13,0.1176
2025-12-28 18:23:05,12595,14,1.29,13,0.1429
2025-12-28 18:23:05,12599,10,1.50,13,0.0000
2025-12-28 18:23:05,12603,16,1.38,13,0.0625
2025-12-28 18:23:05,12610,19,1.16,13,0.0526
2025-12-28 18:23:05,12612,17,1.18,13,0.1176
2025-12-28 18:23:05,12622,17,1.24,13,0.0588
2025-12-28 18:23:05,12624,15,1.20,13,0.1333
2025-12-28 18:23:05,12635,14,1.36,13,0.1429
2025-12-28 18:23:05,12640,19,1.32,13,0.1053
2025-12-28 18:23:05,12644,15,1.33,13,0.2000
2025-12-28 18:23:05,12655,14,1.50,13,0.2143
2025-12-28 18:23:05,12658,11,1.91,13,0.2727
2025-12-28 18:23:05,12663,16,1.62,13,0.0625
2025-12-28 18:23:05,12672,17,1.06,13,0.1765
2025-12-28 18:23:05,12679,10,1.00,13,0.3000
2025-12-28 18:23:05,12687,12,1.00,13,0.0833
2025-12-28 18:23:05,12691,18,1.06,13,0.2222
2025-12-28 18:23:05,12698,11,1.00,13,0.2727
2025-12-28 18:23:05,12706,13,1.08,13,0.2308
2025-12-28 18:23:05,12709,10,1.10,13,0.3000
2025-12-28 18:23:05,12719,10,1.20,13,0.1000
2025-12-28 18:23:05,12725,14,1.29,13,0.2857
2025-12-28 18:23:05,12732,17,1.53,13,0.1765
2025-12-28 18:23:05,12736,13,1.77,13,0.1538
2025-12-28 18:23:05,12740,19,1.53,13,0.4211
2025-12-28 18:23:05,12747,12,1.83,13,0.5833
2025-12-28 18:23:05,12754,15,1.67,13,0.2667
2025-12-28 18:23:05,12758,11,1.91,13,0.1818
2025-12-28 18:23:05,12761,18,1.67,13,0.1111
2025-12-28 18:23:05,12770,19,1.68,13,0.3158
2025-12-28 18:23:05,12775,14,2.14,13,0.2857
2025-12-28 18:23:05,12779,10,1.80,13,0.2000
2025-12-28 18:23:05,12788,11,1.27,13,0.1818
2025-12-28 18:23:05,12795,14,1.14,13,0.2857
2025-12-28 18:23:06,12799,10,1.20,13,0.0000
2025-12-28 18:23:06,12807,12,1.50,13,0.3333
2025-12-28 18:23:06,12814,15,1.40,13,0.2000
2025-12-28 18:23:06,12817,12,1.58,13,0.1667
2025-12-28 18:23:06,12823,16,1.44,13,0.0000
2025-12-28 18:23:06,12827,12,1.50,13,0.0000
2025-12-28 18:23:06,12830,19,1.47,13,0.1579
2025-12-28 18:23:06,12835,14,1.79,13,0.2143
2025-12-28 18:23:06,12837,12,2.08,13,0.2500
2025-12-28 18:23:06,12844,15,1.67,13,0.1333
2025-12-28 18:23:06,12849,10,2.00,13,0.3000
2025-12-28 18:23:06,12853,16,1.62,13,0.2500
2025-12-28 18:23:06,12859,10,1.30,13,0.3000
2025-12-28 18:23:06,12867,12,1.17,13,0.2500
2025-12-28 18:23:06,12872,17,1.06,13,0.1176
2025-12-28 18:23:06,12877,12,1.25,13,0.0833
2025-12-28 18:23:06,12881,18,1.28,13,0.2222
2025-12-28 18:23:06,12889,10,1.30,13,0.3000
2025-12-28 18:23:06,12895,14,1.29,13,0.0000
2025-12-28 18:23:06,12898,11,1.55,13,0.0909
2025-12-28 18:23:06,12899,10,1.40,13,0.0000
2025-12-28 18:23:06,12903,16,1.25,13,0.0625
2025-12-28 18:23:06,12908,11,1.18,13,0.0000
2025-12-28 18:23:06,12916,13,1.62,13,0.1538
2025-12-28 18:23:06,12922,17,1.53,13,0.1765
2025-12-28 18:23:06,12927,12,1.33,13,0.0000
2025-12-28 18:23:06,12934,15,1.20,13,0.2667
2025-12-28 18:23:06,12937,12,1.17,13,0.2500
2025-12-28 18:23:06,12940,19,1.11,13,0.1579
2025-12-28 18:23:06,12944,15,1.07,13,0.1333
2025-12-28 18:23:06,12954,15,1.27,13,0.2667
2025-12-28 18:23:06,12962,17,1.41,13,0.2353
2025-12-28 18:23:06,12967,12,1.33,13,0.0833
2025-12-28 18:23:06,12974,15,1.40,13,0.0667
2025-12-28 18:23:06,12977,12,1.25,13,0.2500
2025-12-28 18:23:06,12984,15,1.33,13,0.1333
2025-12-28 18:23:06,12987,12,1.17,13,0.2500
2025-12-28 18:23:06,12995,14,1.36,13,0.2143
2025-12-28 18:23:06,12999,10,1.50,13,0.4000
2025-12-28 18:23:07,13004,15,1.20,13,0.4000
2025-12-28 18:23:07,13011,18,1.17,13,0.2778
2025-12-28 18:23:07,13015,14,1.07,13,0.2857
2025-12-28 18:23:07,13022,17,1.35,13,0.0588
2025-12-28 18:23:07,13027,12,1.33,13,0.0833
2025-12-28 18:23:07,13032,17,1.41,13,0.2353
2025-12-28 18:23:07,13035,14,1.43,13,0.2143
2025-12-28 18:23:07,13043,16,1.12,13,0.0625
2025-12-28 18:23:07,13052,17,1.18,13,0.1765
2025-12-28 18:23:07,13059,10,1.40,13,0.2000
2025-12-28 18:23:07,13062,17,1.24,13,0.0588
2025-12-28 18:23:07,13064,15,1.40,13,0.0667
2025-12-28 18:23:07,13069,10,1.70,13,0.0000
2025-12-28 18:23:07,13078,11,1.64,13,0.3636
2025-12-28 18:23:07,13078,11,1.64,13,0.1818
2025-12-28 18:23:07,13081,18,1.33,13,0.0556
2025-12-28 18:23:07,13089,10,1.50,13,0.1000
2025-12-28 18:23:07,13095,14,1.43,13,0.1429
2025-12-28 18:23:07,13101,18,1.28,13,0.1667
2025-12-28 18:23:07,13107,12,1.58,13,0.1667
2025-12-28 18:23:07,13114,15,1.33,13,0.3333
2025-12-28 18:23:07,13114,15,1.33,13,0.1333
2025-12-28 18:23:07,13125,14,1.43,13,0.0714
2025-12-28 18:23:07,13131,18,1.17,13,0.1111
2025-12-28 18:23:07,13134,15,1.33,13,0.0667
2025-12-28 18:23:07,13140,19,1.37,13,0.1053
2025-12-28 18:23:07,13142,17,1.41,13,0.1176
2025-12-28 18:23:07,13148,11,1.27,13,0.3636
2025-12-28 18:23:07,13155,14,1.21,13,0.1429
2025-12-28 18:23:07,13160,19,1.26,13,0.1579
2025-12-28 18:23:07,13164,15,1.33,13,0.0667
2025-12-28 18:23:07,13167,12,1.42,13,0.0833
2025-12-28 18:23:07,13173,16,1.19,13,0.3750
2025-12-28 18:23:07,13177,12,1.33,13,0.1667
2025-12-28 18:23:07,13182,17,1.24,13,0.1765
2025-12-28 18:23:07,13190,19,1.26,13,0.2632
2025-12-28 18:23:07,13194,15,1.33,13,0.2000
2025-12-28 18:23:07,13199,10,1.50,13,0.3000
2025-12-28 18:23:08,13203,16,1.19,13,0.2500
2025-12-28 18:23:08,13214,15,1.07,13,0.2000
2025-12-28 18:23:08,13218,11,1.36,13,0.0909
2025-12-28 18:23:08,13224,15,1.47,13,0.0667
2025-12-28 18:23:08,13227,12,1.50,13,0.0000
2025-12-28 18:23:08,13232,17,1.29,13,0.1765
2025-12-28 18:23:08,13240,19,1.16,13,0.1579
2025-12-28 18:23:08,13245,14,1.43,13,0.1429
2025-12-28 18:23:08,13250,19,1.21,13,0.0526
2025-12-28 18:23:08,13255,14,1.29,13,0.3571
2025-12-28 18:23:08,13261,18,1.06,13,0.0556
2025-12-28 18:23:08,13264,15,1.00,13,0.1333
2025-12-28 18:23:08,13271,18,1.06,13,0.2222
2025-12-28 18:23:08,13278,11,1.27,13,0.0000
2025-12-28 18:23:08,13285,14,1.07,13,0.0714
2025-12-28 18:23:08,13288,11,1.18,13,0.0909
2025-12-28 18:23:08,13295,14,1.07,13,0.1429
2025-12-28 18:23:08,13304,15,1.13,13,0.0667
2025-12-28 18:23:08,13307,12,1.33,13,0.1667
2025-12-28 18:23:08,13313,16,1.25,13,0.2500
2025-12-28 18:23:08,13321,18,1.28,13,0.2222
2025-12-28 18:23:08,13326,13,1.38,13,0.2308
2025-12-28 18:23:08,13335,14,1.29,13,0.0000
2025-12-28 18:23:08,13341,18,1.22,13,0.2222
2025-12-28 18:23:08,13348,11,1.64,13,0.0909
2025-12-28 18:23:08,13354,15,1.33,13,0.1333
2025-12-28 18:23:08,13360,19,1.26,13,0.3684
2025-12-28 18:23:08,13364,15,1.13,13,0.1333
2025-12-28 18:23:08,13369,10,1.30,13,0.3000
2025-12-28 18:23:08,13374,15,1.33,13,0.2667
2025-12-28 18:23:08,13379,10,1.50,13,0.2000
2025-12-28 18:23:08,13384,15,1.33,13,0.0667
2025-12-28 18:23:08,13390,19,1.32,13,0.2105
2025-12-28 18:23:08,13395,14,1.36,13,0.2143
2025-12-28 18:23:08,13400,19,1.32,13,0.1053
2025-12-28 18:23:08,13402,17,1.24,13,0.1176
2025-12-28 18:23:08,13409,10,1.30,13,0.1000
2025-12-28 18:23:08,13417,12,1.42,13,0.1667
2025-12-28 18:23:08,13421,18,1.17,13,0.2222
2025-12-28 18:23:08,13424,15,1.13,13,0.0667
2025-12-28 18:23:09,13431,18,1.22,13,0.1667
2025-12-28 18:23:09,13432,17,1.35,13,0.1176
2025-12-28 18:23:09,13441,18,1.33,13,0.1667
2025-12-28 18:23:09,13447,12,1.50,13,0.1667
2025-12-28 18:23:09,13449,10,1.70,13,0.1000
2025-12-28 18:23:09,13454,15,1.47,13,0.2000
2025-12-28 18:23:09,13463,16,1.38,13,0.0000
2025-12-28 18:23:09,13465,14,1.50,13,0.0714
2025-12-28 18:23:09,13474,15,1.33,13,0.2000
2025-12-28 18:23:09,13481,18,1.28,13,0.3333
2025-12-28 18:23:09,13486,13,1.38,13,0.0000
2025-12-28 18:23:09,13489,10,1.30,13,0.0000
2025-12-28 18:23:09,13493,16,1.25,13,0.0625
2025-12-28 18:23:09,13498,11,1.00,13,0.1818
2025-12-28 18:23:09,13506,13,1.15,13,0.4615
2025-12-28 18:23:09,13513,16,1.19,13,0.2500
2025-12-28 18:23:09,13517,12,1.25,13,0.3333
2025-12-28 18:23:09,13522,17,1.18,13,0.3529
2025-12-28 18:23:09,13526,13,1.31,13,0.1538
2025-12-28 18:23:09,13533,16,1.12,13,0.1250
2025-12-28 18:23:09,13540,19,1.05,13,0.0526
2025-12-28 18:23:09,13546,13,1.08,13,0.0769
2025-12-28 18:23:09,13558,11,1.18,13,0.1818
2025-12-28 18:23:09,13561,18,1.11,13,0.0556
2025-12-28 18:23:09,13566,13,1.46,13,0.0000
2025-12-28 18:23:09,13572,17,1.47,13,0.4118
2025-12-28 18:23:09,13575,14,1.79,13,0.2143
2025-12-28 18:23:09,13581,18,1.72,13,0.2222
2025-12-28 18:23:09,13584,15,1.73,13,0.2667
2025-12-28 18:23:09,13590,19,1.58,13,0.0526
2025-12-28 18:23:09,13597,12,1.75,13,0.1667
2025-12-28 18:23:09,13601,18,1.44,13,0.2778
2025-12-28 18:23:09,13607,12,1.25,13,0.1667
2025-12-28 18:23:09,13609,10,1.00,13,0.1000
2025-12-28 18:23:09,13617,12,1.17,13,0.0833
2025-12-28 18:23:09,13626,13,1.08,13,0.0769
2025-12-28 18:23:09,13629,10,1.20,13,0.0000
2025-12-28 18:23:09,13636,13,1.23,13,0.1538
2025-12-28 18:23:09,13645,14,1.14,13,0.2143
2025-12-28 18:23:10,13646,13,1.15,13,0.1538
2025-12-28 18:23:10,13657,12,1.17,13,0.0833
2025-12-28 18:23:10,13661,18,1.06,13,0.1111
2025-12-28 18:23:10,13665,14,1.00,13,0.1429
2025-12-28 18:23:10,13675,14,1.07,13,0.0714
2025-12-28 18:23:10,13679,10,1.10,13,0.3000
2025-12-28 18:23:10,13685,14,1.36,13,0.0000
2025-12-28 18:23:10,13690,19,1.37,13,0.1579
2025-12-28 18:23:10,13693,16,1.50,13,0.3125
2025-12-28 18:23:10,13704,15,1.47,13,0.0667
2025-12-28 18:23:10,13709,10,1.40,13,0.1000
2025-12-28 18:23:10,13717,12,1.58,13,0.0833
2025-12-28 18:23:10,13722,17,1.59,13,0.0588
2025-12-28 18:23:10,13725,14,1.93,13,0.0000
2025-12-28 18:23:10,13725,14,2.07,13,0.0714
2025-12-28 18:23:10,13729,10,2.30,13,0.1000
2025-12-28 18:23:10,13735,14,1.71,13,0.0714
2025-12-28 18:23:10,13737,12,2.00,13,0.1667
2025-12-28 18:23:10,13741,18,1.94,13,0.1111
2025-12-28 18:23:10,13747,12,2.92,13,0.0000
2025-12-28 18:23:10,13749,10,3.40,13,0.0000
2025-12-28 18:23:10,13749,10,3.50,13,0.1000
2025-12-28 18:23:10,13750,19,2.21,13,0.1053
2025-12-28 18:23:10,13754,15,2.33,13,0.1333
2025-12-28 18:23:10,13756,13,2.62,13,0.0000
2025-12-28 18:23:10,13762,17,2.35,13,0.2353
2025-12-28 18:23:10,13767,13,2.46,13,0.0769
2025-12-28 18:23:10,13772,18,2.00,13,0.1667
2025-12-28 18:23:10,13779,12,2.33,13,0.0833
2025-12-28 18:23:10,13782,19,2.11,13,0.2632
2025-12-28 18:23:10,13788,13,3.00,13,0.1538
2025-12-28 18:23:10,13791,10,3.90,13,0.0000
2025-12-28 18:23:10,13793,19,2.32,13,0.0526
2025-12-28 18:23:10,13798,14,2.36,13,0.2143
2025-12-28 18:23:10,13800,12,2.42,13,0.0000
2025-12-28 18:23:10,13805,17,1.82,13,0.0588
2025-12-28 18:23:10,13806,16,1.62,13,0.0000
2025-12-28 18:23:10,13814,18,1.67,13,0.0556
2025-12-28 18:23:10,13820,12,1.33,13,0.1667
2025-12-28 18:23:11,13823,19,1.05,13,0.0526
2025-12-28 18:23:11,13826,16,1.12,13,0.0000
2025-12-28 18:23:11,13838,14,1.21,13,0.3571
2025-12-28 18:23:11,13840,12,1.58,13,0.2500
2025-12-28 18:23:11,13846,16,1.44,13,0.3125
2025-12-28 18:23:11,13852,10,1.70,13,0.2000
2025-12-28 18:23:11,13856,16,1.06,13,0.1875
2025-12-28 18:23:11,13863,19,1.05,13,0.2632
2025-12-28 18:23:11,13868,14,1.21,13,0.0714
2025-12-28 18:23:11,13877,15,1.27,13,0.0667
2025-12-28 18:23:11,13880,12,1.17,13,0.0833
2025-12-28 18:23:11,13887,15,1.07,13,0.0667
2025-12-28 18:23:11,13889,13,1.08,13,0.0000
2025-12-28 18:23:11,13899,13,1.08,13,0.0769
2025-12-28 18:23:11,13904,18,1.28,13,0.2778
2025-12-28 18:23:11,13914,18,1.22,13,0.0556
2025-12-28 18:23:11,13917,15,1.20,13,0.0667
2025-12-28 18:23:11,13924,18,1.33,13,0.1111
2025-12-28 18:23:11,13927,15,1.33,13,0.1333
2025-12-28 18:23:11,13936,16,1.38,13,0.0625
2025-12-28 18:23:11,13937,15,1.73,13,0.0667
2025-12-28 18:23:11,13941,11,1.64,13,0.0000
2025-12-28 18:23:11,13947,15,1.27,13,0.0667
2025-12-28 18:23:11,13954,18,1.11,13,0.1111
2025-12-28 18:23:11,13955,17,1.06,13,0.2353
2025-12-28 18:23:11,13963,19,1.16,13,0.1053
2025-12-28 18:23:11,13971,11,1.09,13,0.0909
2025-12-28 18:23:11,13977,15,1.07,13,0.1333
2025-12-28 18:23:11,13984,18,1.11,13,0.1667
2025-12-28 18:23:11,13989,13,1.31,13,0.1538
2025-12-28 18:23:11,13996,16,1.31,13,0.1875
2025-12-28 18:23:11,13999,13,1.54,13,0.0769
2025-12-28 18:23:11,14005,17,1.24,13,0.1765
2025-12-28 18:23:11,14011,11,1.18,13,0.0909
2025-12-28 18:23:11,14017,15,1.20,13,0.1333
2025-12-28 18:23:11,14023,19,1.21,13,0.2632
2025-12-28 18:23:11,14028,14,1.29,13,0.2143
2025-12-28 18:23:11,14034,18,1.22,13,0.2222
2025-12-28 18:23:11,14039,13,1.31,13,0.2308
2025-12-28 18:23:12,14046,16,1.38,13,0.3125
2025-12-28 18:23:12,14051,11,1.64,13,0.3636
2025-12-28 18:23:12,14057,15,1.53,13,0.3333
2025-12-28 18:23:12,14063,19,1.42,13,0.3158
2025-12-28 18:23:12,14066,16,1.38,13,0.1875
2025-12-28 18:23:12,14075,17,1.41,13,0.0588
2025-12-28 18:23:12,14082,10,1.80,13,0.1000
2025-12-28 18:23:12,14087,15,1.73,13,0.1333
2025-12-28 18:23:12,14095,17,1.47,13,0.1176
2025-12-28 18:23:12,14100,12,1.25,13,0.1667
2025-12-28 18:23:12,14105,17,1.65,13,0.0000
2025-12-28 18:23:12,14109,13,1.54,13,0.0000
2025-12-28 18:23:12,14111,11,1.82,13,0.0000
2025-12-28 18:23:12,14116,16,1.31,13,0.2500
2025-12-28 18:23:12,14120,12,1.42,13,0.3333
2025-12-28 18:23:12,14125,17,1.24,13,0.1765
2025-12-28 18:23:12,14128,14,1.57,13,0.2857
2025-12-28 18:23:12,14132,10,1.90,13,0.0000
2025-12-28 18:23:12,14139,13,2.15,13,0.3077
2025-12-28 18:23:12,14140,12,1.83,13,0.2500
2025-12-28 18:23:12,14144,18,1.28,13,0.2222
2025-12-28 18:23:12,14149,13,1.31,13,0.1538
2025-12-28 18:23:12,14153,19,1.16,13,0.0526
2025-12-28 18:23:12,14158,14,1.07,13,0.0714
2025-12-28 18:23:12,14167,15,1.07,13,0.1333
2025-12-28 18:23:12,14176,16,1.00,13,0.0625
2025-12-28 18:23:12,14178,14,1.07,13,0.2143
2025-12-28 18:23:12,14188,14,1.21,13,0.2143
2025-12-28 18:23:12,14193,19,1.11,13,0.1053
2025-12-28 18:23:12,14200,12,1.17,13,0.0833
2025-12-28 18:23:12,14204,18,1.28,13,0.0556
2025-12-28 18:23:12,14211,11,1.27,13,0.0909
2025-12-28 18:23:12,14214,18,1.22,13,0.1667
2025-12-28 18:23:12,14217,15,1.20,13,0.0667
2025-12-28 18:23:12,14228,14,1.07,13,0.4286
2025-12-28 18:23:12,14231,11,1.36,13,0.2727
2025-12-28 18:23:12,14239,13,1.38,13,0.1538
2025-12-28 18:23:12,14247,15,1.40,13,0.0667
2025-12-28 18:23:12,14248,14,1.36,13,0.2857
2025-12-28 18:23:13,14255,17,1.47,13,0.0588
2025-12-28 18:23:13,14260,12,1.33,13,0.1667
2025-12-28 18:23:13,14266,16,1.38,13,0.1875
2025-12-28 18:23:13,14273,19,1.16,13,0.1579
2025-12-28 18:23:13,14278,14,1.21,13,0.2857
2025-12-28 18:23:13,14285,17,1.18,13,0.1765
2025-12-28 18:23:13,14289,13,1.23,13,0.2308
2025-12-28 18:23:13,14294,18,1.22,13,0.1111
2025-12-28 18:23:13,14299,13,1.31,13,0.1538
2025-12-28 18:23:13,14303,19,1.21,13,0.1579
2025-12-28 18:23:13,14311,11,1.36,13,0.0909
2025-12-28 18:23:13,14314,18,1.22,13,0.1667
2025-12-28 18:23:13,14316,16,1.25,13,0.0625
2025-12-28 18:23:13,14325,17,1.18,13,0.0000
2025-12-28 18:23:13,14328,14,1.14,13,0.0000
2025-12-28 18:23:13,14334,18,1.22,13,0.1111
2025-12-28 18:23:13,14343,19,1.26,13,0.2632
2025-12-28 18:23:13,14349,13,1.23,13,0.3077
2025-12-28 18:23:13,14354,18,1.11,13,0.2222
2025-12-28 18:23:13,14361,11,1.36,13,0.4545
2025-12-28 18:23:13,14371,11,1.45,13,0.0000
2025-12-28 18:23:13,14376,16,1.25,13,0.1875
2025-12-28 18:23:13,14378,14,1.29,13,0.2857
2025-12-28 18:23:13,14391,11,1.82,13,0.0909
2025-12-28 18:23:13,14392,10,1.50,13,0.2000
2025-12-28 18:23:13,14397,15,1.27,13,0.0667
2025-12-28 18:23:13,14401,11,1.64,13,0.0909
2025-12-28 18:23:13,14407,15,1.40,13,0.0667
2025-12-28 18:23:13,14410,12,1.50,13,0.1667
2025-12-28 18:23:13,14417,15,1.60,13,0.1333
2025-12-28 18:23:13,14423,19,1.42,13,0.3158
2025-12-28 18:23:13,14425,17,1.53,13,0.1176
2025-12-28 18:23:13,14428,14,1.64,13,0.2857
2025-12-28 18:23:13,14435,17,1.76,13,0.1765
2025-12-28 18:23:13,14438,14,1.86,13,0.2143
2025-12-28 18:23:13,14442,10,2.10,13,0.1000
2025-12-28 18:23:13,14446,16,1.88,13,0.2500
2025-12-28 18:23:13,14446,16,1.75,13,0.1250
2025-12-28 18:23:13,14452,10,2.10,13,0.0000
2025-12-28 18:23:14,14458,14,1.79,13,0.3571
2025-12-28 18:23:14,14466,16,1.56,13,0.2500
2025-12-28 18:23:14,14472,10,1.90,13,0.1000
2025-12-28 18:23:14,14475,17,1.59,13,0.2353
2025-12-28 18:23:14,14481,11,2.27,13,0.2727
2025-12-28 18:23:14,14486,16,2.19,13,0.1250
2025-12-28 18:23:14,14490,12,2.58,13,0.0833
2025-12-28 18:23:14,14492,10,2.90,13,0.0000
2025-12-28 18:23:14,14493,19,2.00,13,0.1053
2025-12-28 18:23:14,14500,12,1.92,13,0.1667
2025-12-28 18:23:14,14510,12,1.92,13,0.1667
2025-12-28 18:23:14,14521,11,1.73,13,0.1818
2025-12-28 18:23:14,14524,18,1.50,13,0.1111
2025-12-28 18:23:14,14531,11,2.18,13,0.0909
2025-12-28 18:23:14,14538,14,2.00,13,0.0714
2025-12-28 18:23:14,14542,10,2.30,13,0.0000
2025-12-28 18:23:14,14546,16,1.94,13,0.1250
2025-12-28 18:23:14,14549,13,2.15,13,0.0000
2025-12-28 18:23:14,14556,16,2.06,13,0.1250
2025-12-28 18:23:14,14561,11,2.55,13,0.1818
2025-12-28 18:23:14,14565,17,1.53,13,0.4706
2025-12-28 18:23:14,14575,17,1.53,13,0.2941
2025-12-28 18:23:14,14578,14,1.57,13,0.3571
2025-12-28 18:23:14,14586,16,1.56,13,0.1875
2025-12-28 18:23:14,14587,15,1.73,13,0.0667
2025-12-28 18:23:14,14591,11,2.00,13,0.0909
2025-12-28 18:23:14,14596,16,1.31,13,0.0625
2025-12-28 18:23:14,14600,12,1.67,13,0.0833
2025-12-28 18:23:14,14601,11,1.64,13,0.0909
2025-12-28 18:23:14,14606,16,1.50,13,0.2500
2025-12-28 18:23:14,14609,13,1.62,13,0.2308
2025-12-28 18:23:14,14616,16,1.38,13,0.1250
2025-12-28 18:23:14,14620,12,1.25,13,0.2500
2025-12-28 18:23:14,14624,18,1.00,13,0.2222
2025-12-28 18:23:14,14636,16,1.19,13,0.1875
2025-12-28 18:23:14,14639,13,1.15,13,0.1538
2025-12-28 18:23:14,14643,19,1.16,13,0.2105
2025-12-28 18:23:14,14654,18,1.17,13,0.0556
2025-12-28 18:23:15,14657,15,1.13,13,0.2000
2025-12-28 18:23:15,14664,18,1.11,13,0.1111
2025-12-28 18:23:15,14668,14,1.07,13,0.1429
2025-12-28 18:23:15,14675,17,1.12,13,0.0588
2025-12-28 18:23:15,14681,11,1.09,13,0.1818
2025-12-28 18:23:15,14688,14,1.14,13,0.0714
2025-12-28 18:23:15,14698,14,1.07,13,0.2143
2025-12-28 18:23:15,14699,13,1.08,13,0.1538
2025-12-28 18:23:15,14706,16,1.06,13,0.1250
2025-12-28 18:23:15,14716,16,1.12,13,0.1875
2025-12-28 18:23:15,14719,13,1.38,13,0.0000
2025-12-28 18:23:15,14723,19,1.21,13,0.1053
2025-12-28 18:23:15,14729,13,1.23,13,0.0769
2025-12-28 18:23:15,14735,17,1.18,13,0.1176
2025-12-28 18:23:15,14738,14,1.36,13,0.2143
2025-12-28 18:23:15,14750,12,1.33,13,0.0000
2025-12-28 18:23:15,14752,10,1.30,13,0.0000
2025-12-28 18:23:15,14752,10,1.10,13,0.0000
2025-12-28 18:23:15,14762,10,1.10,13,0.0000
2025-12-28 18:23:15,14764,18,1.17,13,0.1667
2025-12-28 18:23:15,14767,15,1.33,13,0.1333
2025-12-28 18:23:15,14775,17,1.29,13,0.1765
2025-12-28 18:23:15,14780,12,1.50,13,0.3333
2025-12-28 18:23:15,14784,18,1.50,13,0.0556
2025-12-28 18:23:15,14790,12,1.50,13,0.0000
2025-12-28 18:23:15,14791,11,1.45,13,0.0909
2025-12-28 18:23:15,14799,13,1.54,13,0.1538
2025-12-28 18:23:15,14803,19,1.26,13,0.2632
2025-12-28 18:23:15,14809,13,1.38,13,0.3077
2025-12-28 18:23:15,14815,17,1.18,13,0.2941
2025-12-28 18:23:15,14819,13,1.31,13,0.3077
2025-12-28 18:23:15,14827,15,1.13,13,0.3333
2025-12-28 18:23:15,14833,19,1.16,13,0.2632
2025-12-28 18:23:15,14838,14,1.29,13,0.1429
2025-12-28 18:23:15,14844,18,1.22,13,0.1667
2025-12-28 18:23:15,14851,11,1.09,13,0.3636
2025-12-28 18:23:15,14859,13,1.38,13,0.1538
2025-12-28 18:23:15,14865,17,1.24,13,0.1176
2025-12-28 18:23:15,14867,15,1.47,13,0.1333
2025-12-28 18:23:15,14872,10,1.80,13,0.2000
2025-12-28 18:23:16,14874,18,1.50,13,0.0556
2025-12-28 18:23:16,14881,11,1.82,13,0.1818
2025-12-28 18:23:16,14886,16,1.50,13,0.0625
2025-12-28 18:23:16,14892,10,2.50,13,0.2000
2025-12-28 18:23:16,14899,13,2.15,13,0.0769
2025-12-28 18:23:16,14902,10,2.40,13,0.0000
2025-12-28 18:23:16,14904,18,1.72,13,0.2222
2025-12-28 18:23:16,14911,11,1.18,13,0.1818
2025-12-28 18:23:16,14916,16,1.06,13,0.1875
2025-12-28 18:23:16,14922,10,1.40,13,0.3000
2025-12-28 18:23:16,14929,13,1.46,13,0.2308
2025-12-28 18:23:16,14933,19,1.32,13,0.1053
2025-12-28 18:23:16,14937,15,1.33,13,0.1333
2025-12-28 18:23:16,14945,17,1.47,13,0.1176
2025-12-28 18:23:16,14946,16,1.50,13,0.0625
2025-12-28 18:23:16,14949,13,1.54,13,0.0769
2025-12-28 18:23:16,14954,18,1.28,13,0.1667
2025-12-28 18:23:16,14960,12,1.58,13,0.4167
2025-12-28 18:23:16,14967,15,1.33,13,0.0667
2025-12-28 18:23:16,14970,12,1.50,13,0.0833
2025-12-28 18:23:16,14975,17,1.65,13,0.1176
2025-12-28 18:23:16,14980,12,1.92,13,0.0833
2025-12-28 18:23:16,14983,19,1.32,13,0.1053
2025-12-28 18:23:16,14991,11,1.18,13,0.1818
2025-12-28 18:23:16,14998,14,1.14,13,0.1429
2025-12-28 18:23:16,15001,11,1.27,13,0.0909
2025-12-28 18:23:16,15011,11,1.09,13,0.1818
2025-12-28 18:23:16,15015,17,1.12,13,0.2941
2025-12-28 18:23:16,15019,13,1.31,13,0.0769
2025-12-28 18:23:16,15025,17,1.18,13,0.0588
2025-12-28 18:23:16,15031,11,1.27,13,0.0000
2025-12-28 18:23:16,15032,10,1.30,13,0.0000
2025-12-28 18:23:16,15041,11,1.27,13,0.0909
2025-12-28 18:23:16,15041,11,1.36,13,0.1818
2025-12-28 18:23:16,15049,13,1.23,13,0.0769
2025-12-28 18:23:16,15052,10,1.60,13,0.0000
2025-12-28 18:23:16,15054,18,1.72,13,0.1111
2025-12-28 18:23:16,15060,12,2.25,13,0.0833
2025-12-28 18:23:16,15061,11,2.27,13,0.0000
2025-12-28 18:23:16,15068,14,2.07,13,0.0000
2025-12-28 18:23:17,15071,11,2.09,13,0.0000
2025-12-28 18:23:17,15072,10,2.30,13,0.0000
2025-12-28 18:23:17,15080,12,2.67,13,0.0833
2025-12-28 18:23:17,15083,19,2.21,13,0.4211
2025-12-28 18:23:17,15085,17,2.35,13,0.1176
2025-12-28 18:23:17,15089,13,3.00,13,0.2308
2025-12-28 18:23:17,15095,17,2.59,13,0.2353
2025-12-28 18:23:17,15100,12,3.33,13,0.1667
2025-12-28 18:23:17,15104,18,2.33,13,0.2778
2025-12-28 18:23:17,15108,14,2.57,13,0.2857
2025-12-28 18:23:17,15112,10,2.90,13,0.4000
2025-12-28 18:23:17,15117,15,2.40,13,0.2667
2025-12-28 18:23:17,15121,11,2.82,13,0.2727
2025-12-28 18:23:17,15122,10,3.40,13,0.2000
2025-12-28 18:23:17,15127,15,2.73,13,0.0667
2025-12-28 18:23:17,15129,13,2.85,13,0.0000
2025-12-28 18:23:17,15135,17,2.24,13,0.1765
2025-12-28 18:23:17,15137,15,2.33,13,0.1333
2025-12-28 18:23:17,15138,14,2.50,13,0.0714
2025-12-28 18:23:17,15148,14,2.36,13,0.0714
2025-12-28 18:23:17,15150,12,2.83,13,0.2500
2025-12-28 18:23:17,15152,10,3.20,13,0.2000
2025-12-28 18:23:17,15152,10,3.10,13,0.1000
2025-12-28 18:23:17,15156,16,2.25,13,0.1875
2025-12-28 18:23:17,15162,10,3.00,13,0.1000
2025-12-28 18:23:17,15165,18,1.83,13,0.1667
2025-12-28 18:23:17,15170,13,2.08,13,0.2308
2025-12-28 18:23:17,15172,11,2.45,13,0.0909
2025-12-28 18:23:17,15180,13,2.00,13,0.1538
2025-12-28 18:23:17,15184,19,1.68,13,0.1053
2025-12-28 18:23:17,15191,12,1.67,13,0.1667
2025-12-28 18:23:17,15197,16,1.38,13,0.1250
2025-12-28 18:23:17,15199,14,1.64,13,0.2143
2025-12-28 18:23:17,15205,18,1.61,13,0.1667
2025-12-28 18:23:17,15213,10,2.00,13,0.5000
2025-12-28 18:23:17,15216,17,1.59,13,0.1765
2025-12-28 18:23:17,15222,11,1.91,13,0.0909
2025-12-28 18:23:17,15227,16,1.62,13,0.0000
2025-12-28 18:23:17,15233,10,1.90,13,0.1000
2025-12-28 18:23:18,15237,16,1.50,13,0.0000
2025-12-28 18:23:18,15243,10,2.00,13,0.1000
2025-12-28 18:23:18,15247,16,1.75,13,0.0625
2025-12-28 18:23:18,15252,11,2.27,13,0.0000
2025-12-28 18:23:18,15254,10,1.80,13,0.2000
2025-12-28 18:23:18,15258,16,1.69,13,0.0625
2025-12-28 18:23:18,15261,13,2.08,13,0.2308
2025-12-28 18:23:18,15268,16,1.94,13,0.1875
2025-12-28 18:23:18,15274,10,2.80,13,0.4000
2025-12-28 18:23:18,15280,14,1.57,13,0.2857
2025-12-28 18:23:18,15284,10,1.80,13,0.1000
2025-12-28 18:23:18,15293,11,1.82,13,0.1818
2025-12-28 18:23:18,15296,18,1.72,13,0.1667
2025-12-28 18:23:18,15300,14,1.79,13,0.0714
2025-12-28 18:23:18,15302,12,1.83,13,0.1667
2025-12-28 18:23:18,15310,14,1.71,13,0.1429
2025-12-28 18:23:18,15312,12,1.67,13,0.5000
2025-12-28 18:23:18,15317,17,1.53,13,0.1176
2025-12-28 18:23:18,15321,13,2.08,13,0.0769
2025-12-28 18:23:18,15324,10,1.60,13,0.1000
2025-12-28 18:23:18,15335,19,1.47,13,0.2632
2025-12-28 18:23:18,15338,16,1.62,13,0.1250
2025-12-28 18:23:18,15342,12,2.25,13,0.0833
2025-12-28 18:23:18,15350,14,2.07,13,0.1429
2025-12-28 18:23:18,15353,11,2.09,13,0.0909
2025-12-28 18:23:18,15361,13,1.92,13,0.3846
2025-12-28 18:23:18,15365,19,1.63,13,0.2105
2025-12-28 18:23:18,15371,13,1.77,13,0.1538
2025-12-28 18:23:18,15379,15,1.73,13,0.1333
2025-12-28 18:23:18,15382,12,1.92,13,0.0833
2025-12-28 18:23:18,15390,14,1.93,13,0.2143
2025-12-28 18:23:18,15393,11,2.18,13,0.0000
2025-12-28 18:23:18,15398,16,1.88,13,0.1875
2025-12-28 18:23:18,15405,19,1.79,13,0.1053
2025-12-28 18:23:18,15410,14,2.21,13,0.4286
2025-12-28 18:23:18,15413,11,2.27,13,0.5455
2025-12-28 18:23:18,15421,13,1.92,13,0.1538
2025-12-28 18:23:18,15425,19,1.63,13,0.4211
2025-12-28 18:23:18,15430,14,1.71,13,0.0714
2025-12-28 18:23:19,15439,15,1.73,13,0.2667
2025-12-28 18:23:19,15444,10,2.30,13,0.2000
2025-12-28 18:23:19,15450,14,2.21,13,0.1429
2025-12-28 18:23:19,15453,11,2.09,13,0.0909
2025-12-28 18:23:19,15457,17,1.65,13,0.0588
2025-12-28 18:23:19,15461,13,1.62,13,0.1538
2025-12-28 18:23:19,15468,16,1.38,13,0.1875
2025-12-28 18:23:19,15474,10,1.90,13,0.3000
2025-12-28 18:23:19,15478,16,1.50,13,0.1250
2025-12-28 18:23:19,15486,18,1.56,13,0.1667
2025-12-28 18:23:19,15490,14,1.79,13,0.1429
2025-12-28 18:23:19,15496,18,1.50,13,0.1667
2025-12-28 18:23:19,15499,15,1.73,13,0.2000
2025-12-28 18:23:19,15505,19,1.47,13,0.2105
2025-12-28 18:23:19,15513,11,1.82,13,0.5455
2025-12-28 18:23:19,15516,18,1.22,13,0.0556
2025-12-28 18:23:19,15523,11,1.73,13,0.0909
2025-12-28 18:23:19,15526,18,1.44,13,0.0556
2025-12-28 18:23:19,15530,14,1.71,13,0.0000
2025-12-28 18:23:19,15535,19,1.32,13,0.1579
2025-12-28 18:23:19,15538,16,1.50,13,0.0625
2025-12-28 18:23:19,15545,19,1.42,13,0.2105
2025-12-28 18:23:19,15549,15,1.53,13,0.1333
2025-12-28 18:23:19,15556,18,1.50,13,0.1111
2025-12-28 18:23:19,15559,15,1.60,13,0.2000
2025-12-28 18:23:19,15568,16,1.56,13,0.1875
2025-12-28 18:23:19,15577,17,1.53,13,0.1176
2025-12-28 18:23:19,15584,10,1.70,13,0.0000
2025-12-28 18:23:19,15587,17,1.47,13,0.1765
2025-12-28 18:23:19,15590,14,1.64,13,0.1429
2025-12-28 18:23:19,15598,16,1.81,13,0.2500
2025-12-28 18:23:19,15606,18,1.89,13,0.3333
2025-12-28 18:23:19,15609,15,2.00,13,0.1333
2025-12-28 18:23:19,15618,16,1.81,13,0.1250
2025-12-28 18:23:19,15619,15,1.87,13,0.2667
2025-12-28 18:23:19,15627,17,1.71,13,0.1176
2025-12-28 18:23:19,15632,13,1.46,13,0.1538
2025-12-28 18:23:19,15641,14,1.71,13,0.0714
2025-12-28 18:23:20,15645,10,2.10,13,0.0000
2025-12-28 18:23:20,15650,15,1.67,13,0.0667
2025-12-28 18:23:20,15653,12,1.83,13,0.0833
2025-12-28 18:23:20,15655,10,1.80,13,0.0000
2025-12-28 18:23:20,15662,13,1.77,13,0.3846
2025-12-28 18:23:20,15670,15,1.60,13,0.0667
2025-12-28 18:23:20,15675,10,2.20,13,0.2000
2025-12-28 18:23:20,15678,17,1.88,13,0.2353
2025-12-28 18:23:20,15679,16,1.94,13,0.0625
2025-12-28 18:23:20,15692,14,1.57,13,0.1429
2025-12-28 18:23:20,15698,18,1.50,13,0.3333
2025-12-28 18:23:20,15703,13,1.62,13,0.2308
2025-12-28 18:23:20,15707,19,1.58,13,0.0526
2025-12-28 18:23:20,15709,17,1.59,13,0.2353
2025-12-28 18:23:20,15719,17,1.59,13,0.1765
2025-12-28 18:23:20,15725,11,2.09,13,0.1818
2025-12-28 18:23:20,15729,17,2.00,13,0.1176
2025-12-28 18:23:20,15738,18,1.50,13,0.2778
2025-12-28 18:23:20,15742,14,1.57,13,0.2143
2025-12-28 18:23:20,15752,14,1.43,13,0.0000
2025-12-28 18:23:20,15755,11,1.82,13,0.0909
2025-12-28 18:23:20,15759,17,1.35,13,0.4118
2025-12-28 18:23:20,15763,13,1.31,13,0.3077
2025-12-28 18:23:20,15770,16,1.31,13,0.3125
2025-12-28 18:23:20,15775,11,1.45,13,0.0909
2025-12-28 18:23:20,15780,16,1.19,13,0.3125
2025-12-28 18:23:20,15785,11,1.64,13,0.2727
2025-12-28 18:23:20,15793,13,1.77,13,0.2308
2025-12-28 18:23:20,15795,11,2.09,13,0.0000
2025-12-28 18:23:20,15799,17,1.82,13,0.1176
2025-12-28 18:23:20,15804,12,2.17,13,0.0833
2025-12-28 18:23:20,15812,14,1.86,13,0.0714
2025-12-28 18:23:20,15816,10,2.10,13,0.0000
2025-12-28 18:23:20,15816,10,2.10,13,0.0000
2025-12-28 18:23:20,15822,14,1.86,13,0.2143
2025-12-28 18:23:20,15827,19,1.53,13,0.3684
2025-12-28 18:23:20,15830,16,1.69,13,0.1250
2025-12-28 18:23:20,15837,19,1.68,13,0.2632
2025-12-28 18:23:20,15844,12,1.92,13,0.2500
2025-12-28 18:23:21,15847,19,1.58,13,0.1579
2025-12-28 18:23:21,15854,12,1.92,13,0.3333
2025-12-28 18:23:21,15863,14,1.43,13,0.1429
2025-12-28 18:23:21,15867,10,2.00,13,0.1000
2025-12-28 18:23:21,15875,12,2.00,13,0.0833
2025-12-28 18:23:21,15879,18,1.72,13,0.1111
2025-12-28 18:23:21,15882,15,1.87,13,0.2000
2025-12-28 18:23:21,15888,19,1.74,13,0.0526
2025-12-28 18:23:21,15890,17,1.82,13,0.0000
2025-12-28 18:23:21,15894,13,2.00,13,0.0000
2025-12-28 18:23:21,15905,12,2.08,13,0.3333
2025-12-28 18:23:21,15908,19,1.63,13,0.2105
2025-12-28 18:23:21,15912,15,1.73,13,0.1333
2025-12-28 18:23:21,15920,17,1.59,13,0.4118
2025-12-28 18:23:21,15926,12,1.67,13,0.2500
2025-12-28 18:23:21,15931,17,1.41,13,0.1765
2025-12-28 18:23:21,15936,12,1.83,13,0.2500
2025-12-28 18:23:21,15938,10,2.00,13,0.1000
2025-12-28 18:23:21,15944,14,1.79,13,0.1429
2025-12-28 18:23:21,15949,19,1.21,13,0.1579
2025-12-28 18:23:21,15954,14,1.43,13,0.0000
2025-12-28 18:23:21,15961,17,1.41,13,0.1176
2025-12-28 18:23:21,15963,15,1.80,13,0.2667
2025-12-28 18:23:21,15966,12,1.83,13,0.1667
2025-12-28 18:23:21,15973,15,1.47,13,0.4000
2025-12-28 18:23:21,15975,13,1.31,13,0.2308
2025-12-28 18:23:21,15981,17,1.12,13,0.0588
2025-12-28 18:23:21,15991,17,1.12,13,0.1176
2025-12-28 18:23:21,15997,11,1.27,13,0.1818
2025-12-28 18:23:21,16003,15,1.20,13,0.1333
2025-12-28 18:23:21,16008,10,1.30,13,0.0000
2025-12-28 18:23:21,16016,12,1.33,13,0.0000
2025-12-28 18:23:21,16023,15,1.40,13,0.0667
2025-12-28 18:23:21,16027,11,1.55,13,0.0000
2025-12-28 18:23:21,16032,16,1.31,13,0.1250
2025-12-28 18:23:21,16036,12,1.25,13,0.0833
2025-12-28 18:23:21,16042,16,1.19,13,0.1250
2025-12-28 18:23:21,16045,13,1.38,13,0.1538
2025-12-28 18:23:21,16048,10,1.40,13,0.3000
2025-12-28 18:23:22,16056,12,1.17,13,0.1667
2025-12-28 18:23:22,16059,19,1.21,13,0.1579
2025-12-28 18:23:22,16066,12,1.25,13,0.2500
2025-12-28 18:23:22,16072,16,1.06,13,0.1875
2025-12-28 18:23:22,16078,10,1.00,13,0.2000
2025-12-28 18:23:22,16083,15,1.20,13,0.1333
2025-12-28 18:23:22,16088,10,1.40,13,0.3000
2025-12-28 18:23:22,16096,12,1.08,13,0.3333
2025-12-28 18:23:22,16102,16,1.31,13,0.3125
2025-12-28 18:23:22,16105,13,1.23,13,0.3846
2025-12-28 18:23:22,16110,18,1.39,13,0.2222
2025-12-28 18:23:22,16117,11,1.45,13,0.0909
2025-12-28 18:23:22,16120,18,1.39,13,0.1667
2025-12-28 18:23:22,16126,12,1.58,13,0.0833
2025-12-28 18:23:22,16131,17,1.29,13,0.1765
2025-12-28 18:23:22,16141,17,1.35,13,0.1176
2025-12-28 18:23:22,16147,11,1.27,13,0.0909
2025-12-28 18:23:22,16153,15,1.40,13,0.0667
2025-12-28 18:23:22,16156,12,1.50,13,0.1667
2025-12-28 18:23:22,16163,15,1.47,13,0.2000
2025-12-28 18:23:22,16168,10,1.50,13,0.2000
2025-12-28 18:23:22,16177,11,1.36,13,0.1818
2025-12-28 18:23:22,16182,16,1.31,13,0.1875
2025-12-28 18:23:22,16187,11,1.09,13,0.0000
2025-12-28 18:23:22,16193,15,1.00,13,0.1333
2025-12-28 18:23:22,16199,19,1.11,13,0.2105
2025-12-28 18:23:22,16201,17,1.18,13,0.1765
2025-12-28 18:23:22,16210,18,1.17,13,0.1111
2025-12-28 18:23:22,16213,15,1.13,13,0.4000
2025-12-28 18:23:22,16223,15,1.33,13,0.1333
2025-12-28 18:23:22,16225,13,1.15,13,0.0769
2025-12-28 18:23:22,16231,17,1.24,13,0.2353
2025-12-28 18:23:22,16244,14,1.21,13,0.1429
2025-12-28 18:23:22,16246,12,1.42,13,0.2500
2025-12-28 18:23:22,16250,18,1.28,13,0.3333
2025-12-28 18:23:22,16256,12,1.17,13,0.0000
2025-12-28 18:23:22,16261,17,1.35,13,0.1765
2025-12-28 18:23:22,16268,10,1.50,13,0.2000
2025-12-28 18:23:23,16275,13,1.46,13,0.0769
2025-12-28 18:23:23,16280,18,1.33,13,0.1111
2025-12-28 18:23:23,16283,15,1.40,13,0.0000
2025-12-28 18:23:23,16290,18,1.28,13,0.0556
2025-12-28 18:23:23,16295,13,1.62,13,0.0769
2025-12-28 18:23:23,16302,16,1.56,13,0.0625
2025-12-28 18:23:23,16304,14,1.71,13,0.0714
2025-12-28 18:23:23,16306,12,2.00,13,0.0833
2025-12-28 18:23:23,16313,15,1.47,13,0.1333
2025-12-28 18:23:23,16320,18,1.22,13,0.1111
2025-12-28 18:23:23,16327,11,1.36,13,0.1818
2025-12-28 18:23:23,16331,17,1.24,13,0.1765
2025-12-28 18:23:23,16335,13,1.23,13,0.0000
2025-12-28 18:23:23,16340,18,1.17,13,0.1667
2025-12-28 18:23:23,16345,13,1.23,13,0.1538
2025-12-28 18:23:23,16349,19,1.11,13,0.2105
2025-12-28 18:23:23,16356,12,1.17,13,0.1667
2025-12-28 18:23:23,16363,15,1.40,13,0.2667
2025-12-28 18:23:23,16369,19,1.26,13,0.1053
2025-12-28 18:23:23,16372,16,1.44,13,0.2500
2025-12-28 18:23:23,16379,19,1.53,13,0.1053
2025-12-28 18:23:23,16382,16,1.81,13,0.0625
2025-12-28 18:23:23,16388,10,2.40,13,0.0000
2025-12-28 18:23:23,16393,15,1.93,13,0.1333
2025-12-28 18:23:23,16403,15,2.07,13,0.1333
2025-12-28 18:23:23,16405,13,2.23,13,0.0769
2025-12-28 18:23:23,16413,15,1.93,13,0.2000
2025-12-28 18:23:23,16417,11,2.09,13,0.2727
2025-12-28 18:23:23,16421,17,1.65,13,0.0588
2025-12-28 18:23:23,16425,13,2.00,13,0.0000
2025-12-28 18:23:23,16431,18,1.39,13,0.1667
2025-12-28 18:23:23,16437,12,1.75,13,0.1667
2025-12-28 18:23:23,16439,10,2.10,13,0.1000
2025-12-28 18:23:23,16442,17,1.94,13,0.0000
2025-12-28 18:23:23,16445,14,2.21,13,0.0000
2025-12-28 18:23:23,16449,10,2.60,13,0.0000
2025-12-28 18:23:23,16455,14,2.07,13,0.1429
2025-12-28 18:23:23,16458,11,2.36,13,0.1818
2025-12-28 18:23:23,16462,17,1.82,13,0.1765
2025-12-28 18:23:24,16467,12,2.50,13,0.3333
2025-12-28 18:23:24,16473,16,2.12,13,0.1875
2025-12-28 18:23:24,16478,11,2.55,13,0.1818
2025-12-28 18:23:24,16484,15,2.40,13,0.2667
2025-12-28 18:23:24,16489,11,2.45,13,0.1818
2025-12-28 18:23:24,16494,16,1.88,13,0.1875
2025-12-28 18:23:24,16499,11,2.36,13,0.1818
2025-12-28 18:23:24,16505,15,2.00,13,0.0667
2025-12-28 18:23:24,16513,17,1.88,13,0.1176
2025-12-28 18:23:24,16514,16,2.19,13,0.1250
2025-12-28 18:23:24,16522,19,1.63,13,0.1053
2025-12-28 18:23:24,16528,13,2.08,13,0.1538
2025-12-28 18:23:24,16530,11,2.45,13,0.0909
2025-12-28 18:23:24,16533,18,2.00,13,0.1111
2025-12-28 18:23:24,16537,14,2.21,13,0.1429
2025-12-28 18:23:24,16541,10,2.50,13,0.0000
2025-12-28 18:23:24,16545,16,2.25,13,0.1875
2025-12-28 18:23:24,16546,15,2.33,13,0.0667
2025-12-28 18:23:24,16549,12,2.58,13,0.0833
2025-12-28 18:23:24,16554,17,2.12,13,0.3529
2025-12-28 18:23:24,16559,12,1.75,13,0.2500
2025-12-28 18:23:24,16561,10,1.70,13,0.2000
2025-12-28 18:23:24,16566,15,1.27,13,0.1333
2025-12-28 18:23:24,16570,11,1.36,13,0.1818
2025-12-28 18:23:24,16575,16,1.12,13,0.2500
2025-12-28 18:23:24,16581,10,1.30,13,0.2000
2025-12-28 18:23:24,16587,14,1.43,13,0.2143
2025-12-28 18:23:24,16593,18,1.33,13,0.1111
2025-12-28 18:23:24,16596,15,1.33,13,0.1333
2025-12-28 18:23:24,16605,16,1.38,13,0.3125
2025-12-28 18:23:24,16610,11,1.18,13,0.0909
2025-12-28 18:23:24,16616,15,1.27,13,0.1333
2025-12-28 18:23:24,16621,10,1.40,13,0.1000
2025-12-28 18:23:24,16626,15,1.20,13,0.0667
2025-12-28 18:23:24,16633,18,1.22,13,0.0000
2025-12-28 18:23:24,16638,13,1.46,13,0.0769
2025-12-28 18:23:24,16642,19,1.26,13,0.3158
2025-12-28 18:23:24,16646,15,1.27,13,0.2000
2025-12-28 18:23:24,16652,19,1.21,13,0.1053
2025-12-28 18:23:25,16658,13,1.15,13,0.2308
2025-12-28 18:23:25,16660,11,1.27,13,0.0000
2025-12-28 18:23:25,16663,18,1.17,13,0.1111
2025-12-28 18:23:25,16670,11,1.55,13,0.0000
2025-12-28 18:23:25,16675,16,1.12,13,0.1250
2025-12-28 18:23:25,16681,10,1.20,13,0.2000
2025-12-28 18:23:25,16685,16,1.31,13,0.0625
2025-12-28 18:23:25,16690,11,1.45,13,0.0000
2025-12-28 18:23:25,16692,19,1.16,13,0.1053
2025-12-28 18:23:25,16702,19,1.11,13,0.1053
2025-12-28 18:23:25,16707,14,1.21,13,0.2143
2025-12-28 18:23:25,16717,14,1.36,13,0.2143
2025-12-28 18:23:25,16721,10,1.50,13,0.4000
2025-12-28 18:23:25,16731,10,1.40,13,0.2000
2025-12-28 18:23:25,16737,14,1.21,13,0.2143
2025-12-28 18:23:25,16741,10,1.20,13,0.1000
2025-12-28 18:23:25,16750,11,1.18,13,0.0000
2025-12-28 18:23:25,16757,14,1.07,13,0.0714
2025-12-28 18:23:25,16762,19,1.05,13,0.2105
2025-12-28 18:23:25,16768,13,1.00,13,0.2308
2025-12-28 18:23:25,16777,14,1.00,13,0.1429
2025-12-28 18:23:25,16780,11,1.00,13,0.0000
2025-12-28 18:23:25,16785,16,1.00,13,0.0625
2025-12-28 18:23:25,16791,10,1.00,13,0.0000
2025-12-28 18:23:25,16795,16,1.12,13,0.2500
2025-12-28 18:23:25,16807,14,1.14,13,0.2143
2025-12-28 18:23:25,16811,10,1.20,13,0.2000
2025-12-28 18:23:25,16819,12,1.08,13,0.3333
2025-12-28 18:23:25,16825,16,1.19,13,0.1875
2025-12-28 18:23:25,16828,13,1.31,13,0.1538
2025-12-28 18:23:25,16835,16,1.19,13,0.1875
2025-12-28 18:23:25,16841,10,1.30,13,0.0000
2025-12-28 18:23:25,16846,15,1.13,13,0.1333
2025-12-28 18:23:25,16850,11,1.27,13,0.1818
2025-12-28 18:23:25,16858,13,1.15,13,0.2308
2025-12-28 18:23:25,16865,16,1.12,13,0.1875
2025-12-28 18:23:25,16868,13,1.23,13,0.3077
2025-12-28 18:23:25,16875,16,1.19,13,0.1875
2025-12-28 18:23:25,16882,19,1.21,13,0.3158
2025-12-28 18:23:26,16885,16,1.19,13,0.3125
2025-12-28 18:23:26,16895,16,1.19,13,0.1875
2025-12-28 18:23:26,16898,13,1.23,13,0.0769
2025-12-28 18:23:26,16906,15,1.27,13,0.0000
2025-12-28 18:23:26,16913,18,1.22,13,0.0000
2025-12-28 18:23:26,16915,16,1.38,13,0.0000
2025-12-28 18:23:26,16922,19,1.26,13,0.1053
2025-12-28 18:23:26,16926,15,1.47,13,0.1333
2025-12-28 18:23:26,16935,16,1.62,13,0.0625
2025-12-28 18:23:26,16940,11,1.82,13,0.2727
2025-12-28 18:23:26,16945,16,1.88,13,0.1875
2025-12-28 18:23:26,16948,13,2.00,13,0.0769
2025-12-28 18:23:26,16953,18,1.44,13,0.2222
2025-12-28 18:23:26,16956,15,1.60,13,0.2000
2025-12-28 18:23:26,16964,17,1.41,13,0.0588
2025-12-28 18:23:26,16967,14,1.57,13,0.0000
2025-12-28 18:23:26,16971,10,1.30,13,0.0000
2025-12-28 18:23:26,16977,14,1.29,13,0.2857
2025-12-28 18:23:26,16982,19,1.05,13,0.3684
2025-12-28 18:23:26,16988,13,1.08,13,0.3077
2025-12-28 18:23:26,16995,16,1.25,13,0.1250
2025-12-28 18:23:26,16999,12,1.25,13,0.0833
2025-12-28 18:23:26,17004,17,1.24,13,0.1765
2025-12-28 18:23:26,17010,11,1.36,13,0.0000
2025-12-28 18:23:26,17016,15,1.27,13,0.1333
2025-12-28 18:23:26,17023,18,1.22,13,0.0556
2025-12-28 18:23:26,17029,12,1.17,13,0.0833
2025-12-28 18:23:26,17033,18,1.22,13,0.1111
2025-12-28 18:23:26,17040,11,1.73,13,0.1818
2025-12-28 18:23:26,17047,14,1.64,13,0.0000
2025-12-28 18:23:26,17053,18,1.39,13,0.2222
2025-12-28 18:23:26,17058,13,1.69,13,0.0000
2025-12-28 18:23:26,17062,19,1.26,13,0.1053
2025-12-28 18:23:26,17068,13,1.38,13,0.0769
2025-12-28 18:23:26,17073,18,1.28,13,0.0556
2025-12-28 18:23:26,17076,15,1.33,13,0.2667
2025-12-28 18:23:26,17089,12,1.50,13,0.0833
2025-12-28 18:23:26,17096,15,1.00,13,0.2667
2025-12-28 18:23:26,17101,10,1.00,13,0.1000
2025-12-28 18:23:26,17108,13,1.23,13,0.2308
2025-12-28 18:23:27,17119,12,1.33,13,0.3333
2025-12-28 18:23:27,17122,19,1.21,13,0.1579
2025-12-28 18:23:27,17128,13,1.46,13,0.0769
2025-12-28 18:23:27,17136,15,1.20,13,0.1333
2025-12-28 18:23:27,17139,12,1.17,13,0.1667
2025-12-28 18:23:27,17144,17,1.06,13,0.1176
2025-12-28 18:23:27,17152,19,1.11,13,0.3684
2025-12-28 18:23:27,17158,13,1.31,13,0.2308
2025-12-28 18:23:27,17162,19,1.32,13,0.2632
2025-12-28 18:23:27,17167,14,1.43,13,0.4286
2025-12-28 18:23:27,17172,19,1.26,13,0.2105
2025-12-28 18:23:27,17176,15,1.20,13,0.1333
2025-12-28 18:23:27,17185,16,1.19,13,0.1250
2025-12-28 18:23:27,17193,18,1.11,13,0.3333
2025-12-28 18:23:27,17197,14,1.07,13,0.2143
2025-12-28 18:23:27,17205,16,1.31,13,0.1875
2025-12-28 18:23:27,17208,13,1.46,13,0.1538
2025-12-28 18:23:27,17215,16,1.31,13,0.1250
2025-12-28 18:23:27,17222,19,1.37,13,0.1579
2025-12-28 18:23:27,17227,14,1.86,13,0.0714
2025-12-28 18:23:27,17231,10,2.40,13,0.1000
2025-12-28 18:23:27,17236,15,1.40,13,0.2667
2025-12-28 18:23:27,17241,10,1.40,13,0.2000
2025-12-28 18:23:27,17245,16,1.44,13,0.0625
2025-12-28 18:23:27,17248,13,1.69,13,0.0000
2025-12-28 18:23:27,17251,10,1.40,13,0.0000
2025-12-28 18:23:27,17259,12,1.25,13,0.0833
2025-12-28 18:23:27,17261,10,1.40,13,0.0000
2025-12-28 18:23:27,17262,19,1.21,13,0.1579
2025-12-28 18:23:27,17268,13,1.23,13,0.1538
2025-12-28 18:23:27,17274,17,1.24,13,0.2353
2025-12-28 18:23:27,17282,19,1.11,13,0.2105
2025-12-28 18:23:27,17287,14,1.29,13,0.2143
2025-12-28 18:23:27,17293,18,1.22,13,0.1667
2025-12-28 18:23:27,17300,11,1.36,13,0.1818
2025-12-28 18:23:27,17305,16,1.19,13,0.0625
2025-12-28 18:23:27,17307,14,1.43,13,0.0714
2025-12-28 18:23:27,17315,16,1.38,13,0.1875
2025-12-28 18:23:27,17319,12,1.67,13,0.0833
2025-12-28 18:23:28,17324,17,1.65,13,0.2353
2025-12-28 18:23:28,17331,10,2.00,13,0.2000
2025-12-28 18:23:28,17333,18,1.50,13,0.0556
2025-12-28 18:23:28,17337,14,1.64,13,0.1429
2025-12-28 18:23:28,17340,11,2.18,13,0.0000
2025-12-28 18:23:28,17345,16,1.88,13,0.1250
2025-12-28 18:23:28,17348,13,2.00,13,0.2308
2025-12-28 18:23:28,17353,18,1.61,13,0.0556
2025-12-28 18:23:28,17362,19,1.53,13,0.2105
2025-12-28 18:23:28,17370,11,1.82,13,0.0909
2025-12-28 18:23:28,17372,19,1.68,13,0.2105
2025-12-28 18:23:28,17379,12,2.00,13,0.1667
2025-12-28 18:23:28,17383,18,1.83,13,0.2778
2025-12-28 18:23:28,17392,10,2.30,13,0.2000
2025-12-28 18:23:28,17397,15,2.00,13,0.2667
2025-12-28 18:23:28,17402,10,2.70,13,0.0000
2025-12-28 18:23:28,17404,18,2.00,13,0.1111
2025-12-28 18:23:28,17408,14,2.36,13,0.0000
2025-12-28 18:23:28,17412,11,2.27,13,0.0000
2025-12-28 18:23:28,17420,13,1.85,13,0.1538
2025-12-28 18:23:28,17420,13,2.15,13,0.1538
2025-12-28 18:23:28,17422,11,2.09,13,0.0000
2025-12-28 18:23:28,17430,13,1.62,13,0.2308
2025-12-28 18:23:28,17433,10,1.40,13,0.2000
2025-12-28 18:23:28,17435,18,1.33,13,0.1667
2025-12-28 18:23:28,17439,14,1.00,13,0.0000
2025-12-28 18:23:28,17450,13,1.15,13,0.3846
2025-12-28 18:23:28,17460,13,1.31,13,0.1538
2025-12-28 18:23:28,17465,18,1.06,13,0.3889
2025-12-28 18:23:28,17470,13,1.00,13,0.3077
2025-12-28 18:23:28,17475,18,1.17,13,0.1667
2025-12-28 18:23:28,17480,13,1.15,13,0.0769
2025-12-28 18:23:28,17486,17,1.18,13,0.1765
2025-12-28 18:23:28,17490,13,1.23,13,0.1538
2025-12-28 18:23:28,17496,17,1.35,13,0.2353
2025-12-28 18:23:28,17504,19,1.32,13,0.1579
2025-12-28 18:23:28,17509,14,1.29,13,0.1429
2025-12-28 18:23:28,17514,19,1.26,13,0.2105
2025-12-28 18:23:28,17520,13,1.38,13,0.1538
2025-12-28 18:23:29,17528,15,1.20,13,0.1333
2025-12-28 18:23:29,17531,12,1.08,13,0.0833
2025-12-28 18:23:29,17538,15,1.13,13,0.0667
2025-12-28 18:23:29,17545,18,1.06,13,0.1667
2025-12-28 18:23:29,17550,13,1.15,13,0.2308
2025-12-28 18:23:29,17557,16,1.19,13,0.0625
2025-12-28 18:23:29,17563,10,1.50,13,0.1000
2025-12-28 18:23:29,17566,17,1.41,13,0.2353
2025-12-28 18:23:29,17571,12,1.67,13,0.3333
2025-12-28 18:23:29,17577,16,1.44,13,0.1875
2025-12-28 18:23:29,17585,18,1.44,13,0.1667
2025-12-28 18:23:29,17590,13,1.62,13,0.0769
2025-12-28 18:23:29,17595,18,1.39,13,0.1667
2025-12-28 18:23:29,17600,13,1.54,13,0.2308
2025-12-28 18:23:29,17608,15,1.80,13,0.3333
2025-12-28 18:23:29,17610,13,1.77,13,0.2308
2025-12-28 18:23:29,17616,17,1.53,13,0.1176
2025-12-28 18:23:29,17622,11,1.64,13,0.0909
2025-12-28 18:23:29,17627,16,1.50,13,0.0625
2025-12-28 18:23:29,17633,10,1.80,13,0.2000
2025-12-28 18:23:29,17636,17,1.53,13,0.1765
2025-12-28 18:23:29,17641,12,1.67,13,0.1667
2025-12-28 18:23:29,17646,17,1.35,13,0.1176
2025-12-28 18:23:29,17652,11,1.55,13,0.0909
2025-12-28 18:23:29,17654,19,1.32,13,0.2105
2025-12-28 18:23:29,17656,17,1.41,13,0.1765
2025-12-28 18:23:29,17666,17,1.71,13,0.2353
2025-12-28 18:23:29,17667,16,1.75,13,0.0625
2025-12-28 18:23:29,17676,17,1.76,13,0.1176
2025-12-28 18:23:29,17686,17,1.53,13,0.3529
2025-12-28 18:23:29,17690,13,1.85,13,0.3077
2025-12-28 18:23:29,17698,15,2.20,13,0.3333
2025-12-28 18:23:29,17700,13,2.92,13,0.2308
2025-12-28 18:23:29,17707,16,2.25,13,0.4375
2025-12-28 18:23:29,17709,15,1.87,13,0.2667
2025-12-28 18:23:29,17714,10,2.20,13,0.4000
2025-12-28 18:23:29,17724,10,1.90,13,0.2000
2025-12-28 18:23:29,17726,18,1.50,13,0.2222
2025-12-28 18:23:30,17731,13,1.85,13,0.1538
2025-12-28 18:23:30,17736,18,1.39,13,0.1111
2025-12-28 18:23:30,17740,14,1.71,13,0.0714
2025-12-28 18:23:30,17748,16,1.44,13,0.1875
2025-12-28 18:23:30,17753,11,1.45,13,0.0909
2025-12-28 18:23:30,17761,13,1.46,13,0.3846
2025-12-28 18:23:30,17769,15,1.33,13,0.2000
2025-12-28 18:23:30,17771,13,1.69,13,0.2308
2025-12-28 18:23:30,17777,17,1.53,13,0.3529
2025-12-28 18:23:30,17780,14,1.64,13,0.2857
2025-12-28 18:23:30,17791,13,1.77,13,0.2308
2025-12-28 18:23:30,17796,18,1.56,13,0.1667
2025-12-28 18:23:30,17801,13,1.62,13,0.2308
2025-12-28 18:23:30,17807,17,1.35,13,0.1765
2025-12-28 18:23:30,17813,11,1.45,13,0.2727
2025-12-28 18:23:30,17819,15,1.47,13,0.0667
2025-12-28 18:23:30,17826,18,1.44,13,0.1667
2025-12-28 18:23:30,17831,13,1.62,13,0.1538
2025-12-28 18:23:30,17834,10,1.70,13,0.1000
2025-12-28 18:23:30,17837,17,1.47,13,0.1765
2025-12-28 18:23:30,17844,10,2.10,13,0.3000
2025-12-28 18:23:30,17848,16,2.12,13,0.1875
2025-12-28 18:23:30,17853,11,2.82,13,0.0909
2025-12-28 18:23:30,17858,16,2.12,13,0.1875
2025-12-28 18:23:30,17862,12,2.58,13,0.3333
2025-12-28 18:23:30,17867,17,2.24,13,0.1765
2025-12-28 18:23:30,17870,14,2.21,13,0.2143
2025-12-28 18:23:30,17875,19,1.79,13,0.1579
2025-12-28 18:23:30,17881,13,2.31,13,0.4615
2025-12-28 18:23:30,17883,12,2.00,13,0.3333
2025-12-28 18:23:30,17891,14,2.00,13,0.2143
2025-12-28 18:23:30,17896,19,1.63,13,0.1579
2025-12-28 18:23:30,17900,15,2.00,13,0.1333
2025-12-28 18:23:30,17905,10,2.70,13,0.0000
2025-12-28 18:23:30,17911,14,2.21,13,0.0714
2025-12-28 18:23:30,17915,10,2.60,13,0.2000
2025-12-28 18:23:30,17922,14,1.93,13,0.1429
2025-12-28 18:23:30,17930,16,1.62,13,0.1875
2025-12-28 18:23:30,17934,12,1.92,13,0.1667
2025-12-28 18:23:30,17935,11,1.82,13,0.1818
2025-12-28 18:23:31,17938,18,1.50,13,0.2222
2025-12-28 18:23:31,17945,11,1.73,13,0.1818
2025-12-28 18:23:31,17948,18,1.44,13,0.1667
2025-12-28 18:23:31,17957,19,1.32,13,0.2105
2025-12-28 18:23:31,17960,16,1.50,13,0.1250
2025-12-28 18:23:31,17964,12,1.75,13,0.0833
2025-12-28 18:23:31,17966,10,1.70,13,0.1000
2025-12-28 18:23:31,17971,15,1.47,13,0.3333
2025-12-28 18:23:31,17977,19,1.53,13,0.3158
2025-12-28 18:23:31,17982,14,1.71,13,0.2857
2025-12-28 18:23:31,17993,13,1.62,13,0.3077
2025-12-28 18:23:31,17996,10,1.80,13,0.4000
2025-12-28 18:23:31,18001,15,1.80,13,0.2000
2025-12-28 18:23:31,18006,10,2.60,13,0.3000
2025-12-28 18:23:31,18015,11,2.27,13,0.2727
2025-12-28 18:23:31,18020,16,1.94,13,0.3750
2025-12-28 18:23:31,18023,13,2.00,13,0.3077
2025-12-28 18:23:31,18031,15,1.80,13,0.1333
2025-12-28 18:23:31,18033,13,2.15,13,0.1538
2025-12-28 18:23:31,18041,15,2.13,13,0.0667
2025-12-28 18:23:31,18044,12,2.17,13,0.0833
2025-12-28 18:23:31,18047,19,1.79,13,0.3684
2025-12-28 18:23:31,18053,13,2.31,13,0.3846
2025-12-28 18:23:31,18059,17,2.00,13,0.2353
2025-12-28 18:23:31,18063,13,2.08,13,0.3077
2025-12-28 18:23:31,18068,18,1.67,13,0.1667
2025-12-28 18:23:31,18073,13,1.31,13,0.1538
2025-12-28 18:23:31,18080,16,1.38,13,0.1250
2025-12-28 18:23:31,18082,14,1.57,13,0.1429
2025-12-28 18:23:31,18088,18,1.11,13,0.2222
2025-12-28 18:23:31,18096,10,1.20,13,0.3000
2025-12-28 18:23:31,18100,16,1.12,13,0.1875
2025-12-28 18:23:31,18105,11,1.00,13,0.2727
2025-12-28 18:23:31,18114,12,1.17,13,0.3333
2025-12-28 18:23:31,18120,16,1.19,13,0.1250
2025-12-28 18:23:31,18126,10,1.20,13,0.2000
2025-12-28 18:23:31,18131,15,1.33,13,0.1333
2025-12-28 18:23:31,18134,12,1.50,13,0.0000
2025-12-28 18:23:31,18139,17,1.24,13,0.1176
2025-12-28 18:23:32,18146,10,1.30,13,0.2000
2025-12-28 18:23:32,18152,14,1.43,13,0.1429
2025-12-28 18:23:32,18155,11,1.45,13,0.0909
2025-12-28 18:23:32,18159,17,1.35,13,0.2941
2025-12-28 18:23:32,18170,16,1.19,13,0.3750
2025-12-28 18:23:32,18172,14,1.07,13,0.2143
2025-12-28 18:23:32,18179,17,1.06,13,0.1176
2025-12-28 18:23:32,18184,12,1.17,13,0.0833
2025-12-28 18:23:32,18194,12,1.17,13,0.1667
2025-12-28 18:23:32,18198,18,1.17,13,0.2778
2025-12-28 18:23:32,18204,12,1.33,13,0.0833
2025-12-28 18:23:32,18210,16,1.19,13,0.3125
2025-12-28 18:23:32,18214,12,1.25,13,0.3333
2025-12-28 18:23:32,18223,13,1.15,13,0.0769
2025-12-28 18:23:32,18226,10,1.10,13,0.1000
2025-12-28 18:23:32,18230,16,1.25,13,0.0625
2025-12-28 18:23:32,18236,10,2.00,13,0.0000
2025-12-28 18:23:32,18239,17,1.76,13,0.1765
2025-12-28 18:23:32,18244,12,2.00,13,0.2500
2025-12-28 18:23:32,18248,18,1.56,13,0.1111
2025-12-28 18:23:32,18254,12,1.67,13,0.0833
2025-12-28 18:23:32,18259,17,1.18,13,0.1765
2025-12-28 18:23:32,18262,14,1.21,13,0.2143
2025-12-28 18:23:32,18270,16,1.12,13,0.0000
2025-12-28 18:23:32,18277,19,1.05,13,0.0526
2025-12-28 18:23:32,18281,15,1.07,13,0.1333
2025-12-28 18:23:32,18290,16,1.12,13,0.2500
2025-12-28 18:23:32,18295,11,1.18,13,0.1818
2025-12-28 18:23:32,18302,14,1.14,13,0.2857
2025-12-28 18:23:32,18308,18,1.28,13,0.1111
2025-12-28 18:23:32,18315,11,1.36,13,0.1818
2025-12-28 18:23:32,18321,15,1.40,13,0.3333
2025-12-28 18:23:32,18326,10,1.90,13,0.2000
2025-12-28 18:23:32,18332,14,1.57,13,0.2143
2025-12-28 18:23:32,18338,18,1.39,13,0.1667
2025-12-28 18:23:32,18341,15,1.33,13,0.1333
2025-12-28 18:23:32,18347,19,1.32,13,0.0000
2025-12-28 18:23:32,18351,15,1.47,13,0.0000
2025-12-28 18:23:33,18357,19,1.42,13,0.2105
2025-12-28 18:23:33,18364,12,1.67,13,0.2500
2025-12-28 18:23:33,18369,17,1.53,13,0.2353
2025-12-28 18:23:33,18377,19,1.42,13,0.2632
2025-12-28 18:23:33,18382,14,1.79,13,0.2857
2025-12-28 18:23:33,18388,18,1.67,13,0.2222
2025-12-28 18:23:33,18392,14,1.71,13,0.2857
2025-12-28 18:23:33,18402,14,2.07,13,0.0000
2025-12-28 18:23:33,18405,11,2.36,13,0.2727
2025-12-28 18:23:33,18409,17,1.59,13,0.1765
2025-12-28 18:23:33,18413,13,1.92,13,0.1538
2025-12-28 18:23:33,18421,15,1.93,13,0.2000
2025-12-28 18:23:33,18424,12,2.25,13,0.1667
2025-12-28 18:23:33,18428,18,2.11,13,0.1667
2025-12-28 18:23:33,18431,15,2.47,13,0.1333
2025-12-28 18:23:33,18437,19,1.79,13,0.0526
2025-12-28 18:23:33,18445,11,2.45,13,0.2727
2025-12-28 18:23:33,18446,10,2.80,13,0.0000
2025-12-28 18:23:33,18446,10,2.60,13,0.1000
2025-12-28 18:23:33,18451,15,2.00,13,0.3333
2025-12-28 18:23:33,18453,14,1.86,13,0.1429
2025-12-28 18:23:33,18458,19,1.47,13,0.0526
2025-12-28 18:23:33,18466,11,1.82,13,0.1818
2025-12-28 18:23:33,18470,17,1.24,13,0.1176
2025-12-28 18:23:33,18473,14,1.21,13,0.1429
2025-12-28 18:23:33,18480,17,1.41,13,0.2353
2025-12-28 18:23:33,18487,10,1.80,13,0.0000
2025-12-28 18:23:33,18493,14,1.50,13,0.1429
2025-12-28 18:23:33,18499,18,1.39,13,0.2778
2025-12-28 18:23:33,18504,13,1.46,13,0.3077
2025-12-28 18:23:33,18510,17,1.47,13,0.2941
2025-12-28 18:23:33,18517,10,1.50,13,0.4000
2025-12-28 18:23:33,18524,13,1.38,13,0.0769
2025-12-28 18:23:33,18527,10,1.50,13,0.2000
2025-12-28 18:23:33,18529,18,1.22,13,0.1667
2025-12-28 18:23:33,18534,13,1.31,13,0.3077
2025-12-28 18:23:33,18542,15,1.47,13,0.2667
2025-12-28 18:23:33,18546,11,1.64,13,0.0909
2025-12-28 18:23:33,18551,16,1.44,13,0.1875
2025-12-28 18:23:33,18559,18,1.17,13,0.1667
2025-12-28 18:23:34,18564,13,1.46,13,0.0000
2025-12-28 18:23:34,18571,16,1.38,13,0.0625
2025-12-28 18:23:34,18572,15,1.53,13,0.1333
2025-12-28 18:23:34,18584,13,1.69,13,0.0769
2025-12-28 18:23:34,18586,11,1.82,13,0.0909
2025-12-28 18:23:34,18595,12,1.75,13,0.0000
2025-12-28 18:23:34,18601,16,1.56,13,0.1875
2025-12-28 18:23:34,18603,14,1.57,13,0.0714
2025-12-28 18:23:34,18610,17,1.71,13,0.1176
2025-12-28 18:23:34,18617,10,2.10,13,0.2000
2025-12-28 18:23:34,18620,17,1.65,13,0.0588
2025-12-28 18:23:34,18626,11,2.18,13,0.1818
2025-12-28 18:23:34,18631,16,1.88,13,0.1250
2025-12-28 18:23:34,18633,14,2.50,13,0.0714
2025-12-28 18:23:34,18637,10,3.10,13,0.2000
2025-12-28 18:23:34,18644,13,2.23,13,0.4615
2025-12-28 18:23:34,18648,10,2.40,13,0.1000
2025-12-28 18:23:34,18652,16,1.81,13,0.1875
2025-12-28 18:23:34,18658,10,2.40,13,0.1000
2025-12-28 18:23:34,18660,18,1.89,13,0.0556
2025-12-28 18:23:34,18665,13,2.46,13,0.0769
2025-12-28 18:23:34,18668,10,2.70,13,0.1000
2025-12-28 18:23:34,18674,14,2.21,13,0.2857
2025-12-28 18:23:34,18674,14,2.00,13,0.2143
2025-12-28 18:23:34,18678,10,2.30,13,0.0000
2025-12-28 18:23:34,18685,13,2.23,13,0.2308
2025-12-28 18:23:34,18688,10,2.60,13,0.4000
2025-12-28 18:23:34,18693,15,2.07,13,0.1333
2025-12-28 18:23:34,18698,10,2.80,13,0.1000
2025-12-28 18:23:34,18702,16,2.19,13,0.1250
2025-12-28 18:23:34,18706,12,2.50,13,0.0833
2025-12-28 18:23:34,18709,19,1.95,13,0.1053
2025-12-28 18:23:34,18720,18,1.89,13,0.0556
2025-12-28 18:23:34,18721,17,2.06,13,0.1176
2025-12-28 18:23:34,18723,16,1.81,13,0.0625
2025-12-28 18:23:34,18732,17,1.59,13,0.2353
2025-12-28 18:23:34,18740,19,1.58,13,0.1579
2025-12-28 18:23:34,18744,15,1.67,13,0.1333
2025-12-28 18:23:35,18749,10,2.20,13,0.0000
2025-12-28 18:23:35,18755,14,2.14,13,0.0714
2025-12-28 18:23:35,18757,12,2.25,13,0.0833
2025-12-28 18:23:35,18760,10,2.00,13,0.0000
2025-12-28 18:23:35,18769,11,1.82,13,0.1818
2025-12-28 18:23:35,18773,17,1.47,13,0.4118
2025-12-28 18:23:35,18782,18,1.44,13,0.2778
2025-12-28 18:23:35,18788,12,1.67,13,0.2500
2025-12-28 18:23:35,18793,17,1.65,13,0.1765
2025-12-28 18:23:35,18799,11,2.09,13,0.1818
2025-12-28 18:23:35,18803,17,1.82,13,0.2941
2025-12-28 18:23:35,18810,10,2.30,13,0.0000
2025-12-28 18:23:35,18812,18,1.78,13,0.2222
2025-12-28 18:23:35,18820,10,2.20,13,0.0000
2025-12-28 18:23:35,18822,18,1.83,13,0.1667
2025-12-28 18:23:35,18825,15,1.93,13,0.2667
2025-12-28 18:23:35,18830,10,2.70,13,0.0000
2025-12-28 18:23:35,18836,14,2.43,13,0.2143
2025-12-28 18:23:35,18838,12,2.83,13,0.2500
2025-12-28 18:23:35,18841,19,2.16,13,0.1053
2025-12-28 18:23:35,18848,13,2.00,13,0.1538
2025-12-28 18:23:35,18854,17,1.65,13,0.1176
2025-12-28 18:23:35,18862,19,1.74,13,0.1053
2025-12-28 18:23:35,18866,16,1.62,13,0.1250
2025-12-28 18:23:35,18870,12,2.08,13,0.0833
2025-12-28 18:23:35,18876,16,1.94,13,0.1875
2025-12-28 18:23:35,18879,14,1.71,13,0.0714
2025-12-28 18:23:35,18882,11,2.27,13,0.0909
2025-12-28 18:23:35,18890,13,2.31,13,0.3846
2025-12-28 18:23:35,18892,12,2.67,13,0.2500
2025-12-28 18:23:35,18897,17,2.18,13,0.1765
2025-12-28 18:23:35,18900,14,2.43,13,0.0714
2025-12-28 18:23:35,18905,19,1.63,13,0.2105
2025-12-28 18:23:35,18914,10,2.70,13,0.3000
2025-12-28 18:23:35,18917,17,2.12,13,0.1765
2025-12-28 18:23:35,18920,15,2.07,13,0.1333
2025-12-28 18:23:35,18926,19,2.00,13,0.1579
2025-12-28 18:23:35,18933,12,2.83,13,0.1667
2025-12-28 18:23:35,18936,19,2.37,13,0.1053
2025-12-28 18:23:36,18939,17,2.29,13,0.0588
2025-12-28 18:23:36,18948,18,2.22,13,0.0556
2025-12-28 18:23:36,18950,16,2.56,13,0.1875
2025-12-28 18:23:36,18954,13,2.85,13,0.0769
2025-12-28 18:23:36,18955,12,3.08,13,0.0833
2025-12-28 18:23:36,18960,17,2.71,13,0.2941
2025-12-28 18:23:36,18963,14,3.43,13,0.2857
2025-12-28 18:23:36,18965,12,3.92,13,0.0833
2025-12-28 18:23:36,18970,18,2.67,13,0.1667
2025-12-28 18:23:36,18975,14,2.79,13,0.2143
2025-12-28 18:23:36,18978,12,3.25,13,0.0000
2025-12-28 18:23:36,18983,17,2.76,13,0.1176
2025-12-28 18:23:36,18985,16,2.88,13,0.1250
2025-12-28 18:23:36,18987,14,3.50,13,0.0000
2025-12-28 18:23:36,18989,12,4.17,13,0.0000
2025-12-28 18:23:36,18993,18,3.11,13,0.1667
2025-12-28 18:23:36,18996,17,2.71,13,0.0588
2025-12-28 18:23:36,19000,13,3.23,13,0.0000
2025-12-28 18:23:36,19004,19,2.68,13,0.0000
2025-12-28 18:23:36,19007,16,3.06,13,0.1250
2025-12-28 18:23:36,19012,12,3.08,13,0.0833
2025-12-28 18:23:36,19016,18,2.33,13,0.0556
2025-12-28 18:23:36,19023,11,3.27,13,0.0909
2025-12-28 18:23:36,19027,17,2.76,13,0.0588
2025-12-28 18:23:36,19036,18,2.78,13,0.2222
2025-12-28 18:23:36,19039,15,3.20,13,0.2667
2025-12-28 18:23:36,19044,11,3.82,13,0.0909
2025-12-28 18:23:36,19045,10,3.90,13,0.0000
2025-12-28 18:23:36,19048,18,2.83,13,0.0556
2025-12-28 18:23:36,19048,18,3.06,13,0.0000
2025-12-28 18:23:36,19055,12,4.25,13,0.0000
2025-12-28 18:23:36,19060,17,3.35,13,0.1176
2025-12-28 18:23:36,19062,15,3.93,13,0.2000
2025-12-28 18:23:36,19067,11,5.00,13,0.0000
2025-12-28 18:23:36,19071,17,4.00,13,0.0588
2025-12-28 18:23:36,19072,16,4.50,13,0.0625
2025-12-28 18:23:36,19074,14,5.29,13,0.0000
2025-12-28 18:23:36,19076,14,4.93,13,0.0714
2025-12-28 18:23:37,19078,13,4.38,13,0.0000
2025-12-28 18:23:37,19078,13,5.00,13,0.0000
2025-12-28 18:23:37,19078,14,5.07,13,0.0714
2025-12-28 18:23:37,19078,15,4.80,13,0.0000
2025-12-28 18:23:37,19081,12,5.83,13,0.0000
2025-12-28 18:23:37,19081,13,5.46,13,0.0000
2025-12-28 18:23:37,19085,19,3.89,13,0.1053
2025-12-28 18:23:37,19087,19,3.37,13,0.0526
2025-12-28 18:23:37,19091,15,4.47,13,0.0667
2025-12-28 18:23:37,19095,13,4.15,13,0.0000
2025-12-28 18:23:37,19097,11,5.36,13,0.0000
2025-12-28 18:23:37,19101,17,3.47,13,0.0588
2025-12-28 18:23:37,19103,15,3.87,13,0.0000
2025-12-28 18:23:37,19105,13,4.46,13,0.0000
2025-12-28 18:23:37,19109,19,3.47,13,0.1053
2025-12-28 18:23:37,19109,19,3.53,13,0.0526
2025-12-28 18:23:37,19116,14,3.57,13,0.0714
2025-12-28 18:23:37,19120,10,4.80,13,0.0000
2025-12-28 18:23:37,19122,18,2.89,13,0.1111
2025-12-28 18:23:37,19122,18,2.94,13,0.1111
2025-12-28 18:23:37,19126,14,3.36,13,0.0714
2025-12-28 18:23:37,19130,11,3.36,13,0.0000
2025-12-28 18:23:37,19135,16,2.50,13,0.1250
2025-12-28 18:23:37,19137,14,2.50,13,0.0000
2025-12-28 18:23:37,19139,12,2.75,13,0.0000
2025-12-28 18:23:37,19145,16,2.44,13,0.0625
2025-12-28 18:23:37,19147,14,2.43,13,0.0714
2025-12-28 18:23:37,19148,13,2.85,13,0.0769
2025-12-28 18:23:37,19156,15,2.60,13,0.1333
2025-12-28 18:23:37,19162,10,3.00,13,0.0000
2025-12-28 18:23:37,19164,18,2.22,13,0.1667
2025-12-28 18:23:37,19166,16,2.50,13,0.1250
2025-12-28 18:23:37,19172,11,2.91,13,0.0000
2025-12-28 18:23:37,19178,15,2.80,13,0.2667
2025-12-28 18:23:37,19179,14,3.07,13,0.2143
2025-12-28 18:23:37,19183,10,4.30,13,0.1000
2025-12-28 18:23:37,19185,19,2.68,13,0.1053
2025-12-28 18:23:37,19190,14,2.93,13,0.0714
2025-12-28 18:23:37,19193,11,4.27,13,0.0000
2025-12-28 18:23:38,19199,15,2.80,13,0.2667
2025-12-28 18:23:38,19203,11,3.27,13,0.0000
2025-12-28 18:23:38,19205,19,2.47,13,0.0000
2025-12-28 18:23:38,19210,14,2.57,13,0.2857
2025-12-28 18:23:38,19213,11,2.73,13,0.0000
2025-12-28 18:23:38,19216,18,2.06,13,0.1667
2025-12-28 18:23:38,19221,13,2.46,13,0.0769
2025-12-28 18:23:38,19227,18,2.00,13,0.1667
2025-12-28 18:23:38,19230,15,2.47,13,0.0000
2025-12-28 18:23:38,19236,19,1.95,13,0.0000
2025-12-28 18:23:38,19239,16,2.12,13,0.0625
2025-12-28 18:23:38,19243,12,2.42,13,0.0833
2025-12-28 18:23:38,19245,10,3.00,13,0.0000
2025-12-28 18:23:38,19251,14,2.57,13,0.0000
2025-12-28 18:23:38,19254,11,3.00,13,0.0909
2025-12-28 18:23:38,19254,11,2.91,13,0.0000
2025-12-28 18:23:38,19263,12,2.92,13,0.0000
2025-12-28 18:23:38,19264,11,3.27,13,0.0909
2025-12-28 18:23:38,19268,17,2.06,13,0.2353
2025-12-28 18:23:38,19275,11,2.18,13,0.3636
2025-12-28 18:23:38,19279,17,1.82,13,0.0588
2025-12-28 18:23:38,19284,12,2.42,13,0.1667
2025-12-28 18:23:38,19287,19,1.89,13,0.1053
2025-12-28 18:23:38,19292,14,2.14,13,0.0714
2025-12-28 18:23:38,19293,13,2.08,13,0.1538
2025-12-28 18:23:38,19294,12,2.25,13,0.0000
2025-12-28 18:23:38,19304,12,2.33,13,0.0000
2025-12-28 18:23:38,19306,10,3.30,13,0.0000
2025-12-28 18:23:38,19310,17,2.12,13,0.1176
2025-12-28 18:23:38,19316,11,2.82,13,0.0000
2025-12-28 18:23:38,19319,18,2.06,13,0.0556
2025-12-28 18:23:38,19325,12,2.67,13,0.0833
2025-12-28 18:23:38,19327,10,3.10,13,0.1000
2025-12-28 18:23:38,19333,14,2.57,13,0.0000
2025-12-28 18:23:38,19336,11,3.09,13,0.0000
2025-12-28 18:23:38,19338,19,2.32,13,0.1579
2025-12-28 18:23:38,19342,15,2.80,13,0.3333
2025-12-28 18:23:38,19345,12,3.42,13,0.0833
2025-12-28 18:23:38,19351,16,2.88,13,0.1875
2025-12-28 18:23:38,19355,12,3.92,13,0.2500
2025-12-28 18:23:39,19358,10,3.90,13,0.1000
2025-12-28 18:23:39,19363,16,2.56,13,0.1875
2025-12-28 18:23:39,19365,14,3.00,13,0.1429
2025-12-28 18:23:39,19372,18,2.17,13,0.1111
2025-12-28 18:23:39,19377,13,2.31,13,0.1538
2025-12-28 18:23:39,19380,10,3.00,13,0.0000
2025-12-28 18:23:39,19383,17,2.47,13,0.0588
2025-12-28 18:23:39,19390,10,3.60,13,0.0000
2025-12-28 18:23:39,19396,14,3.07,13,0.0714
2025-12-28 18:23:39,19399,11,3.55,13,0.1818
2025-12-28 18:23:39,19402,19,2.11,13,0.0526
2025-12-28 18:23:39,19406,15,2.47,13,0.0667
2025-12-28 18:23:39,19409,12,2.75,13,0.0000
2025-12-28 18:23:39,19411,10,3.00,13,0.0000
2025-12-28 18:23:39,19415,16,2.19,13,0.0625
2025-12-28 18:23:39,19419,12,2.92,13,0.0833
2025-12-28 18:23:39,19426,15,2.53,13,0.2000
2025-12-28 18:23:39,19431,10,4.00,13,0.0000
2025-12-28 18:23:39,19435,16,2.94,13,0.0625
2025-12-28 18:23:39,19437,15,2.87,13,0.0000
2025-12-28 18:23:39,19441,11,3.64,13,0.0000
2025-12-28 18:23:39,19446,16,2.56,13,0.1875
2025-12-28 18:23:39,19450,12,3.42,13,0.0833
2025-12-28 18:23:39,19451,11,3.55,13,0.0000
2025-12-28 18:23:39,19455,17,3.12,13,0.1176
2025-12-28 18:23:39,19456,17,3.12,13,0.1765
2025-12-28 18:23:39,19461,12,4.67,13,0.0000
2025-12-28 18:23:39,19466,17,3.76,13,0.0588
2025-12-28 18:23:39,19467,16,4.06,13,0.0625
2025-12-28 18:23:39,19470,13,4.62,13,0.0000
2025-12-28 18:23:39,19476,17,3.94,13,0.2353
2025-12-28 18:23:39,19479,14,4.71,13,0.2143
2025-12-28 18:23:39,19484,10,5.50,13,0.0000
2025-12-28 18:23:39,19484,11,4.73,13,0.0000
2025-12-28 18:23:39,19487,18,3.56,13,0.2222
2025-12-28 18:23:39,19493,12,4.58,13,0.0833
2025-12-28 18:23:39,19496,10,5.00,13,0.0000
2025-12-28 18:23:39,19499,17,3.41,13,0.1765
2025-12-28 18:23:39,19500,16,3.94,13,0.1875
2025-12-28 18:23:39,19506,10,5.80,13,0.0000
2025-12-28 18:23:40,19506,10,6.00,13,0.0000
2025-12-28 18:23:40,19506,11,5.00,13,0.0000
2025-12-28 18:23:40,19506,11,5.45,13,0.0000
2025-12-28 18:23:40,19506,11,6.18,13,0.0000
2025-12-28 18:23:40,19506,11,6.55,13,0.0000
2025-12-28 18:23:40,19510,18,4.67,13,0.1111
2025-12-28 18:23:40,19513,15,5.80,13,0.1333
2025-12-28 18:23:40,19515,15,5.07,13,0.0000
2025-12-28 18:23:40,19518,12,6.00,13,0.0833
2025-12-28 18:23:40,19518,13,5.46,13,0.0000
2025-12-28 18:23:40,19519,12,5.92,13,0.0833
2025-12-28 18:23:40,19520,11,7.00,13,0.0000
2025-12-28 18:23:40,19521,11,6.73,13,0.0909
2025-12-28 18:23:40,19521,11,7.18,13,0.0000
2025-12-28 18:23:40,19521,11,7.64,13,0.0000
2025-12-28 18:23:40,19521,11,8.09,13,0.0000
2025-12-28 18:23:40,19521,12,7.58,13,0.0000
2025-12-28 18:23:40,19521,14,6.43,13,0.0000
2025-12-28 18:23:40,19521,14,6.64,13,0.0000
2025-12-28 18:23:40,19521,14,6.64,13,0.0000
2025-12-28 18:23:40,19523,13,7.08,13,0.0000
2025-12-28 18:23:40,19524,12,7.67,13,0.0000
2025-12-28 18:23:40,19524,12,9.00,13,0.0000
2025-12-28 18:23:40,19524,16,6.38,13,0.0000
2025-12-28 18:23:40,19524,16,7.25,13,0.0000
2025-12-28 18:23:40,19524,17,7.53,13,0.0000
2025-12-28 18:23:40,19525,16,7.94,13,0.0000
2025-12-28 18:23:40,19525,16,8.75,13,0.0000
2025-12-28 18:23:40,19525,19,7.11,13,0.0000
2025-12-28 18:23:40,19525,20,7.05,13,0.0000
2025-12-28 18:23:40,19526,20,6.40,13,0.0000
2025-12-28 18:23:40,19528,19,7.26,13,0.0000
2025-12-28 18:23:40,19530,19,7.16,13,0.0000
2025-12-28 18:23:40,19530,20,7.15,13,0.0000
2025-12-28 18:23:40,19532,20,7.20,13,0.0000
2025-12-28 18:23:40,19532,21,7.33,13,0.0000
2025-12-28 18:23:40,19532,22,7.32,13,0.0000
2025-12-28 18:23:41,19532,25,6.28,13,0.0000
2025-12-28 18:23:41,19532,26,5.77,13,0.0000
2025-12-28 18:23:41,19532,26,6.31,13,0.0000
2025-12-28 18:23:41,19533,26,6.42,13,0.0000
2025-12-28 18:23:41,19533,27,6.41,13,0.0000
2025-12-28 18:23:41,19534,27,6.41,13,0.0000
2025-12-28 18:23:41,19535,27,6.56,13,0.0000
2025-12-28 18:23:41,19536,27,6.59,13,0.0000
2025-12-28 18:23:41,19536,29,6.34,13,0.0000
2025-12-28 18:23:41,19537,30,6.07,13,0.0000
2025-12-28 18:23:41,19537,30,6.20,13,0.0000
2025-12-28 18:23:41,19538,30,6.27,13,0.0000
2025-12-28 18:23:41,19538,31,6.39,13,0.0000
2025-12-28 18:23:41,19540,29,7.03,13,0.0000
2025-12-28 18:23:41,19540,31,6.77,13,0.0000
2025-12-28 18:23:41,19541,32,6.41,13,0.0000
2025-12-28 18:23:41,19541,35,6.37,13,0.0000
2025-12-28 18:23:41,19544,34,6.68,13,0.0000
2025-12-28 18:23:41,19544,37,6.19,13,0.0000
2025-12-28 18:23:41,19544,38,6.47,13,0.0000
2025-12-28 18:23:41,19545,38,7.03,13,0.0000
2025-12-28 18:23:41,19545,39,7.13,13,0.0000
2025-12-28 18:23:41,19546,39,7.23,13,0.0000
2025-12-28 18:23:42,19546,42,6.90,13,0.0000
2025-12-28 18:23:42,19546,44,6.59,13,0.0000
2025-12-28 18:23:42,19547,45,6.24,13,0.0000
2025-12-28 18:23:42,19549,44,6.75,13,0.0000
2025-12-28 18:23:42,19550,44,6.91,13,0.0000
2025-12-28 18:23:42,19553,44,6.82,13,0.0000
2025-12-28 18:23:42,19554,45,6.69,13,0.0000
2025-12-28 18:23:42,19554,50,5.82,13,0.0000
2025-12-28 18:23:42,19555,49,6.10,13,0.0000
2025-12-28 18:23:42,19556,50,6.20,13,0.0000
2025-12-28 18:23:42,19560,48,6.54,13,0.0000
2025-12-28 18:23:42,19562,48,6.81,13,0.0000
2025-12-28 18:23:42,19564,51,6.04,13,0.0588
2025-12-28 18:23:42,19566,51,6.20,13,0.0000
2025-12-28 18:23:42,19568,52,6.13,13,0.0000
2025-12-28 18:23:42,19568,55,5.93,13,0.0000
2025-12-28 18:23:43,19572,51,6.35,13,0.0000
2025-12-28 18:23:43,19574,51,6.47,13,0.0000
2025-12-28 18:23:43,19575,52,6.33,13,0.0192
2025-12-28 18:23:43,19577,54,5.87,13,0.0000
2025-12-28 18:23:43,19580,53,5.98,13,0.0000
2025-12-28 18:23:43,19582,52,6.10,13,0.0000
2025-12-28 18:23:43,19584,52,6.10,13,0.0000
2025-12-28 18:23:43,19586,52,6.02,13,0.0000
2025-12-28 18:23:43,19589,49,6.41,13,0.0000
2025-12-28 18:23:43,19591,50,6.24,13,0.0000
2025-12-28 18:23:43,19592,51,6.27,13,0.0000
2025-12-28 18:23:43,19594,51,6.25,13,0.0000
2025-12-28 18:23:43,19595,52,6.21,13,0.0000
2025-12-28 18:23:43,19596,53,5.85,13,0.0000
2025-12-28 18:23:43,19598,51,6.18,13,0.0000
2025-12-28 18:23:44,19600,53,5.79,13,0.0000
2025-12-28 18:23:44,19601,52,6.17,13,0.0000
2025-12-28 18:23:44,19604,49,6.71,13,0.0000
2025-12-28 18:23:44,19606,48,6.92,13,0.0000
2025-12-28 18:23:44,19609,49,6.59,13,0.0000
2025-12-28 18:23:44,19609,52,6.42,13,0.0000
2025-12-28 18:23:44,19610,51,6.75,13,0.0000
2025-12-28 18:23:44,19613,52,6.29,13,0.0000
2025-12-28 18:23:44,19613,52,6.56,13,0.0000
2025-12-28 18:23:44,19616,50,6.80,13,0.0000
2025-12-28 18:23:44,19617,52,6.71,13,0.0000
2025-12-28 18:23:44,19618,53,6.77,13,0.0000
2025-12-28 18:23:44,19619,55,6.58,13,0.0000
2025-12-28 18:23:44,19620,58,6.53,13,0.0000
2025-12-28 18:23:44,19620,59,6.95,13,0.0000
2025-12-28 18:23:45,19621,61,6.82,13,0.0000
2025-12-28 18:23:45,19622,64,6.50,13,0.0000
2025-12-28 18:23:45,19624,65,6.43,13,0.0000
2025-12-28 18:23:45,19627,65,6.42,13,0.0000
2025-12-28 18:23:45,19627,67,6.49,13,0.0299
2025-12-28 18:23:45,19628,70,6.34,13,0.0143
2025-12-28 18:23:45,19632,68,6.44,13,0.0000
2025-12-28 18:23:45,19635,69,6.12,13,0.0000
2025-12-28 18:23:45,19639,66,6.30,13,0.0152
2025-12-28 18:23:45,19641,65,6.43,13,0.0000
2025-12-28 18:23:45,19645,66,6.11,13,0.0152
2025-12-28 18:23:45,19648,65,6.32,13,0.0154
2025-12-28 18:23:46,19648,66,6.52,13,0.0000
2025-12-28 18:23:46,19652,64,6.89,13,0.0000
2025-12-28 18:23:46,19653,66,6.65,13,0.0000
2025-12-28 18:23:46,19654,68,6.26,13,0.0000
2025-12-28 18:23:46,19654,70,6.20,13,0.0000
2025-12-28 18:23:46,19656,70,6.21,13,0.0143
2025-12-28 18:23:46,19660,68,6.50,13,0.0000
2025-12-28 18:23:46,19662,68,6.46,13,0.0000
2025-12-28 18:23:46,19662,70,6.53,13,0.0143
2025-12-28 18:23:46,19662,74,6.45,13,0.0135
2025-12-28 18:23:46,19665,74,6.66,13,0.0135
2025-12-28 18:23:46,19666,75,6.81,13,0.0000
2025-12-28 18:23:47,19667,76,7.07,13,0.0000
2025-12-28 18:23:47,19669,74,7.41,13,0.0000
2025-12-28 18:23:47,19671,75,7.28,13,0.0000
2025-12-28 18:23:47,19674,75,7.20,13,0.0000
2025-12-28 18:23:47,19676,78,6.44,13,0.0385
2025-12-28 18:23:47,19682,76,6.33,13,0.0000
2025-12-28 18:23:47,19683,79,6.11,13,0.0127
2025-12-28 18:23:47,19685,81,6.06,13,0.0000
2025-12-28 18:23:47,19685,84,5.93,13,0.0000
2025-12-28 18:23:47,19690,81,6.05,13,0.0000
2025-12-28 18:23:47,19692,81,5.98,13,0.0000
2025-12-28 18:23:48,19695,81,6.05,13,0.0000
2025-12-28 18:23:48,19701,77,6.25,13,0.0130
2025-12-28 18:23:48,19702,77,6.30,13,0.0000
2025-12-28 18:23:48,19705,76,6.24,13,0.0132
2025-12-28 18:23:48,19708,75,6.11,13,0.0000
2025-12-28 18:23:48,19709,76,6.20,13,0.0000
2025-12-28 18:23:48,19711,76,6.17,13,0.0000
2025-12-28 18:23:48,19713,77,5.97,13,0.0130
2025-12-28 18:23:48,19714,80,5.55,13,0.0000
2025-12-28 18:23:48,19716,79,5.67,13,0.0000
2025-12-28 18:23:49,19719,76,6.05,13,0.0132
2025-12-28 18:23:49,19727,70,6.63,13,0.0000
2025-12-28 18:23:49,19729,71,6.58,13,0.0000
2025-12-28 18:23:49,19729,76,6.18,13,0.0000
2025-12-28 18:23:49,19732,76,6.28,13,0.0000
2025-12-28 18:23:49,19733,76,6.45,13,0.0132
2025-12-28 18:23:49,19734,75,6.69,13,0.0000
2025-12-28 18:23:49,19736,78,6.45,13,0.0000
2025-12-28 18:23:49,19737,80,6.08,13,0.0000
2025-12-28 18:23:49,19741,80,5.89,13,0.0000
2025-12-28 18:23:49,19744,80,5.94,13,0.0250
2025-12-28 18:23:50,19745,84,5.67,13,0.0000
2025-12-28 18:23:50,19748,84,5.86,13,0.0000
2025-12-28 18:23:50,19751,82,6.26,13,0.0000
2025-12-28 18:23:50,19752,83,6.55,13,0.0000
2025-12-28 18:23:50,19755,86,6.36,13,0.0000
2025-12-28 18:23:50,19756,93,5.98,13,0.0000
2025-12-28 18:23:50,19760,90,6.32,13,0.0000
2025-12-28 18:23:50,19763,88,6.39,13,0.0000
2025-12-28 18:23:50,19768,86,6.14,13,0.0116
2025-12-28 18:23:51,19769,88,6.26,13,0.0000
2025-12-28 18:23:51,19772,92,5.91,13,0.0000
2025-12-28 18:23:51,19776,94,5.62,13,0.0000
2025-12-28 18:23:51,19779,93,5.90,13,0.0000
2025-12-28 18:23:51,19781,93,6.12,13,0.0108
2025-12-28 18:23:51,19788,90,6.04,13,0.0000
2025-12-28 18:23:51,19790,89,6.36,13,0.0000
2025-12-28 18:23:51,19790,91,6.21,13,0.0110
2025-12-28 18:23:51,19794,89,6.15,13,0.0000
2025-12-28 18:23:52,19800,86,6.08,13,0.0000
2025-12-28 18:23:52,19802,86,6.22,13,0.0000
2025-12-28 18:23:52,19803,92,5.82,13,0.0109
2025-12-28 18:23:52,19808,89,6.07,13,0.0000
2025-12-28 18:23:52,19811,88,6.06,13,0.0000
2025-12-28 18:23:52,19817,84,6.25,13,0.0000
2025-12-28 18:23:52,19818,86,6.09,13,0.0000
2025-12-28 18:23:52,19822,87,5.98,13,0.0000
2025-12-28 18:23:52,19824,85,6.22,13,0.0000
2025-12-28 18:23:52,19830,81,6.11,13,0.0000
2025-12-28 18:23:53,19833,81,5.98,13,0.0000
2025-12-28 18:23:53,19835,81,5.89,13,0.0000
2025-12-28 18:23:53,19840,77,5.86,13,0.0000
2025-12-28 18:23:53,19845,74,5.91,13,0.0000
2025-12-28 18:23:53,19847,74,6.12,13,0.0000
2025-12-28 18:23:53,19849,74,6.30,13,0.0000
2025-12-28 18:23:53,19852,75,6.01,13,0.0000
2025-12-28 18:23:53,19857,74,5.99,13,0.0000
2025-12-28 18:23:53,19857,77,5.90,13,0.0000
2025-12-28 18:23:53,19858,78,5.91,13,0.0000
2025-12-28 18:23:53,19861,76,6.14,13,0.0000
2025-12-28 18:23:54,19866,75,5.91,13,0.0000
2025-12-28 18:23:54,19868,76,5.62,13,0.0000
2025-12-28 18:23:54,19873,72,6.12,13,0.0139
2025-12-28 18:23:54,19875,72,6.21,13,0.0000
2025-12-28 18:23:54,19878,71,6.42,13,0.0000
2025-12-28 18:23:54,19880,70,6.60,13,0.0000
2025-12-28 18:23:54,19882,71,6.28,13,0.0000
2025-12-28 18:23:54,19885,70,6.01,13,0.0143
2025-12-28 18:23:54,19888,68,6.21,13,0.0000
2025-12-28 18:23:54,19892,64,6.38,13,0.0000
2025-12-28 18:23:54,19897,63,6.10,13,0.0159
2025-12-28 18:23:55,19898,62,6.29,13,0.0000
2025-12-28 18:23:55,19899,64,6.36,13,0.0000
2025-12-28 18:23:55,19902,66,6.06,13,0.0000
2025-12-28 18:23:55,19903,66,6.52,13,0.0000
2025-12-28 18:23:55,19903,69,6.33,13,0.0000
2025-12-28 18:23:55,19905,69,6.43,13,0.0000
2025-12-28 18:23:55,19906,72,6.10,13,0.0000
2025-12-28 18:23:55,19908,72,6.29,13,0.0139
2025-12-28 18:23:55,19911,70,6.24,13,0.0000
2025-12-28 18:23:55,19914,70,6.23,13,0.0000
2025-12-28 18:23:55,19918,67,6.16,13,0.0149
2025-12-28 18:23:55,19920,67,6.27,13,0.0000
2025-12-28 18:23:56,19920,71,5.89,13,0.0141
2025-12-28 18:23:56,19926,68,5.78,13,0.0147
2025-12-28 18:23:56,19929,66,6.20,13,0.0000
2025-12-28 18:23:56,19934,62,6.37,13,0.0000
2025-12-28 18:23:56,19936,64,6.02,13,0.0000
2025-12-28 18:23:56,19937,65,5.89,13,0.0000
2025-12-28 18:23:56,19939,65,5.98,13,0.0154
2025-12-28 18:23:56,19940,64,6.17,13,0.0000
2025-12-28 18:23:56,19942,64,6.30,13,0.0000
2025-12-28 18:23:56,19944,65,6.32,13,0.0000
2025-12-28 18:23:56,19945,67,6.42,13,0.0000
2025-12-28 18:23:56,19946,70,6.03,13,0.0000
2025-12-28 18:23:57,19947,71,6.00,13,0.0000
2025-12-28 18:23:57,19952,70,5.89,13,0.0000
2025-12-28 18:23:57,19953,71,6.10,13,0.0000
2025-12-28 18:23:57,19953,75,5.89,13,0.0000
2025-12-28 18:23:57,19955,73,6.26,13,0.0000
2025-12-28 18:23:57,19959,71,6.31,13,0.0000
2025-12-28 18:23:57,19962,70,6.39,13,0.0000
2025-12-28 18:23:57,19967,67,6.43,13,0.0000
2025-12-28 18:23:57,19972,64,6.42,13,0.0000
2025-12-28 18:23:57,19973,67,6.28,13,0.0000
2025-12-28 18:23:57,19975,68,6.19,13,0.0000
2025-12-28 18:23:57,19976,72,5.82,13,0.0000
2025-12-28 18:23:58,19979,70,6.29,13,0.0143
2025-12-28 18:23:58,19979,75,6.00,13,0.0000
2025-12-28 18:23:58,19980,78,5.67,13,0.0256
2025-12-28 18:23:58,19982,77,6.06,13,0.0000
2025-12-28 18:23:58,19983,80,6.25,13,0.0000
2025-12-28 18:23:58,19988,75,6.89,13,0.0000
2025-12-28 18:23:58,19989,78,6.50,13,0.0128
2025-12-28 18:23:58,19991,78,6.55,13,0.0000
2025-12-28 18:23:58,19993,76,6.79,13,0.0000
2025-12-28 18:23:58,19995,79,6.52,13,0.0000
2025-12-28 18:23:58,19999,76,6.82,13,0.0000
2025-12-28 18:23:59,20000,78,6.72,13,0.0000
2025-12-28 18:23:59,20000,82,6.35,13,0.0000
2025-12-28 18:23:59,20003,82,6.29,13,0.0000
2025-12-28 18:23:59,20004,83,6.45,13,0.0000
2025-12-28 18:23:59,20009,81,6.47,13,0.0000
2025-12-28 18:23:59,20010,87,5.97,13,0.0230
2025-12-28 18:23:59,20012,86,6.33,13,0.0000
2025-12-28 18:23:59,20014,87,6.33,13,0.0000
2025-12-28 18:23:59,20022,82,6.55,13,0.0000
2025-12-28 18:24:00,20023,83,6.65,13,0.0000
2025-12-28 18:24:00,20025,82,6.95,13,0.0000
2025-12-28 18:24:00,20028,83,6.90,13,0.0000
2025-12-28 18:24:00,20029,87,6.71,13,0.0230
2025-12-28 18:24:00,20029,90,6.79,13,0.0000
2025-12-28 18:24:00,20031,93,6.66,13,0.0000
2025-12-28 18:24:00,20031,96,6.71,13,0.0000
2025-12-28 18:24:00,20032,98,6.79,13,0.0102
2025-12-28 18:24:00,20033,100,6.78,13,0.0000
2025-12-28 18:24:01,20035,102,6.64,13,0.0000
2025-12-28 18:24:01,20040,103,6.26,13,0.0097
2025-12-28 18:24:01,20042,104,6.31,13,0.0000
2025-12-28 18:24:01,20046,102,6.42,13,0.0098
2025-12-28 18:24:01,20050,100,6.37,13,0.0000
2025-12-28 18:24:01,20058,93,6.42,13,0.0000
2025-12-28 18:24:01,20060,93,6.48,13,0.0000
2025-12-28 18:24:01,20063,94,6.18,13,0.0000
2025-12-28 18:24:01,20066,92,6.35,13,0.0000
2025-12-28 18:24:02,20066,94,6.41,13,0.0000
2025-12-28 18:24:02,20070,96,6.20,13,0.0000
2025-12-28 18:24:02,20072,98,6.07,13,0.0000
2025-12-28 18:24:02,20073,99,6.30,13,0.0000
2025-12-28 18:24:02,20077,97,6.55,13,0.0000
2025-12-28 18:24:02,20078,98,6.46,13,0.0000
2025-12-28 18:24:02,20084,96,6.10,13,0.0104
2025-12-28 18:24:02,20091,91,6.29,13,0.0000
2025-12-28 18:24:02,20093,91,6.20,13,0.0000
2025-12-28 18:24:03,20093,97,5.79,13,0.0103
2025-12-28 18:24:03,20096,95,6.12,13,0.0000
2025-12-28 18:24:03,20103,89,6.47,13,0.0000
2025-12-28 18:24:03,20108,89,6.39,13,0.0112
2025-12-28 18:24:03,20110,91,6.40,13,0.0000
2025-12-28 18:24:03,20112,90,6.76,13,0.0000
2025-12-28 18:24:03,20116,90,6.49,13,0.0000
2025-12-28 18:24:03,20118,90,6.59,13,0.0000
2025-12-28 18:24:03,20121,89,6.82,13,0.0000
2025-12-28 18:24:03,20126,91,6.45,13,0.0000
2025-12-28 18:24:04,20126,94,6.48,13,0.0000
2025-12-28 18:24:04,20133,88,6.78,13,0.0000
2025-12-28 18:24:04,20137,87,6.72,13,0.0115
2025-12-28 18:24:04,20141,85,6.78,13,0.0000
2025-12-28 18:24:04,20142,87,6.40,13,0.0115
2025-12-28 18:24:04,20143,88,6.25,13,0.0114
2025-12-28 18:24:04,20148,85,6.36,13,0.0118
2025-12-28 18:24:04,20151,83,6.69,13,0.0000
2025-12-28 18:24:04,20153,88,6.09,13,0.0000
2025-12-28 18:24:04,20159,87,6.26,13,0.0000
2025-12-28 18:24:05,20159,89,6.33,13,0.0000
2025-12-28 18:24:05,20160,92,6.09,13,0.0000
2025-12-28 18:24:05,20162,92,6.22,13,0.0000
2025-12-28 18:24:05,20169,87,6.52,13,0.0000
2025-12-28 18:24:05,20175,85,6.48,13,0.0000
2025-12-28 18:24:05,20179,85,6.49,13,0.0118
2025-12-28 18:24:05,20181,87,6.37,13,0.0000
2025-12-28 18:24:05,20182,89,6.54,13,0.0000
2025-12-28 18:24:05,20185,91,6.45,13,0.0000
2025-12-28 18:24:05,20187,90,6.58,13,0.0000
2025-12-28 18:24:06,20191,89,6.25,13,0.0000
2025-12-28 18:24:06,20196,86,6.35,13,0.0000
2025-12-28 18:24:06,20197,87,6.33,13,0.0115
2025-12-28 18:24:06,20200,85,6.39,13,0.0118
2025-12-28 18:24:06,20205,80,6.62,13,0.0000
2025-12-28 18:24:06,20208,77,6.78,13,0.0000
2025-12-28 18:24:06,20212,76,6.66,13,0.0132
2025-12-28 18:24:06,20215,77,6.38,13,0.0000
2025-12-28 18:24:06,20220,77,5.84,13,0.0000
2025-12-28 18:24:06,20224,77,5.60,13,0.0000
2025-12-28 18:24:07,20227,74,5.80,13,0.0000
2025-12-28 18:24:07,20234,71,5.92,13,0.0000
2025-12-28 18:24:07,20235,70,6.19,13,0.0000
2025-12-28 18:24:07,20236,73,6.07,13,0.0000
2025-12-28 18:24:07,20237,74,6.04,13,0.0000
2025-12-28 18:24:07,20238,73,6.77,13,0.0000
2025-12-28 18:24:07,20240,78,6.23,13,0.0000
2025-12-28 18:24:07,20243,77,6.57,13,0.0000
2025-12-28 18:24:07,20243,79,6.41,13,0.0000
2025-12-28 18:24:07,20252,72,6.40,13,0.0000
2025-12-28 18:24:07,20258,69,6.30,13,0.0000
2025-12-28 18:24:07,20259,69,6.45,13,0.0000
2025-12-28 18:24:08,20261,72,6.21,13,0.0000
2025-12-28 18:24:08,20266,69,6.72,13,0.0000
2025-12-28 18:24:08,20267,70,6.94,13,0.0000
2025-12-28 18:24:08,20270,69,7.22,13,0.0000
2025-12-28 18:24:08,20273,71,7.14,13,0.0000
2025-12-28 18:24:08,20278,70,7.03,13,0.0000
2025-12-28 18:24:08,20279,74,6.58,13,0.0000
2025-12-28 18:24:08,20281,76,6.66,13,0.0000
2025-12-28 18:24:08,20282,81,6.46,13,0.0123
2025-12-28 18:24:08,20284,84,6.13,13,0.0000
2025-12-28 18:24:08,20285,88,6.07,13,0.0000
2025-12-28 18:24:08,20288,90,5.99,13,0.0222
2025-12-28 18:24:09,20291,90,6.19,13,0.0000
2025-12-28 18:24:09,20294,91,6.13,13,0.0000
2025-12-28 18:24:09,20296,92,6.16,13,0.0000
2025-12-28 18:24:09,20298,94,6.13,13,0.0000
2025-12-28 18:24:09,20300,95,6.05,13,0.0000
2025-12-28 18:24:09,20303,94,6.23,13,0.0000
2025-12-28 18:24:09,20305,98,6.02,13,0.0000
2025-12-28 18:24:09,20307,99,6.10,13,0.0000
2025-12-28 18:24:09,20308,100,6.15,13,0.0100
2025-12-28 18:24:10,20311,100,6.28,13,0.0100
2025-12-28 18:24:10,20314,100,6.31,13,0.0100
2025-12-28 18:24:10,20320,101,6.01,13,0.0099
2025-12-28 18:24:10,20325,100,6.13,13,0.0000
2025-12-28 18:24:10,20327,104,5.89,13,0.0096
2025-12-28 18:24:10,20332,101,6.13,13,0.0000
2025-12-28 18:24:10,20335,101,6.16,13,0.0198
2025-12-28 18:24:10,20340,98,6.34,13,0.0000
2025-12-28 18:24:11,20341,100,6.17,13,0.0100
2025-12-28 18:24:11,20344,98,6.45,13,0.0000
2025-12-28 18:24:11,20347,99,6.30,13,0.0000
2025-12-28 18:24:11,20348,101,6.01,13,0.0000
2025-12-28 18:24:11,20352,98,6.44,13,0.0102
2025-12-28 18:24:11,20359,95,6.47,13,0.0000
2025-12-28 18:24:11,20363,93,6.40,13,0.0000
2025-12-28 18:24:11,20365,95,6.35,13,0.0105
2025-12-28 18:24:11,20369,93,6.52,13,0.0108
2025-12-28 18:24:12,20374,92,6.36,13,0.0000
2025-12-28 18:24:12,20374,95,6.29,13,0.0000
2025-12-28 18:24:12,20376,95,6.45,13,0.0105
2025-12-28 18:24:12,20379,92,6.88,13,0.0109
2025-12-28 18:24:12,20382,91,6.89,13,0.0000
2025-12-28 18:24:12,20382,93,7.00,13,0.0000
2025-12-28 18:24:12,20384,97,6.66,13,0.0000
2025-12-28 18:24:12,20384,100,6.74,13,0.0000
2025-12-28 18:24:12,20387,101,6.67,13,0.0000
2025-12-28 18:24:13,20390,102,6.41,13,0.0000
2025-12-28 18:24:13,20394,102,6.36,13,0.0000
2025-12-28 18:24:13,20398,100,6.65,13,0.0000
2025-12-28 18:24:13,20399,104,6.57,13,0.0000
2025-12-28 18:24:13,20401,107,6.34,13,0.0000
2025-12-28 18:24:13,20401,112,6.15,13,0.0000
2025-12-28 18:24:13,20406,110,6.29,13,0.0182
2025-12-28 18:24:13,20410,107,6.60,13,0.0000
2025-12-28 18:24:14,20415,110,6.15,13,0.0000
2025-12-28 18:24:14,20416,115,5.89,13,0.0087
2025-12-28 18:24:14,20418,115,6.02,13,0.0000
2025-12-28 18:24:14,20426,110,6.22,13,0.0000
2025-12-28 18:24:14,20429,110,6.21,13,0.0000
2025-12-28 18:24:14,20433,107,6.35,13,0.0000
2025-12-28 18:24:14,20437,107,6.00,13,0.0000
2025-12-28 18:24:14,20440,105,6.02,13,0.0000
2025-12-28 18:24:15,20447,99,6.11,13,0.0202
2025-12-28 18:24:15,20449,98,6.29,13,0.0000
2025-12-28 18:24:15,20450,99,6.17,13,0.0101
2025-12-28 18:24:15,20455,97,6.14,13,0.0000
2025-12-28 18:24:15,20459,93,6.59,13,0.0000
2025-12-28 18:24:15,20462,90,6.89,13,0.0000
2025-12-28 18:24:15,20466,91,6.69,13,0.0000
2025-12-28 18:24:15,20466,94,6.64,13,0.0000
2025-12-28 18:24:15,20467,96,6.65,13,0.0000
2025-12-28 18:24:16,20470,96,6.65,13,0.0000
2025-12-28 18:24:16,20474,97,6.42,13,0.0000
2025-12-28 18:24:16,20476,97,6.63,13,0.0103
2025-12-28 18:24:16,20479,97,6.59,13,0.0000
2025-12-28 18:24:16,20483,99,6.23,13,0.0000
2025-12-28 18:24:16,20487,99,6.34,13,0.0000
2025-12-28 18:24:16,20492,97,6.52,13,0.0000
2025-12-28 18:24:16,20495,99,6.39,13,0.0000
2025-12-28 18:24:16,20499,100,6.18,13,0.0000
2025-12-28 18:24:17,20505,97,6.18,13,0.0000
2025-12-28 18:24:17,20509,96,6.34,13,0.0000
2025-12-28 18:24:17,20512,98,6.11,13,0.0000
2025-12-28 18:24:17,20513,101,6.01,13,0.0000
2025-12-28 18:24:17,20517,98,6.12,13,0.0000
2025-12-28 18:24:17,20519,97,6.29,13,0.0000
2025-12-28 18:24:17,20521,96,6.55,13,0.0104
2025-12-28 18:24:17,20523,98,6.66,13,0.0000
2025-12-28 18:24:17,20526,97,7.05,13,0.0000
2025-12-28 18:24:18,20528,98,7.18,13,0.0000
2025-12-28 18:24:18,20530,99,7.20,13,0.0000
2025-12-28 18:24:18,20533,100,6.92,13,0.0000
2025-12-28 18:24:18,20536,102,6.78,13,0.0000
2025-12-28 18:24:18,20540,102,6.72,13,0.0000
2025-12-28 18:24:18,20543,105,6.43,13,0.0000
2025-12-28 18:24:18,20548,102,6.53,13,0.0000
2025-12-28 18:24:18,20554,99,6.53,13,0.0000
2025-12-28 18:24:18,20558,98,6.64,13,0.0000
2025-12-28 18:24:19,20564,95,6.76,13,0.0000
2025-12-28 18:24:19,20567,94,7.21,13,0.0000
2025-12-28 18:24:19,20568,98,7.09,13,0.0102
2025-12-28 18:24:19,20570,103,6.60,13,0.0000
2025-12-28 18:24:19,20573,103,6.76,13,0.0000
2025-12-28 18:24:19,20580,102,6.50,13,0.0098
2025-12-28 18:24:19,20585,103,6.23,13,0.0000
2025-12-28 18:24:19,20592,99,6.54,13,0.0000
2025-12-28 18:24:20,20596,101,6.18,13,0.0000
2025-12-28 18:24:20,20599,101,6.22,13,0.0000
2025-12-28 18:24:20,20603,100,6.35,13,0.0000
2025-12-28 18:24:20,20605,103,6.33,13,0.0000
2025-12-28 18:24:20,20606,108,6.22,13,0.0000
2025-12-28 18:24:20,20609,107,6.37,13,0.0000
2025-12-28 18:24:20,20613,104,6.71,13,0.0096
2025-12-28 18:24:20,20615,104,6.93,13,0.0000
2025-12-28 18:24:20,20620,103,6.91,13,0.0000
2025-12-28 18:24:21,20621,105,6.94,13,0.0000
2025-12-28 18:24:21,20625,105,6.90,13,0.0000
2025-12-28 18:24:21,20629,106,6.62,13,0.0000
2025-12-28 18:24:21,20634,105,6.48,13,0.0000
2025-12-28 18:24:21,20639,104,6.41,13,0.0096
2025-12-28 18:24:21,20645,100,6.62,13,0.0000
2025-12-28 18:24:21,20649,101,6.47,13,0.0000
2025-12-28 18:24:21,20653,100,6.51,13,0.0000
2025-12-28 18:24:22,20656,103,6.49,13,0.0000
2025-12-28 18:24:22,20660,104,6.41,13,0.0000
2025-12-28 18:24:22,20661,106,6.42,13,0.0000
2025-12-28 18:24:22,20663,110,6.34,13,0.0000
2025-12-28 18:24:22,20667,111,6.24,13,0.0000
2025-12-28 18:24:22,20669,111,6.32,13,0.0000
2025-12-28 18:24:22,20670,114,6.25,13,0.0000
2025-12-28 18:24:22,20672,114,6.41,13,0.0000
2025-12-28 18:24:23,20674,115,6.39,13,0.0000
2025-12-28 18:24:23,20680,112,6.60,13,0.0000
2025-12-28 18:24:23,20683,113,6.49,13,0.0000
2025-12-28 18:24:23,20688,110,6.48,13,0.0000
2025-12-28 18:24:23,20690,112,6.44,13,0.0000
2025-12-28 18:24:23,20696,110,6.37,13,0.0000
2025-12-28 18:24:23,20699,109,6.48,13,0.0000
2025-12-28 18:24:23,20702,112,6.34,13,0.0000
2025-12-28 18:24:24,20704,111,6.45,13,0.0090
2025-12-28 18:24:24,20705,114,6.18,13,0.0088
2025-12-28 18:24:24,20712,109,6.41,13,0.0000
2025-12-28 18:24:24,20714,107,6.54,13,0.0000
2025-12-28 18:24:24,20716,109,6.32,13,0.0000
2025-12-28 18:24:24,20720,108,6.04,13,0.0000
2025-12-28 18:24:24,20723,108,6.00,13,0.0000
2025-12-28 18:24:24,20728,105,6.28,13,0.0000
2025-12-28 18:24:25,20731,103,6.37,13,0.0000
2025-12-28 18:24:25,20738,101,6.38,13,0.0000
2025-12-28 18:24:25,20743,97,6.62,13,0.0000
2025-12-28 18:24:25,20747,95,6.68,13,0.0000
2025-12-28 18:24:25,20750,93,6.82,13,0.0000
2025-12-28 18:24:25,20755,94,6.32,13,0.0000
2025-12-28 18:24:25,20758,96,6.17,13,0.0000
2025-12-28 18:24:25,20763,92,6.32,13,0.0000
2025-12-28 18:24:25,20764,91,6.69,13,0.0000
2025-12-28 18:24:26,20765,96,6.36,13,0.0000
2025-12-28 18:24:26,20768,97,6.47,13,0.0000
2025-12-28 18:24:26,20769,98,6.46,13,0.0000
2025-12-28 18:24:26,20772,99,6.19,13,0.0000
2025-12-28 18:24:26,20775,98,6.18,13,0.0000
2025-12-28 18:24:26,20778,100,5.91,13,0.0000
2025-12-28 18:24:26,20783,98,6.02,13,0.0000
2025-12-28 18:24:26,20786,97,6.24,13,0.0000
2025-12-28 18:24:26,20789,99,6.30,13,0.0000
2025-12-28 18:24:27,20789,103,5.95,13,0.0000
2025-12-28 18:24:27,20792,104,5.95,13,0.0096
2025-12-28 18:24:27,20799,102,5.86,13,0.0000
2025-12-28 18:24:27,20804,98,6.28,13,0.0000
2025-12-28 18:24:27,20804,103,5.98,13,0.0000
2025-12-28 18:24:27,20808,102,6.17,13,0.0000
2025-12-28 18:24:27,20811,102,6.31,13,0.0000
2025-12-28 18:24:27,20818,96,6.80,13,0.0000
2025-12-28 18:24:27,20821,98,6.66,13,0.0000
2025-12-28 18:24:28,20825,97,6.49,13,0.0000
2025-12-28 18:24:28,20829,94,6.93,13,0.0000
2025-12-28 18:24:28,20833,96,6.73,13,0.0000
2025-12-28 18:24:28,20837,96,6.61,13,0.0000
2025-12-28 18:24:28,20839,95,6.71,13,0.0000
2025-12-28 18:24:28,20842,94,7.01,13,0.0000
2025-12-28 18:24:28,20852,86,7.21,13,0.0000
2025-12-28 18:24:28,20852,91,7.09,13,0.0000
2025-12-28 18:24:28,20852,98,6.64,13,0.0000
2025-12-28 18:24:29,20853,100,6.57,13,0.0000
2025-12-28 18:24:29,20858,98,6.66,13,0.0000
2025-12-28 18:24:29,20859,100,6.54,13,0.0000
2025-12-28 18:24:29,20860,100,6.67,13,0.0000
2025-12-28 18:24:29,20866,96,7.02,13,0.0000
2025-12-28 18:24:29,20870,95,7.21,13,0.0000
2025-12-28 18:24:29,20871,95,7.62,13,0.0000
2025-12-28 18:24:29,20872,99,7.24,13,0.0000
2025-12-28 18:24:30,20874,103,6.76,13,0.0000
2025-12-28 18:24:30,20876,106,6.44,13,0.0000
2025-12-28 18:24:30,20881,104,6.29,13,0.0000
2025-12-28 18:24:30,20885,102,6.34,13,0.0000
2025-12-28 18:24:30,20885,103,6.48,13,0.0097
2025-12-28 18:24:30,20889,102,6.42,13,0.0000
2025-12-28 18:24:30,20891,103,6.39,13,0.0000
2025-12-28 18:24:30,20892,107,6.38,13,0.0000
2025-12-28 18:24:30,20896,105,6.61,13,0.0000
2025-12-28 18:24:31,20902,104,6.30,13,0.0000
2025-12-28 18:24:31,20904,106,6.20,13,0.0189
2025-12-28 18:24:31,20908,103,6.68,13,0.0000
2025-12-28 18:24:31,20914,100,6.82,13,0.0000
2025-12-28 18:24:31,20915,103,6.78,13,0.0000
2025-12-28 18:24:31,20916,105,6.78,13,0.0000
2025-12-28 18:24:31,20922,102,6.63,13,0.0000
2025-12-28 18:24:31,20924,105,6.64,13,0.0000
2025-12-28 18:24:32,20926,108,6.52,13,0.0000
2025-12-28 18:24:32,20926,111,6.44,13,0.0000
2025-12-28 18:24:32,20928,110,6.75,13,0.0000
2025-12-28 18:24:32,20931,110,6.70,13,0.0000
2025-12-28 18:24:32,20935,111,6.47,13,0.0000
2025-12-28 18:24:32,20938,113,6.47,13,0.0000
2025-12-28 18:24:32,20941,115,6.48,13,0.0000
2025-12-28 18:24:32,20944,114,6.61,13,0.0000
2025-12-28 18:24:33,20948,116,6.49,13,0.0000
2025-12-28 18:24:33,20950,118,6.58,13,0.0000
2025-12-28 18:24:33,20952,119,6.71,13,0.0084
2025-12-28 18:24:33,20956,120,6.47,13,0.0000
2025-12-28 18:24:33,20962,119,6.25,13,0.0000
2025-12-28 18:24:33,20964,119,6.33,13,0.0000
2025-12-28 18:24:33,20968,117,6.48,13,0.0000
2025-12-28 18:24:34,20972,121,6.08,13,0.0000
2025-12-28 18:24:34,20975,122,6.06,13,0.0000
2025-12-28 18:24:34,20979,123,5.91,13,0.0000
2025-12-28 18:24:34,20984,123,5.82,13,0.0000
2025-12-28 18:24:34,20987,124,5.69,13,0.0000
2025-12-28 18:24:34,20991,125,5.50,13,0.0000
2025-12-28 18:24:34,20995,123,5.74,13,0.0000
2025-12-28 18:24:35,21003,118,5.90,13,0.0000
2025-12-28 18:24:35,21007,116,6.00,13,0.0000
2025-12-28 18:24:35,21009,117,5.99,13,0.0000
2025-12-28 18:24:35,21012,120,5.51,13,0.0000
2025-12-28 18:24:35,21018,119,5.46,13,0.0084
2025-12-28 18:24:35,21025,114,5.61,13,0.0000
2025-12-28 18:24:35,21030,112,5.62,13,0.0000
2025-12-28 18:24:35,21035,109,5.83,13,0.0000
2025-12-28 18:24:36,21037,110,6.09,13,0.0091
2025-12-28 18:24:36,21042,111,6.17,13,0.0000
2025-12-28 18:24:36,21045,110,6.46,13,0.0000
2025-12-28 18:24:36,21047,112,6.31,13,0.0000
2025-12-28 18:24:36,21050,117,5.92,13,0.0000
2025-12-28 18:24:36,21054,113,6.05,13,0.0000
2025-12-28 18:24:36,21058,110,6.37,13,0.0000
2025-12-28 18:24:36,21061,113,5.98,13,0.0000
2025-12-28 18:24:37,21065,112,5.94,13,0.0000
2025-12-28 18:24:37,21070,107,6.37,13,0.0093
2025-12-28 18:24:37,21071,107,6.63,13,0.0000
2025-12-28 18:24:37,21074,106,6.75,13,0.0000
2025-12-28 18:24:37,21076,110,6.27,13,0.0000
2025-12-28 18:24:37,21080,111,6.32,13,0.0000
2025-12-28 18:24:37,21084,110,6.17,13,0.0000
2025-12-28 18:24:37,21091,107,6.16,13,0.0000
2025-12-28 18:24:38,21096,104,6.42,13,0.0000
2025-12-28 18:24:38,21098,103,6.58,13,0.0000
2025-12-28 18:24:38,21101,103,6.54,13,0.0000
2025-12-28 18:24:38,21105,101,6.41,13,0.0000
2025-12-28 18:24:38,21106,103,6.37,13,0.0000
2025-12-28 18:24:38,21108,101,6.71,13,0.0099
2025-12-28 18:24:38,21113,100,6.33,13,0.0000
2025-12-28 18:24:38,21119,98,6.31,13,0.0000
2025-12-28 18:24:39,21119,100,6.29,13,0.0000
2025-12-28 18:24:39,21121,100,6.20,13,0.0000
2025-12-28 18:24:39,21127,95,6.49,13,0.0000
2025-12-28 18:24:39,21129,99,6.14,13,0.0000
2025-12-28 18:24:39,21130,99,6.35,13,0.0000
2025-12-28 18:24:39,21132,99,6.36,13,0.0000
2025-12-28 18:24:39,21136,98,6.43,13,0.0000
2025-12-28 18:24:39,21141,96,6.48,13,0.0000
2025-12-28 18:24:39,21145,95,6.73,13,0.0000
2025-12-28 18:24:40,21146,100,6.27,13,0.0000
2025-12-28 18:24:40,21148,100,6.24,13,0.0000
2025-12-28 18:24:40,21150,99,6.29,13,0.0000
2025-12-28 18:24:40,21153,102,6.03,13,0.0000
2025-12-28 18:24:40,21156,99,6.32,13,0.0000
2025-12-28 18:24:40,21163,94,6.68,13,0.0000
2025-12-28 18:24:40,21166,94,6.69,13,0.0000
2025-12-28 18:24:40,21168,98,6.31,13,0.0000
2025-12-28 18:24:40,21173,95,6.40,13,0.0000
2025-12-28 18:24:41,21175,100,6.17,13,0.0000
2025-12-28 18:24:41,21177,102,6.14,13,0.0000
2025-12-28 18:24:41,21179,104,6.24,13,0.0096
2025-12-28 18:24:41,21180,106,6.31,13,0.0000
2025-12-28 18:24:41,21186,105,6.19,13,0.0000
2025-12-28 18:24:41,21191,104,6.28,13,0.0096
2025-12-28 18:24:41,21195,104,6.54,13,0.0000
2025-12-28 18:24:41,21201,103,6.54,13,0.0097
2025-12-28 18:24:42,21202,103,6.82,13,0.0097
2025-12-28 18:24:42,21206,103,6.78,13,0.0000
2025-12-28 18:24:42,21212,106,6.37,13,0.0000
2025-12-28 18:24:42,21214,106,6.52,13,0.0000
2025-12-28 18:24:42,21220,103,6.77,13,0.0000
2025-12-28 18:24:42,21222,108,6.46,13,0.0000
2025-12-28 18:24:42,21222,109,6.59,13,0.0000
2025-12-28 18:24:42,21225,112,6.43,13,0.0089
2025-12-28 18:24:43,21229,116,5.95,13,0.0000
2025-12-28 18:24:43,21233,113,6.18,13,0.0000
2025-12-28 18:24:43,21236,114,6.15,13,0.0000
2025-12-28 18:24:43,21241,112,6.30,13,0.0179
2025-12-28 18:24:43,21247,110,6.29,13,0.0091
2025-12-28 18:24:43,21249,110,6.40,13,0.0000
2025-12-28 18:24:43,21251,112,6.24,13,0.0000
2025-12-28 18:24:43,21253,118,5.92,13,0.0169
2025-12-28 18:24:44,21255,118,6.03,13,0.0000
2025-12-28 18:24:44,21259,121,5.79,13,0.0083
2025-12-28 18:24:44,21264,119,6.13,13,0.0000
2025-12-28 18:24:44,21265,127,5.82,13,0.0000
2025-12-28 18:24:44,21267,128,6.00,13,0.0000
2025-12-28 18:24:44,21271,125,6.04,13,0.0240
2025-12-28 18:24:44,21274,125,6.02,13,0.0000
2025-12-28 18:24:45,21277,125,5.79,13,0.0000
2025-12-28 18:24:45,21280,123,5.67,13,0.0163
2025-12-28 18:24:45,21290,114,6.14,13,0.0175
2025-12-28 18:24:45,21294,114,5.92,13,0.0000
2025-12-28 18:24:45,21297,113,6.10,13,0.0000
2025-12-28 18:24:45,21300,114,6.11,13,0.0000
2025-12-28 18:24:45,21304,113,6.12,13,0.0177
2025-12-28 18:24:45,21306,115,6.23,13,0.0087
2025-12-28 18:24:46,21307,116,6.17,13,0.0000
2025-12-28 18:24:46,21307,122,5.81,13,0.0082
2025-12-28 18:24:46,21311,120,5.96,13,0.0083
2025-12-28 18:24:46,21320,113,6.28,13,0.0177
2025-12-28 18:24:46,21324,113,6.24,13,0.0000
2025-12-28 18:24:46,21331,110,6.21,13,0.0091
2025-12-28 18:24:46,21337,105,6.52,13,0.0000
2025-12-28 18:24:47,21342,106,6.14,13,0.0094
2025-12-28 18:24:47,21345,105,6.30,13,0.0095
2025-12-28 18:24:47,21345,108,6.40,13,0.0000
2025-12-28 18:24:47,21348,107,6.54,13,0.0000
2025-12-28 18:24:47,21351,106,6.44,13,0.0189
2025-12-28 18:24:47,21353,105,6.53,13,0.0000
2025-12-28 18:24:47,21358,105,6.36,13,0.0095
2025-12-28 18:24:47,21365,100,6.49,13,0.0000
2025-12-28 18:24:47,21369,101,6.27,13,0.0000
2025-12-28 18:24:48,21371,101,6.25,13,0.0099
2025-12-28 18:24:48,21375,100,6.31,13,0.0000
2025-12-28 18:24:48,21376,103,6.05,13,0.0000
2025-12-28 18:24:48,21382,98,6.24,13,0.0000
2025-12-28 18:24:48,21385,96,6.30,13,0.0000
2025-12-28 18:24:48,21386,97,6.19,13,0.0103
2025-12-28 18:24:48,21391,95,6.19,13,0.0000
2025-12-28 18:24:48,21397,91,6.21,13,0.0000
2025-12-28 18:24:49,21401,89,6.29,13,0.0112
2025-12-28 18:24:49,21407,86,6.31,13,0.0116
2025-12-28 18:24:49,21408,85,6.33,13,0.0000
2025-12-28 18:24:49,21410,86,5.97,13,0.0000
2025-12-28 18:24:49,21414,82,6.12,13,0.0000
2025-12-28 18:24:49,21421,76,6.25,13,0.0132
2025-12-28 18:24:49,21431,67,6.36,13,0.0000
2025-12-28 18:24:49,21433,69,6.22,13,0.0000
2025-12-28 18:24:49,21433,73,6.15,13,0.0000
2025-12-28 18:24:49,21436,74,6.00,13,0.0135
2025-12-28 18:24:49,21438,75,6.03,13,0.0000
2025-12-28 18:24:50,21441,73,6.77,13,0.0000
2025-12-28 18:24:50,21443,75,6.40,13,0.0000
2025-12-28 18:24:50,21444,79,6.22,13,0.0000
2025-12-28 18:24:50,21446,80,6.01,13,0.0000
2025-12-28 18:24:50,21450,78,6.40,13,0.0000
2025-12-28 18:24:50,21453,78,6.45,13,0.0000
2025-12-28 18:24:50,21457,81,5.95,13,0.0000
2025-12-28 18:24:50,21457,85,5.78,13,0.0000
2025-12-28 18:24:50,21459,84,6.01,13,0.0000
2025-12-28 18:24:50,21463,80,6.39,13,0.0000
2025-12-28 18:24:50,21466,78,6.73,13,0.0000
2025-12-28 18:24:51,21468,76,6.88,13,0.0000
2025-12-28 18:24:51,21471,77,6.87,13,0.0000
2025-12-28 18:24:51,21472,84,6.40,13,0.0000
2025-12-28 18:24:51,21475,85,6.49,13,0.0118
2025-12-28 18:24:51,21476,85,6.80,13,0.0000
2025-12-28 18:24:51,21476,87,7.01,13,0.0000
2025-12-28 18:24:51,21476,95,6.40,13,0.0000
2025-12-28 18:24:51,21477,96,6.58,13,0.0000
2025-12-28 18:24:51,21479,99,6.26,13,0.0101
2025-12-28 18:24:51,21480,103,6.05,13,0.0000
2025-12-28 18:24:52,21483,103,6.05,13,0.0000
2025-12-28 18:24:52,21484,104,6.26,13,0.0000
2025-12-28 18:24:52,21489,103,6.32,13,0.0000
2025-12-28 18:24:52,21494,100,6.50,13,0.0000
2025-12-28 18:24:52,21497,102,6.48,13,0.0000
2025-12-28 18:24:52,21499,105,6.24,13,0.0095
2025-12-28 18:24:52,21502,106,6.32,13,0.0000
2025-12-28 18:24:52,21505,104,6.46,13,0.0000
2025-12-28 18:24:53,21508,107,6.36,13,0.0000
2025-12-28 18:24:53,21509,111,6.16,13,0.0000
2025-12-28 18:24:53,21510,113,6.30,13,0.0000
2025-12-28 18:24:53,21514,114,6.22,13,0.0000
2025-12-28 18:24:53,21519,112,6.46,13,0.0089
2025-12-28 18:24:53,21524,110,6.58,13,0.0000
2025-12-28 18:24:53,21528,111,6.37,13,0.0000
2025-12-28 18:24:53,21532,112,6.23,13,0.0000
2025-12-28 18:24:54,21533,112,6.41,13,0.0000
2025-12-28 18:24:54,21540,108,6.52,13,0.0000
2025-12-28 18:24:54,21544,108,6.13,13,0.0000
2025-12-28 18:24:54,21548,108,6.12,13,0.0093
2025-12-28 18:24:54,21550,113,5.81,13,0.0000
2025-12-28 18:24:54,21556,108,6.04,13,0.0185
2025-12-28 18:24:54,21563,107,6.02,13,0.0000
2025-12-28 18:24:54,21567,108,5.81,13,0.0093
2025-12-28 18:24:55,21571,106,5.88,13,0.0000
2025-12-28 18:24:55,21574,105,6.21,13,0.0000
2025-12-28 18:24:55,21581,101,6.32,13,0.0000
2025-12-28 18:24:55,21586,100,6.33,13,0.0100
2025-12-28 18:24:55,21586,102,6.20,13,0.0000
2025-12-28 18:24:55,21594,96,6.32,13,0.0000
2025-12-28 18:24:55,21597,96,6.42,13,0.0000
2025-12-28 18:24:55,21600,97,6.15,13,0.0000
2025-12-28 18:24:55,21600,99,6.39,13,0.0000
2025-12-28 18:24:56,21605,97,6.30,13,0.0000
2025-12-28 18:24:56,21613,95,6.18,13,0.0105
2025-12-28 18:24:56,21617,93,6.33,13,0.0000
2025-12-28 18:24:56,21622,89,6.37,13,0.0000
2025-12-28 18:24:56,21625,91,6.36,13,0.0220
2025-12-28 18:24:56,21625,95,6.42,13,0.0000
2025-12-28 18:24:56,21627,98,6.42,13,0.0000
2025-12-28 18:24:56,21630,98,6.23,13,0.0102
2025-12-28 18:24:56,21634,96,6.15,13,0.0000
2025-12-28 18:24:57,21639,93,6.31,13,0.0000
2025-12-28 18:24:57,21643,91,6.54,13,0.0000
2025-12-28 18:24:57,21646,89,6.74,13,0.0000
2025-12-28 18:24:57,21647,91,6.81,13,0.0000
2025-12-28 18:24:57,21647,93,6.95,13,0.0108
2025-12-28 18:24:57,21649,97,6.60,13,0.0000
2025-12-28 18:24:57,21655,96,6.46,13,0.0104
2025-12-28 18:24:57,21659,95,6.74,13,0.0000
2025-12-28 18:24:57,21660,96,6.74,13,0.0000
2025-12-28 18:24:58,21662,96,6.64,13,0.0000
2025-12-28 18:24:58,21665,94,6.85,13,0.0106
2025-12-28 18:24:58,21668,97,6.65,13,0.0000
2025-12-28 18:24:58,21671,97,6.62,13,0.0000
2025-12-28 18:24:58,21671,98,6.67,13,0.0000
2025-12-28 18:24:58,21673,102,6.37,13,0.0000
2025-12-28 18:24:58,21678,98,6.72,13,0.0102
2025-12-28 18:24:58,21681,97,6.72,13,0.0000
2025-12-28 18:24:58,21683,97,6.90,13,0.0103
2025-12-28 18:24:59,21686,96,6.71,13,0.0000
2025-12-28 18:24:59,21688,98,6.58,13,0.0102
2025-12-28 18:24:59,21691,97,6.71,13,0.0000
2025-12-28 18:24:59,21693,97,6.75,13,0.0000
2025-12-28 18:24:59,21694,100,6.64,13,0.0000
2025-12-28 18:24:59,21694,103,6.69,13,0.0000
2025-12-28 18:24:59,21694,107,6.56,13,0.0000
2025-12-28 18:24:59,21697,110,6.28,13,0.0000
2025-12-28 18:25:00,21697,113,6.29,13,0.0000
2025-12-28 18:25:00,21698,119,6.07,13,0.0000
2025-12-28 18:25:00,21702,118,6.13,13,0.0000
2025-12-28 18:25:00,21708,116,6.17,13,0.0086
2025-12-28 18:25:00,21712,114,6.35,13,0.0000
2025-12-28 18:25:00,21721,109,6.41,13,0.0183
2025-12-28 18:25:00,21723,109,6.58,13,0.0000
2025-12-28 18:25:00,21726,111,6.46,13,0.0000
2025-12-28 18:25:01,21729,111,6.51,13,0.0090
2025-12-28 18:25:01,21730,114,6.35,13,0.0000
2025-12-28 18:25:01,21733,112,6.71,13,0.0000
2025-12-28 18:25:01,21734,116,6.42,13,0.0000
2025-12-28 18:25:01,21741,110,6.72,13,0.0000
2025-12-28 18:25:01,21742,111,6.71,13,0.0000
2025-12-28 18:25:01,21748,110,6.59,13,0.0000
2025-12-28 18:25:01,21750,114,6.34,13,0.0000
2025-12-28 18:25:02,21752,116,6.40,13,0.0000
2025-12-28 18:25:02,21755,121,5.85,13,0.0000
2025-12-28 18:25:02,21760,117,6.32,13,0.0000
2025-12-28 18:25:02,21765,117,6.26,13,0.0000
2025-12-28 18:25:02,21768,117,6.37,13,0.0085
2025-12-28 18:25:02,21773,117,6.32,13,0.0000
2025-12-28 18:25:02,21774,121,6.02,13,0.0000
2025-12-28 18:25:03,21778,120,5.85,13,0.0000
2025-12-28 18:25:03,21784,115,5.94,13,0.0000
2025-12-28 18:25:03,21787,115,5.87,13,0.0087
2025-12-28 18:25:03,21795,108,6.06,13,0.0000
2025-12-28 18:25:03,21797,107,6.34,13,0.0000
2025-12-28 18:25:03,21800,107,6.24,13,0.0000
2025-12-28 18:25:03,21802,112,5.95,13,0.0089
2025-12-28 18:25:03,21805,111,6.10,13,0.0000
2025-12-28 18:25:04,21807,111,6.36,13,0.0000
2025-12-28 18:25:04,21810,111,6.45,13,0.0000
2025-12-28 18:25:04,21812,111,6.32,13,0.0090
2025-12-28 18:25:04,21817,111,6.02,13,0.0000
2025-12-28 18:25:04,21824,107,6.14,13,0.0000
2025-12-28 18:25:04,21826,109,5.84,13,0.0000
2025-12-28 18:25:04,21830,109,5.67,13,0.0092
2025-12-28 18:25:04,21836,108,5.53,13,0.0000
2025-12-28 18:25:05,21842,103,5.83,13,0.0000
2025-12-28 18:25:05,21849,97,5.82,13,0.0000
2025-12-28 18:25:05,21854,94,5.94,13,0.0000
2025-12-28 18:25:05,21857,94,5.90,13,0.0000
2025-12-28 18:25:05,21861,92,5.85,13,0.0000
2025-12-28 18:25:05,21864,90,5.96,13,0.0000
2025-12-28 18:25:05,21865,91,6.14,13,0.0110
2025-12-28 18:25:05,21867,90,6.03,13,0.0000
2025-12-28 18:25:05,21868,90,5.96,13,0.0000
2025-12-28 18:25:06,21872,88,5.82,13,0.0000
2025-12-28 18:25:06,21878,82,5.95,13,0.0000
2025-12-28 18:25:06,21882,81,5.95,13,0.0123
2025-12-28 18:25:06,21886,78,6.13,13,0.0000
2025-12-28 18:25:06,21891,76,6.03,13,0.0000
2025-12-28 18:25:06,21894,74,6.30,13,0.0000
2025-12-28 18:25:06,21895,75,6.16,13,0.0000
2025-12-28 18:25:06,21898,72,6.39,13,0.0000
2025-12-28 18:25:06,21900,76,5.76,13,0.0000
2025-12-28 18:25:06,21905,73,6.03,13,0.0137
2025-12-28 18:25:06,21910,70,6.03,13,0.0000
2025-12-28 18:25:06,21912,70,6.06,13,0.0000
2025-12-28 18:25:07,21916,69,5.84,13,0.0145
2025-12-28 18:25:07,21918,71,5.68,13,0.0141
2025-12-28 18:25:07,21921,71,5.66,13,0.0000
2025-12-28 18:25:07,21923,70,6.07,13,0.0000
2025-12-28 18:25:07,21925,70,6.03,13,0.0000
2025-12-28 18:25:07,21925,70,6.19,13,0.0000
2025-12-28 18:25:07,21925,71,6.32,13,0.0141
2025-12-28 18:25:07,21926,72,6.51,13,0.0000
2025-12-28 18:25:07,21930,72,6.40,13,0.0000
2025-12-28 18:25:07,21932,71,6.94,13,0.0000
2025-12-28 18:25:07,21935,70,7.23,13,0.0143
2025-12-28 18:25:07,21935,75,6.79,13,0.0000
2025-12-28 18:25:08,21937,77,6.52,13,0.0000
2025-12-28 18:25:08,21938,79,6.28,13,0.0000
2025-12-28 18:25:08,21939,80,6.36,13,0.0125
2025-12-28 18:25:08,21942,78,6.47,13,0.0000
2025-12-28 18:25:08,21944,80,6.33,13,0.0000
2025-12-28 18:25:08,21947,78,6.72,13,0.0000
2025-12-28 18:25:08,21947,85,6.18,13,0.0000
2025-12-28 18:25:08,21954,83,6.05,13,0.0120
2025-12-28 18:25:08,21954,86,6.15,13,0.0116
2025-12-28 18:25:08,21958,84,6.26,13,0.0000
2025-12-28 18:25:09,21963,82,6.20,13,0.0000
2025-12-28 18:25:09,21964,85,6.25,13,0.0000
2025-12-28 18:25:09,21965,86,6.45,13,0.0000
2025-12-28 18:25:09,21966,87,6.48,13,0.0000
2025-12-28 18:25:09,21969,87,6.41,13,0.0000
2025-12-28 18:25:09,21972,89,6.16,13,0.0000
2025-12-28 18:25:09,21973,89,6.21,13,0.0000
2025-12-28 18:25:09,21983,80,6.31,13,0.0125
2025-12-28 18:25:09,21987,79,6.37,13,0.0000
2025-12-28 18:25:09,21989,78,6.86,13,0.0000
2025-12-28 18:25:09,21991,81,6.65,13,0.0000
2025-12-28 18:25:10,21993,84,6.31,13,0.0000
2025-12-28 18:25:10,21995,86,6.29,13,0.0233
2025-12-28 18:25:10,21999,86,6.28,13,0.0000
2025-12-28 18:25:10,22002,84,6.70,13,0.0119
2025-12-28 18:25:10,22004,83,7.19,13,0.0120
2025-12-28 18:25:10,22008,83,7.42,13,0.0120
2025-12-28 18:25:10,22008,87,7.31,13,0.0230
2025-12-28 18:25:10,22011,89,6.92,13,0.0000
2025-12-28 18:25:10,22012,92,6.65,13,0.0000
2025-12-28 18:25:10,22014,93,6.67,13,0.0000
2025-12-28 18:25:11,22017,92,6.68,13,0.0109
2025-12-28 18:25:11,22021,95,6.29,13,0.0000
2025-12-28 18:25:11,22027,92,6.52,13,0.0217
2025-12-28 18:25:11,22029,94,6.37,13,0.0000
2025-12-28 18:25:11,22029,97,6.53,13,0.0000
2025-12-28 18:25:11,22031,98,6.74,13,0.0000
2025-12-28 18:25:11,22037,99,6.41,13,0.0000
2025-12-28 18:25:11,22039,106,5.78,13,0.0094
2025-12-28 18:25:11,22041,107,5.93,13,0.0000
2025-12-28 18:25:12,22044,107,6.19,13,0.0093
2025-12-28 18:25:12,22051,102,6.46,13,0.0098
2025-12-28 18:25:12,22053,102,6.38,13,0.0000
2025-12-28 18:25:12,22056,102,6.39,13,0.0000
2025-12-28 18:25:12,22056,104,6.32,13,0.0000
2025-12-28 18:25:12,22060,103,6.52,13,0.0000
2025-12-28 18:25:12,22063,105,6.48,13,0.0000
2025-12-28 18:25:12,22066,104,6.75,13,0.0096
2025-12-28 18:25:13,22072,105,6.42,13,0.0000
2025-12-28 18:25:13,22077,103,6.39,13,0.0097
2025-12-28 18:25:13,22081,102,6.20,13,0.0098
2025-12-28 18:25:13,22085,100,6.41,13,0.0000
2025-12-28 18:25:13,22088,101,6.22,13,0.0000
2025-12-28 18:25:13,22089,102,6.31,13,0.0098
2025-12-28 18:25:13,22092,103,6.20,13,0.0097
2025-12-28 18:25:13,22095,105,5.96,13,0.0095
2025-12-28 18:25:14,22098,102,6.21,13,0.0000
2025-12-28 18:25:14,22104,99,6.14,13,0.0000
2025-12-28 18:25:14,22110,96,6.29,13,0.0000
2025-12-28 18:25:14,22111,97,6.53,13,0.0000
2025-12-28 18:25:14,22116,96,6.47,13,0.0000
2025-12-28 18:25:14,22120,97,6.15,13,0.0000
2025-12-28 18:25:14,22123,100,6.08,13,0.0000
2025-12-28 18:25:14,22127,98,6.15,13,0.0000
2025-12-28 18:25:14,22129,96,6.41,13,0.0000
2025-12-28 18:25:15,22133,94,6.51,13,0.0000
2025-12-28 18:25:15,22137,94,6.52,13,0.0000
2025-12-28 18:25:15,22139,95,6.51,13,0.0000
2025-12-28 18:25:15,22142,94,6.55,13,0.0000
2025-12-28 18:25:15,22144,98,6.20,13,0.0000
2025-12-28 18:25:15,22148,97,6.21,13,0.0103
2025-12-28 18:25:15,22155,91,6.68,13,0.0000
2025-12-28 18:25:15,22158,90,6.57,13,0.0000
2025-12-28 18:25:15,22159,91,6.42,13,0.0000
2025-12-28 18:25:15,22161,93,6.18,13,0.0000
2025-12-28 18:25:16,22162,100,5.62,13,0.0000
2025-12-28 18:25:16,22165,98,5.96,13,0.0000
2025-12-28 18:25:16,22169,95,6.35,13,0.0000
2025-12-28 18:25:16,22173,94,6.23,13,0.0000
2025-12-28 18:25:16,22176,94,6.46,13,0.0000
2025-12-28 18:25:16,22176,98,6.32,13,0.0000
2025-12-28 18:25:16,22180,98,6.23,13,0.0102
2025-12-28 18:25:16,22183,95,6.53,13,0.0000
2025-12-28 18:25:16,22186,92,6.83,13,0.0000
2025-12-28 18:25:17,22190,90,6.94,13,0.0000
2025-12-28 18:25:17,22198,91,6.31,13,0.0000
2025-12-28 18:25:17,22199,91,6.64,13,0.0000
2025-12-28 18:25:17,22199,94,6.68,13,0.0000
2025-12-28 18:25:17,22205,90,6.77,13,0.0000
2025-12-28 18:25:17,22211,88,6.67,13,0.0114
2025-12-28 18:25:17,22212,88,6.89,13,0.0000
2025-12-28 18:25:17,22213,89,6.91,13,0.0112
2025-12-28 18:25:17,22215,94,6.63,13,0.0000
2025-12-28 18:25:18,22216,97,6.51,13,0.0000
2025-12-28 18:25:18,22219,95,6.74,13,0.0000
2025-12-28 18:25:18,22221,99,6.51,13,0.0000
2025-12-28 18:25:18,22225,98,6.95,13,0.0102
2025-12-28 18:25:18,22227,101,6.82,13,0.0000
2025-12-28 18:25:18,22231,99,7.28,13,0.0101
2025-12-28 18:25:18,22233,102,6.97,13,0.0000
2025-12-28 18:25:18,22235,101,7.09,13,0.0000
2025-12-28 18:25:18,22242,100,6.73,13,0.0000
2025-12-28 18:25:19,22244,106,6.22,13,0.0000
2025-12-28 18:25:19,22251,103,6.13,13,0.0000
2025-12-28 18:25:19,22262,94,6.29,13,0.0000
2025-12-28 18:25:19,22263,97,6.02,13,0.0000
2025-12-28 18:25:19,22268,96,5.93,13,0.0000
2025-12-28 18:25:19,22274,90,6.27,13,0.0000
2025-12-28 18:25:19,22279,87,6.76,13,0.0115
2025-12-28 18:25:19,22281,90,6.78,13,0.0000
2025-12-28 18:25:19,22283,91,6.86,13,0.0220
2025-12-28 18:25:20,22286,92,6.68,13,0.0000
2025-12-28 18:25:20,22289,94,6.52,13,0.0106
2025-12-28 18:25:20,22292,94,6.50,13,0.0106
2025-12-28 18:25:20,22294,93,6.74,13,0.0000
2025-12-28 18:25:20,22296,93,6.94,13,0.0000
2025-12-28 18:25:20,22305,88,7.03,13,0.0114
2025-12-28 18:25:20,22305,93,6.89,13,0.0108
2025-12-28 18:25:20,22305,99,6.38,13,0.0000
2025-12-28 18:25:20,22306,102,6.28,13,0.0000
2025-12-28 18:25:20,22308,103,6.32,13,0.0000
2025-12-28 18:25:21,22311,104,6.34,13,0.0192
2025-12-28 18:25:21,22317,99,6.65,13,0.0000
2025-12-28 18:25:21,22319,102,6.57,13,0.0000
2025-12-28 18:25:21,22322,101,6.58,13,0.0000
2025-12-28 18:25:21,22327,98,6.81,13,0.0000
2025-12-28 18:25:21,22328,102,6.60,13,0.0196
2025-12-28 18:25:21,22330,103,6.64,13,0.0000
2025-12-28 18:25:21,22332,105,6.61,13,0.0000
2025-12-28 18:25:22,22335,105,6.79,13,0.0000
2025-12-28 18:25:22,22338,103,6.91,13,0.0000
2025-12-28 18:25:22,22340,107,6.64,13,0.0093
2025-12-28 18:25:22,22343,107,6.52,13,0.0000
2025-12-28 18:25:22,22345,108,6.43,13,0.0000
2025-12-28 18:25:22,22348,110,6.25,13,0.0000
2025-12-28 18:25:22,22354,108,6.28,13,0.0000
2025-12-28 18:25:22,22358,109,6.17,13,0.0000
2025-12-28 18:25:23,22359,113,6.04,13,0.0000
2025-12-28 18:25:23,22363,110,6.13,13,0.0000
2025-12-28 18:25:23,22369,106,6.43,13,0.0000
2025-12-28 18:25:23,22377,105,6.06,13,0.0000
2025-12-28 18:25:23,22377,105,6.44,13,0.0000
2025-12-28 18:25:23,22380,105,6.66,13,0.0000
2025-12-28 18:25:23,22386,103,6.41,13,0.0000
2025-12-28 18:25:23,22390,105,6.27,13,0.0000
2025-12-28 18:25:24,22393,104,6.38,13,0.0000
2025-12-28 18:25:24,22393,108,6.16,13,0.0000
2025-12-28 18:25:24,22395,110,6.14,13,0.0000
2025-12-28 18:25:24,22398,109,6.23,13,0.0000
2025-12-28 18:25:24,22403,107,6.28,13,0.0000
2025-12-28 18:25:24,22410,103,6.44,13,0.0000
2025-12-28 18:25:24,22412,104,6.40,13,0.0096
2025-12-28 18:25:24,22413,106,6.36,13,0.0000
2025-12-28 18:25:24,22414,108,6.10,13,0.0000
2025-12-28 18:25:25,22418,107,6.16,13,0.0187
2025-12-28 18:25:25,22420,106,6.31,13,0.0000
2025-12-28 18:25:25,22421,108,6.15,13,0.0000
2025-12-28 18:25:25,22425,108,6.27,13,0.0000
2025-12-28 18:25:25,22426,112,5.96,13,0.0000
2025-12-28 18:25:25,22430,109,6.20,13,0.0000
2025-12-28 18:25:25,22436,107,6.17,13,0.0000
2025-12-28 18:25:25,22443,102,6.30,13,0.0000
2025-12-28 18:25:26,22445,101,6.49,13,0.0000
2025-12-28 18:25:26,22448,100,6.43,13,0.0000
2025-12-28 18:25:26,22456,97,6.46,13,0.0000
2025-12-28 18:25:26,22459,96,6.46,13,0.0000
2025-12-28 18:25:26,22460,96,6.69,13,0.0000
2025-12-28 18:25:26,22460,99,6.70,13,0.0000
2025-12-28 18:25:26,22462,100,6.66,13,0.0000
2025-12-28 18:25:26,22465,102,6.28,13,0.0000
2025-12-28 18:25:27,22467,102,6.50,13,0.0000
2025-12-28 18:25:27,22471,99,6.49,13,0.0101
2025-12-28 18:25:27,22477,99,6.37,13,0.0101
2025-12-28 18:25:27,22479,103,6.15,13,0.0000
2025-12-28 18:25:27,22481,103,6.38,13,0.0097
2025-12-28 18:25:27,22487,102,6.08,13,0.0000
2025-12-28 18:25:27,22492,99,6.25,13,0.0000
2025-12-28 18:25:27,22493,102,6.05,13,0.0000
2025-12-28 18:25:27,22496,102,6.20,13,0.0000
2025-12-28 18:25:28,22497,105,6.19,13,0.0000
2025-12-28 18:25:28,22500,106,6.23,13,0.0000
2025-12-28 18:25:28,22507,102,6.44,13,0.0000
2025-12-28 18:25:28,22508,107,6.15,13,0.0000
2025-12-28 18:25:28,22510,110,5.97,13,0.0000
2025-12-28 18:25:28,22511,112,6.13,13,0.0089
2025-12-28 18:25:28,22513,111,6.39,13,0.0000
2025-12-28 18:25:28,22519,112,6.24,13,0.0000
2025-12-28 18:25:29,22522,112,6.37,13,0.0000
2025-12-28 18:25:29,22526,110,6.51,13,0.0000
2025-12-28 18:25:29,22528,110,6.75,13,0.0000
2025-12-28 18:25:29,22530,116,6.41,13,0.0086
2025-12-28 18:25:29,22535,113,6.57,13,0.0000
2025-12-28 18:25:29,22537,116,6.22,13,0.0000
2025-12-28 18:25:29,22539,117,6.10,13,0.0000
2025-12-28 18:25:29,22544,116,6.08,13,0.0000
2025-12-28 18:25:30,22549,114,6.15,13,0.0000
2025-12-28 18:25:30,22553,111,6.38,13,0.0000
2025-12-28 18:25:30,22557,110,6.36,13,0.0000
2025-12-28 18:25:30,22562,106,6.26,13,0.0000
2025-12-28 18:25:30,22563,107,6.34,13,0.0093
2025-12-28 18:25:30,22567,106,6.32,13,0.0000
2025-12-28 18:25:30,22575,101,6.38,13,0.0000
2025-12-28 18:25:30,22579,102,6.06,13,0.0000
2025-12-28 18:25:31,22581,103,6.12,13,0.0000
2025-12-28 18:25:31,22583,101,6.26,13,0.0000
2025-12-28 18:25:31,22587,97,6.59,13,0.0000
2025-12-28 18:25:31,22591,94,6.70,13,0.0000
2025-12-28 18:25:31,22595,93,6.68,13,0.0108
2025-12-28 18:25:31,22599,91,6.65,13,0.0000
2025-12-28 18:25:31,22603,91,6.66,13,0.0000
2025-12-28 18:25:31,22604,95,6.44,13,0.0105
2025-12-28 18:25:31,22606,96,6.44,13,0.0000
2025-12-28 18:25:32,22614,90,6.61,13,0.0000
2025-12-28 18:25:32,22618,91,6.52,13,0.0000
2025-12-28 18:25:32,22621,93,6.33,13,0.0000
2025-12-28 18:25:32,22623,93,6.53,13,0.0000
2025-12-28 18:25:32,22624,93,6.90,13,0.0000
2025-12-28 18:25:32,22627,93,7.02,13,0.0000
2025-12-28 18:25:32,22630,96,6.58,13,0.0000
2025-12-28 18:25:32,22632,98,6.49,13,0.0000
2025-12-28 18:25:32,22635,102,6.22,13,0.0000
2025-12-28 18:25:33,22636,104,6.09,13,0.0000
2025-12-28 18:25:33,22641,99,6.59,13,0.0000
2025-12-28 18:25:33,22642,102,6.34,13,0.0196
2025-12-28 18:25:33,22644,101,6.48,13,0.0000
2025-12-28 18:25:33,22645,104,6.25,13,0.0000
2025-12-28 18:25:33,22650,101,6.42,13,0.0000
2025-12-28 18:25:33,22655,97,6.54,13,0.0103
2025-12-28 18:25:33,22657,99,6.32,13,0.0000
2025-12-28 18:25:33,22661,98,6.22,13,0.0000
2025-12-28 18:25:34,22664,96,6.41,13,0.0000
2025-12-28 18:25:34,22666,96,6.57,13,0.0104
2025-12-28 18:25:34,22667,97,6.57,13,0.0000
2025-12-28 18:25:34,22671,93,6.89,13,0.0000
2025-12-28 18:25:34,22673,94,6.89,13,0.0000
2025-12-28 18:25:34,22674,97,6.65,13,0.0000
2025-12-28 18:25:34,22676,100,6.67,13,0.0000
2025-12-28 18:25:34,22677,104,6.60,13,0.0000
2025-12-28 18:25:34,22683,101,6.77,13,0.0000
2025-12-28 18:25:35,22686,101,6.62,13,0.0000
2025-12-28 18:25:35,22689,99,6.95,13,0.0000
2025-12-28 18:25:35,22693,101,6.50,13,0.0000
2025-12-28 18:25:35,22693,104,6.39,13,0.0096
2025-12-28 18:25:35,22697,103,6.16,13,0.0000
2025-12-28 18:25:35,22702,101,6.14,13,0.0099
2025-12-28 18:25:35,22703,102,6.13,13,0.0000
2025-12-28 18:25:35,22705,101,6.30,13,0.0000
2025-12-28 18:25:36,22712,97,6.30,13,0.0103
2025-12-28 18:25:36,22713,100,5.97,13,0.0000
2025-12-28 18:25:36,22715,99,6.14,13,0.0000
2025-12-28 18:25:36,22716,99,6.21,13,0.0000
2025-12-28 18:25:36,22721,99,5.95,13,0.0000
2025-12-28 18:25:36,22724,96,6.29,13,0.0000
2025-12-28 18:25:36,22726,97,6.19,13,0.0000
2025-12-28 18:25:36,22730,96,6.18,13,0.0000
2025-12-28 18:25:36,22733,96,6.42,13,0.0000
2025-12-28 18:25:37,22735,97,6.43,13,0.0000
2025-12-28 18:25:37,22737,98,6.69,13,0.0000
2025-12-28 18:25:37,22738,99,6.76,13,0.0000
2025-12-28 18:25:37,22740,102,6.66,13,0.0098
2025-12-28 18:25:37,22742,105,6.56,13,0.0095
2025-12-28 18:25:37,22743,104,6.76,13,0.0000
2025-12-28 18:25:37,22744,104,6.88,13,0.0192
2025-12-28 18:25:37,22747,105,6.70,13,0.0000
2025-12-28 18:25:37,22752,100,6.93,13,0.0000
2025-12-28 18:25:38,22755,99,6.79,13,0.0000
2025-12-28 18:25:38,22759,100,6.70,13,0.0000
2025-12-28 18:25:38,22761,102,6.70,13,0.0000
2025-12-28 18:25:38,22763,104,6.61,13,0.0000
2025-12-28 18:25:38,22764,105,6.75,13,0.0000
2025-12-28 18:25:38,22766,107,6.64,13,0.0000
2025-12-28 18:25:38,22767,113,6.30,13,0.0000
2025-12-28 18:25:38,22768,115,6.26,13,0.0000
2025-12-28 18:25:39,22768,119,6.13,13,0.0000
2025-12-28 18:25:39,22775,114,6.20,13,0.0088
2025-12-28 18:25:39,22779,113,6.15,13,0.0000
2025-12-28 18:25:39,22782,113,6.19,13,0.0000
2025-12-28 18:25:39,22783,116,6.08,13,0.0000
2025-12-28 18:25:39,22786,117,5.90,13,0.0085
2025-12-28 18:25:39,22789,115,6.08,13,0.0174
2025-12-28 18:25:39,22791,116,6.02,13,0.0000
2025-12-28 18:25:40,22795,115,6.12,13,0.0000
2025-12-28 18:25:40,22799,115,6.10,13,0.0000
2025-12-28 18:25:40,22805,113,6.10,13,0.0088
2025-12-28 18:25:40,22806,113,6.27,13,0.0000
2025-12-28 18:25:40,22812,109,6.39,13,0.0092
2025-12-28 18:25:40,22818,106,6.42,13,0.0000
2025-12-28 18:25:40,22822,104,6.47,13,0.0000
2025-12-28 18:25:40,22827,101,6.59,13,0.0099
2025-12-28 18:25:41,22835,96,6.81,13,0.0000
2025-12-28 18:25:41,22836,98,6.79,13,0.0102
2025-12-28 18:25:41,22842,95,6.74,13,0.0105
2025-12-28 18:25:41,22843,97,6.79,13,0.0000
2025-12-28 18:25:41,22844,101,6.63,13,0.0099
2025-12-28 18:25:41,22848,100,6.46,13,0.0000
2025-12-28 18:25:41,22851,99,6.42,13,0.0000
2025-12-28 18:25:41,22857,94,6.76,13,0.0000
2025-12-28 18:25:42,22862,91,7.09,13,0.0000
2025-12-28 18:25:42,22864,93,7.01,13,0.0108
2025-12-28 18:25:42,22866,97,6.80,13,0.0000
2025-12-28 18:25:42,22868,99,6.69,13,0.0101
2025-12-28 18:25:42,22869,102,6.56,13,0.0098
2025-12-28 18:25:42,22872,102,6.62,13,0.0098
2025-12-28 18:25:42,22873,107,6.25,13,0.0000
2025-12-28 18:25:42,22877,104,6.46,13,0.0000
2025-12-28 18:25:42,22879,102,6.67,13,0.0098
2025-12-28 18:25:43,22879,102,6.74,13,0.0000
2025-12-28 18:25:43,22885,101,6.52,13,0.0000
2025-12-28 18:25:43,22886,103,6.27,13,0.0194
2025-12-28 18:25:43,22895,97,6.40,13,0.0000
2025-12-28 18:25:43,22897,99,6.24,13,0.0000
2025-12-28 18:25:43,22906,97,6.24,13,0.0000
2025-12-28 18:25:43,22907,98,6.44,13,0.0000
2025-12-28 18:25:43,22910,96,6.64,13,0.0000
2025-12-28 18:25:43,22915,94,6.76,13,0.0106
2025-12-28 18:25:44,22915,98,6.48,13,0.0000
2025-12-28 18:25:44,22919,96,6.54,13,0.0000
2025-12-28 18:25:44,22922,94,6.61,13,0.0000
2025-12-28 18:25:44,22925,96,6.24,13,0.0104
2025-12-28 18:25:44,22929,94,6.10,13,0.0000
2025-12-28 18:25:44,22930,94,6.30,13,0.0106
2025-12-28 18:25:44,22935,92,6.47,13,0.0109
2025-12-28 18:25:44,22939,91,6.22,13,0.0000
2025-12-28 18:25:44,22941,93,6.14,13,0.0215
2025-12-28 18:25:45,22944,97,5.89,13,0.0103
2025-12-28 18:25:45,22946,98,5.95,13,0.0102
2025-12-28 18:25:45,22950,97,6.07,13,0.0000
2025-12-28 18:25:45,22954,98,5.81,13,0.0000
2025-12-28 18:25:45,22958,95,6.31,13,0.0000
2025-12-28 18:25:45,22959,99,6.05,13,0.0000
2025-12-28 18:25:45,22961,98,6.40,13,0.0000
2025-12-28 18:25:45,22961,103,6.08,13,0.0000
2025-12-28 18:25:45,22964,102,6.29,13,0.0098
2025-12-28 18:25:46,22966,102,6.35,13,0.0000
2025-12-28 18:25:46,22972,101,6.13,13,0.0000
2025-12-28 18:25:46,22974,100,6.12,13,0.0000
2025-12-28 18:25:46,22978,96,6.24,13,0.0000
2025-12-28 18:25:46,22982,94,6.12,13,0.0000
2025-12-28 18:25:46,22986,92,6.20,13,0.0109
2025-12-28 18:25:46,22989,90,6.24,13,0.0000
2025-12-28 18:25:46,22989,93,6.03,13,0.0000
2025-12-28 18:25:46,22994,90,5.96,13,0.0000
2025-12-28 18:25:47,22997,88,5.92,13,0.0000
2025-12-28 18:25:47,23001,86,6.02,13,0.0000
2025-12-28 18:25:47,23005,85,5.89,13,0.0000
2025-12-28 18:25:47,23011,81,5.74,13,0.0000
2025-12-28 18:25:47,23014,81,5.78,13,0.0123
2025-12-28 18:25:47,23015,83,5.77,13,0.0000
2025-12-28 18:25:47,23017,84,5.88,13,0.0119
2025-12-28 18:25:47,23021,81,6.04,13,0.0000
2025-12-28 18:25:47,23023,80,6.10,13,0.0000
2025-12-28 18:25:47,23026,83,5.53,13,0.0000
2025-12-28 18:25:48,23031,80,5.47,13,0.0000
2025-12-28 18:25:48,23036,77,5.43,13,0.0000
2025-12-28 18:25:48,23039,76,5.51,13,0.0000
2025-12-28 18:25:48,23041,74,5.84,13,0.0000
2025-12-28 18:25:48,23043,74,5.66,13,0.0000
2025-12-28 18:25:48,23044,74,5.54,13,0.0000
2025-12-28 18:25:48,23047,72,5.65,13,0.0000
2025-12-28 18:25:48,23050,71,5.59,13,0.0141
2025-12-28 18:25:48,23055,69,5.59,13,0.0000
2025-12-28 18:25:48,23058,68,5.75,13,0.0000
2025-12-28 18:25:48,23059,69,6.01,13,0.0000
2025-12-28 18:25:48,23061,70,5.99,13,0.0000
2025-12-28 18:25:49,23063,70,6.16,13,0.0000
2025-12-28 18:25:49,23064,71,6.20,13,0.0000
2025-12-28 18:25:49,23066,71,6.30,13,0.0000
2025-12-28 18:25:49,23069,70,6.73,13,0.0000
2025-12-28 18:25:49,23069,71,6.94,13,0.0000
2025-12-28 18:25:49,23072,72,6.90,13,0.0000
2025-12-28 18:25:49,23073,76,6.82,13,0.0000
2025-12-28 18:25:49,23074,80,6.67,13,0.0000
2025-12-28 18:25:49,23075,81,6.67,13,0.0000
2025-12-28 18:25:49,23076,83,6.71,13,0.0000
2025-12-28 18:25:49,23080,85,6.04,13,0.0000
2025-12-28 18:25:49,23083,84,6.37,13,0.0000
2025-12-28 18:25:50,23085,85,6.52,13,0.0118
2025-12-28 18:25:50,23089,84,6.63,13,0.0000
2025-12-28 18:25:50,23093,86,6.28,13,0.0000
2025-12-28 18:25:50,23094,85,6.79,13,0.0000
2025-12-28 18:25:50,23096,85,7.09,13,0.0000
2025-12-28 18:25:50,23098,85,7.12,13,0.0000
2025-12-28 18:25:50,23098,91,6.63,13,0.0110
2025-12-28 18:25:50,23100,93,6.49,13,0.0108
2025-12-28 18:25:50,23101,95,6.46,13,0.0000
2025-12-28 18:25:51,23104,94,6.72,13,0.0000
2025-12-28 18:25:51,23109,95,6.55,13,0.0105
2025-12-28 18:25:51,23110,96,6.40,13,0.0000
2025-12-28 18:25:51,23112,96,6.55,13,0.0104
2025-12-28 18:25:51,23114,94,7.05,13,0.0000
2025-12-28 18:25:51,23119,92,6.89,13,0.0000
2025-12-28 18:25:51,23121,94,6.68,13,0.0106
2025-12-28 18:25:51,23123,94,6.76,13,0.0000
2025-12-28 18:25:51,23124,97,6.63,13,0.0000
2025-12-28 18:25:51,23125,100,6.58,13,0.0000
2025-12-28 18:25:52,23126,101,6.85,13,0.0000
2025-12-28 18:25:52,23130,100,6.80,13,0.0100
2025-12-28 18:25:52,23135,97,7.07,13,0.0000
2025-12-28 18:25:52,23136,103,6.70,13,0.0000
2025-12-28 18:25:52,23140,104,6.51,13,0.0096
2025-12-28 18:25:52,23142,107,6.29,13,0.0000
2025-12-28 18:25:52,23146,108,6.19,13,0.0000
2025-12-28 18:25:52,23147,110,6.15,13,0.0091
2025-12-28 18:25:53,23149,111,6.19,13,0.0000
2025-12-28 18:25:53,23155,109,6.39,13,0.0000
2025-12-28 18:25:53,23158,108,6.50,13,0.0000
2025-12-28 18:25:53,23159,112,6.45,13,0.0089
2025-12-28 18:25:53,23160,114,6.43,13,0.0000
2025-12-28 18:25:53,23162,118,6.30,13,0.0000
2025-12-28 18:25:53,23166,119,6.27,13,0.0084
2025-12-28 18:25:53,23173,113,6.65,13,0.0088
2025-12-28 18:25:54,23175,114,6.67,13,0.0088
2025-12-28 18:25:54,23179,112,6.74,13,0.0089
2025-12-28 18:25:54,23182,111,6.88,13,0.0000
2025-12-28 18:25:54,23184,114,6.47,13,0.0088
2025-12-28 18:25:54,23186,115,6.56,13,0.0174
2025-12-28 18:25:54,23188,120,6.24,13,0.0000
2025-12-28 18:25:54,23191,117,6.48,13,0.0000
2025-12-28 18:25:55,23193,119,6.39,13,0.0000
2025-12-28 18:25:55,23195,117,6.59,13,0.0000
2025-12-28 18:25:55,23196,121,6.42,13,0.0165
2025-12-28 18:25:55,23203,120,6.21,13,0.0000
2025-12-28 18:25:55,23208,118,6.07,13,0.0000
2025-12-28 18:25:55,23214,113,6.55,13,0.0000
2025-12-28 18:25:55,23218,114,6.49,13,0.0000
2025-12-28 18:25:55,23222,113,6.51,13,0.0000
2025-12-28 18:25:56,23227,113,6.28,13,0.0000
2025-12-28 18:25:56,23231,111,6.44,13,0.0000
2025-12-28 18:25:56,23232,113,6.45,13,0.0000
2025-12-28 18:25:56,23236,111,6.66,13,0.0000
2025-12-28 18:25:56,23241,111,6.50,13,0.0000
2025-12-28 18:25:56,23242,115,6.43,13,0.0000
2025-12-28 18:25:56,23248,116,6.33,13,0.0000
2025-12-28 18:25:57,23252,115,6.53,13,0.0000
2025-12-28 18:25:57,23258,110,6.82,13,0.0091
2025-12-28 18:25:57,23262,111,6.84,13,0.0090
2025-12-28 18:25:57,23264,114,6.61,13,0.0000
2025-12-28 18:25:57,23268,111,6.91,13,0.0000
2025-12-28 18:25:57,23272,113,6.60,13,0.0000
2025-12-28 18:25:57,23274,116,6.50,13,0.0000
2025-12-28 18:25:57,23279,116,6.44,13,0.0000
2025-12-28 18:25:58,23280,121,6.36,13,0.0000
2025-12-28 18:25:58,23284,120,6.40,13,0.0000
2025-12-28 18:25:58,23289,118,6.79,13,0.0000
2025-12-28 18:25:58,23291,121,6.75,13,0.0000
2025-12-28 18:25:58,23294,119,7.09,13,0.0084
2025-12-28 18:25:58,23295,122,7.08,13,0.0000
2025-12-28 18:25:58,23303,120,6.92,13,0.0000
2025-12-28 18:25:59,23305,120,6.97,13,0.0000
2025-12-28 18:25:59,23307,121,6.97,13,0.0000
2025-12-28 18:25:59,23308,123,7.00,13,0.0000
2025-12-28 18:25:59,23310,124,6.96,13,0.0000
2025-12-28 18:25:59,23310,124,7.13,13,0.0081
2025-12-28 18:25:59,23313,125,6.88,13,0.0080
2025-12-28 18:25:59,23317,123,6.93,13,0.0163
2025-12-28 18:26:00,23322,120,6.95,13,0.0000
2025-12-28 18:26:00,23324,122,6.92,13,0.0000
2025-12-28 18:26:00,23326,122,6.93,13,0.0082
2025-12-28 18:26:00,23327,125,6.75,13,0.0000
2025-12-28 18:26:00,23333,121,6.79,13,0.0000
2025-12-28 18:26:00,23334,123,6.58,13,0.0000
2025-12-28 18:26:00,23335,124,6.56,13,0.0000
2025-12-28 18:26:01,23340,122,6.48,13,0.0000
2025-12-28 18:26:01,23348,115,6.73,13,0.0000
2025-12-28 18:26:01,23353,117,6.41,13,0.0000
2025-12-28 18:26:01,23357,117,6.50,13,0.0000
2025-12-28 18:26:01,23359,117,6.58,13,0.0000
2025-12-28 18:26:01,23363,116,6.72,13,0.0000
2025-12-28 18:26:01,23364,118,6.65,13,0.0000
2025-12-28 18:26:02,23371,115,6.53,13,0.0087
2025-12-28 18:26:02,23377,111,6.65,13,0.0000
2025-12-28 18:26:02,23378,114,6.46,13,0.0175
2025-12-28 18:26:02,23379,120,6.20,13,0.0000
2025-12-28 18:26:02,23381,118,6.57,13,0.0000
2025-12-28 18:26:02,23385,117,6.64,13,0.0085
2025-12-28 18:26:02,23389,117,6.63,13,0.0000
2025-12-28 18:26:03,23393,118,6.67,13,0.0000
2025-12-28 18:26:03,23394,121,6.56,13,0.0083
2025-12-28 18:26:03,23397,123,6.37,13,0.0081
2025-12-28 18:26:03,23402,123,6.28,13,0.0000
2025-12-28 18:26:03,23403,126,6.37,13,0.0000
2025-12-28 18:26:03,23406,128,6.31,13,0.0078
2025-12-28 18:26:03,23413,126,6.39,13,0.0000
2025-12-28 18:26:04,23414,126,6.67,13,0.0000
2025-12-28 18:26:04,23417,127,6.59,13,0.0157
2025-12-28 18:26:04,23421,128,6.48,13,0.0000
2025-12-28 18:26:05,23428,126,6.39,13,0.0000
2025-12-28 18:26:06,23433,124,6.55,13,0.0000
2025-12-28 18:26:08,23438,124,6.24,13,0.0000
2025-12-28 18:26:09,23443,122,6.43,13,0.0000
2025-12-28 18:26:10,23443,123,6.68,13,0.0000
2025-12-28 18:26:11,23443,128,6.44,13,0.0078
2025-12-28 18:26:12,23447,127,6.43,13,0.0000
2025-12-28 18:26:13,23449,127,6.48,13,0.0000
2025-12-28 18:26:14,23453,123,6.60,13,0.0081
2025-12-28 18:26:15,23455,125,6.36,13,0.0080
2025-12-28 18:26:16,23460,124,6.24,13,0.0000
2025-12-28 18:26:17,23463,123,6.32,13,0.0081
2025-12-28 18:26:18,23466,124,6.19,13,0.0000
2025-12-28 18:26:19,23470,122,6.20,13,0.0000
2025-12-28 18:26:20,23472,125,6.11,13,0.0080
2025-12-28 18:26:21,23480,121,5.97,13,0.0083
2025-12-28 18:26:22,23484,119,5.92,13,0.0000
2025-12-28 18:26:23,23494,110,6.08,13,0.0000
2025-12-28 18:26:24,23498,107,6.09,13,0.0000
2025-12-28 18:26:25,23498,112,5.84,13,0.0000
2025-12-28 18:26:30,46,154,1.15,3,0.1558
2025-12-28 18:26:32,115,85,1.47,4,0.1294
2025-12-28 18:26:33,23475,124,6.05,13,0.0000
2025-12-28 18:26:34,23478,122,6.30,13,0.0164
2025-12-28 18:26:35,23480,122,6.30,13,0.0082
2025-12-28 18:26:36,23485,120,6.43,13,0.0000
2025-12-28 18:26:37,23487,121,6.46,13,0.0000
2025-12-28 18:26:38,23491,121,6.42,13,0.0000
2025-12-28 18:26:39,23492,123,6.38,13,0.0000
2025-12-28 18:26:39,23496,124,6.29,13,0.0161
2025-12-28 18:26:39,23500,124,6.31,13,0.0000
2025-12-28 18:26:39,23503,126,6.16,13,0.0000
2025-12-28 18:26:39,23511,120,6.36,13,0.0083
2025-12-28 18:26:40,23516,122,6.20,13,0.0000
2025-12-28 18:26:40,23522,119,6.44,13,0.0000
2025-12-28 18:26:40,23526,116,6.61,13,0.0000
2025-12-28 18:26:40,23530,114,6.76,13,0.0000
2025-12-28 18:26:40,23538,109,7.06,13,0.0000
2025-12-28 18:26:40,23541,112,6.88,13,0.0089
2025-12-28 18:26:40,23544,118,6.32,13,0.0000
2025-12-28 18:26:40,23544,126,5.97,13,0.0079
2025-12-28 18:26:41,23548,124,6.08,13,0.0000
2025-12-28 18:26:41,23552,121,6.38,13,0.0248
2025-12-28 18:26:42,23555,120,6.47,13,0.0083
2025-12-28 18:26:43,23560,118,6.32,13,0.0000
2025-12-28 18:26:44,23563,117,6.20,13,0.0000
2025-12-28 18:26:45,23565,116,6.42,13,0.0172
2025-12-28 18:26:46,23570,114,6.42,13,0.0088
2025-12-28 18:26:47,23574,112,6.32,13,0.0000
2025-12-28 18:26:48,23473,124,6.11,13,0.0000
2025-12-28 18:26:49,23481,119,6.09,13,0.0000
2025-12-28 18:26:50,23483,119,6.04,13,0.0000
2025-12-28 18:26:51,23485,118,6.02,13,0.0085
2025-12-28 18:26:52,23489,116,5.86,13,0.0086
2025-12-28 18:26:53,23496,114,5.73,13,0.0088
2025-12-28 18:26:54,23500,111,5.95,13,0.0000
2025-12-28 18:26:54,23509,105,6.00,13,0.0000
2025-12-28 18:26:54,23517,101,5.97,13,0.0000
2025-12-28 18:26:54,23520,99,6.14,13,0.0000
2025-12-28 18:26:55,23521,100,6.28,13,0.0000
2025-12-28 18:26:55,23522,104,6.20,13,0.0000
2025-12-28 18:26:55,23527,104,6.31,13,0.0000
2025-12-28 18:26:56,23530,106,6.19,13,0.0000
2025-12-28 18:29:20,56,144,1.14,3,0.2431
2025-12-28 18:29:21,129,71,1.28,4,0.0423
2025-12-28 18:29:23,165,35,1.66,4,0.0000
2025-12-28 18:29:24,185,15,1.87,5,0.0667
2025-12-28 18:29:25,191,19,1.53,5,0.0526
2025-12-28 18:29:26,23472,125,6.11,13,0.0000
2025-12-28 18:29:27,23480,119,6.18,13,0.0000
2025-12-28 18:29:28,23484,119,6.07,13,0.0000
2025-12-28 18:29:29,23486,119,6.18,13,0.0084
2025-12-28 18:29:30,23489,119,6.11,13,0.0000
2025-12-28 18:29:31,23494,116,6.13,13,0.0000
2025-12-28 18:29:32,23499,111,6.32,13,0.0000
2025-12-28 18:29:33,23503,111,6.18,13,0.0000
2025-12-28 18:29:34,23508,111,5.86,13,0.0000
2025-12-28 18:29:35,23508,112,6.04,13,0.0000
2025-12-28 18:29:36,23510,110,6.38,13,0.0000
2025-12-28 18:29:36,23516,107,6.37,13,0.0093
2025-12-28 18:29:36,23519,108,6.27,13,0.0000
2025-12-28 18:29:37,23520,109,6.46,13,0.0092
2025-12-28 18:29:37,23522,112,6.30,13,0.0000
2025-12-28 18:29:37,23528,111,6.28,13,0.0000
2025-12-28 18:29:37,23530,111,6.41,13,0.0090
2025-12-28 18:29:37,23535,107,6.59,13,0.0000
2025-12-28 18:29:37,23537,108,6.28,13,0.0000
2025-12-28 18:29:37,23539,107,6.35,13,0.0000
2025-12-28 18:29:37,23543,106,6.27,13,0.0000
2025-12-28 18:29:38,23547,103,6.26,13,0.0000
2025-12-28 18:29:38,23553,100,6.46,13,0.0000
2025-12-28 18:29:38,23554,100,6.76,13,0.0000
2025-12-28 18:29:38,23556,104,6.48,13,0.0000
2025-12-28 18:29:38,23558,107,6.18,13,0.0000
2025-12-28 18:29:38,23563,104,6.36,13,0.0000
2025-12-28 18:29:38,23567,104,6.43,13,0.0000
2025-12-28 18:29:38,23571,105,6.47,13,0.0095
2025-12-28 18:29:39,23573,106,6.61,13,0.0000
2025-12-28 18:29:39,23574,111,6.54,13,0.0090
2025-12-28 18:29:39,23576,114,6.68,13,0.0000
2025-12-28 18:29:40,23577,119,6.39,13,0.0000
2025-12-28 18:29:41,23581,121,6.23,13,0.0000
2025-12-28 18:29:42,23585,119,6.42,13,0.0000
2025-12-28 18:29:43,23588,119,6.24,13,0.0000
2025-12-28 18:29:44,23592,116,6.44,13,0.0086
2025-12-28 18:29:45,23598,115,6.26,13,0.0000
2025-12-28 18:29:46,23604,115,5.75,13,0.0000
2025-12-28 18:29:47,23605,115,5.90,13,0.0000
2025-12-28 18:29:48,23609,114,5.87,13,0.0000
2025-12-28 18:29:49,23610,114,6.10,13,0.0000
2025-12-28 18:29:50,23612,113,6.15,13,0.0000
2025-12-28 18:29:51,23615,112,6.27,13,0.0000
2025-12-28 18:29:52,23618,111,6.34,13,0.0000
2025-12-28 18:29:53,23620,110,6.57,13,0.0000
2025-12-28 18:29:54,23623,112,6.32,13,0.0089
2025-12-28 18:29:55,23627,111,6.27,13,0.0090
2025-12-28 18:29:56,23628,112,6.33,13,0.0000
2025-12-28 18:29:57,23631,111,6.51,13,0.0000
2025-12-28 18:29:58,23634,113,6.42,13,0.0000
2025-12-28 18:29:59,23640,108,6.73,13,0.0000
2025-12-28 18:30:00,23642,110,6.86,13,0.0000
2025-12-28 18:30:01,23645,114,6.47,13,0.0000
2025-12-28 18:30:02,23650,115,6.30,13,0.0000
2025-12-28 18:30:03,23654,114,6.18,13,0.0088
2025-12-28 18:30:04,23657,113,6.31,13,0.0088
2025-12-28 18:30:05,23658,116,6.01,13,0.0000
2025-12-28 18:30:06,23664,112,5.87,13,0.0000
2025-12-28 18:30:07,23665,111,5.77,13,0.0000
2025-12-28 18:30:08,23669,109,5.93,13,0.0000
2025-12-28 18:30:09,23673,109,5.91,13,0.0000
2025-12-28 18:30:10,23681,105,5.68,13,0.0000
2025-12-28 18:30:11,23686,104,5.81,13,0.0000
2025-12-28 18:30:12,23691,101,6.29,13,0.0198
2025-12-28 18:30:13,23698,96,6.68,13,0.0000
2025-12-28 18:30:14,23698,102,6.62,13,0.0000
2025-12-28 18:30:15,23702,99,6.96,13,0.0000
2025-12-28 18:30:16,23703,104,6.65,13,0.0000
2025-12-28 18:30:17,23706,108,6.32,13,0.0093
2025-12-28 18:30:18,23708,109,6.12,13,0.0000
2025-12-28 18:30:19,23709,111,6.08,13,0.0090
2025-12-28 18:30:20,23714,109,5.92,13,0.0183
2025-12-28 18:30:21,23717,109,5.82,13,0.0092
2025-12-28 18:30:22,23722,106,6.12,13,0.0189
2025-12-28 18:30:23,23726,103,6.47,13,0.0000
2025-12-28 18:30:23,23729,108,6.08,13,0.0093
2025-12-28 18:30:23,23731,109,6.25,13,0.0183
2025-12-28 18:30:24,23734,108,6.43,13,0.0185
2025-12-28 18:30:24,23738,105,6.81,13,0.0000
2025-12-28 18:30:24,23742,108,6.29,13,0.0000
2025-12-28 18:30:24,23747,105,6.60,13,0.0000
2025-12-28 18:30:24,23751,103,6.80,13,0.0000
2025-12-28 18:30:24,23757,101,6.76,13,0.0198
2025-12-28 18:30:24,23759,102,6.69,13,0.0000
2025-12-28 18:30:24,23761,103,6.64,13,0.0000
2025-12-28 18:30:25,23768,100,6.85,13,0.0000
2025-12-28 18:30:25,23769,102,6.81,13,0.0000
2025-12-28 18:30:25,23770,105,6.60,13,0.0000
2025-12-28 18:30:25,23774,105,6.69,13,0.0286
2025-12-28 18:30:25,23777,103,6.82,13,0.0097
2025-12-28 18:30:25,23781,102,6.59,13,0.0000
2025-12-28 18:30:25,23783,105,6.25,13,0.0190
2025-12-28 18:30:25,23786,106,6.16,13,0.0000
2025-12-28 18:30:25,23788,105,6.31,13,0.0190
2025-12-28 18:30:26,23792,103,6.30,13,0.0194
2025-12-28 18:30:26,23800,100,6.20,13,0.0100
2025-12-28 18:30:26,23802,103,5.97,13,0.0194
2025-12-28 18:30:26,23808,100,6.12,13,0.0000
2025-12-28 18:30:26,23811,99,6.57,13,0.0000
2025-12-28 18:30:26,23813,106,6.10,13,0.0094
2025-12-28 18:30:26,23816,104,6.42,13,0.0096
2025-12-28 18:30:26,23818,103,6.68,13,0.0000
2025-12-28 18:30:27,23819,105,6.70,13,0.0000
2025-12-28 18:30:27,23823,103,6.79,13,0.0194
2025-12-28 18:30:27,23823,107,6.58,13,0.0000
2025-12-28 18:30:27,23825,111,6.29,13,0.0000
2025-12-28 18:30:27,23829,111,6.22,13,0.0180
2025-12-28 18:30:27,23832,110,6.45,13,0.0182
2025-12-28 18:30:27,23838,106,6.74,13,0.0377
2025-12-28 18:30:27,23843,103,6.99,13,0.0388
2025-12-28 18:30:27,23846,105,6.62,13,0.0286
2025-12-28 18:30:28,23849,107,6.36,13,0.0187
2025-12-28 18:30:28,23855,102,6.42,13,0.0098
2025-12-28 18:30:28,23859,100,6.52,13,0.0100
2025-12-28 18:30:28,23866,98,6.27,13,0.0408
2025-12-28 18:30:28,23870,99,6.10,13,0.0101
2025-12-28 18:30:28,23878,92,6.20,13,0.0217
2025-12-28 18:30:28,23879,91,6.37,13,0.0110
2025-12-28 18:30:28,23885,86,6.81,13,0.0000
2025-12-28 18:30:28,23887,89,6.37,13,0.0000
2025-12-28 18:30:29,23890,89,6.15,13,0.0225
2025-12-28 18:30:29,23891,89,6.29,13,0.0112
2025-12-28 18:30:29,23897,84,6.48,13,0.0238
2025-12-28 18:30:29,23898,85,6.29,13,0.0118
2025-12-28 18:30:29,23900,88,5.93,13,0.0000
2025-12-28 18:30:29,23904,84,6.20,13,0.0119
2025-12-28 18:30:29,23907,82,6.38,13,0.0122
2025-12-28 18:30:29,23913,77,6.68,13,0.0130
2025-12-28 18:30:29,23914,82,6.28,13,0.0366
2025-12-28 18:30:29,23914,83,6.60,13,0.0000
2025-12-28 18:30:29,23917,81,6.77,13,0.0000
2025-12-28 18:30:30,23918,81,6.85,13,0.0370
2025-12-28 18:30:30,23918,83,6.53,13,0.0241
2025-12-28 18:30:30,23924,80,6.55,13,0.0250
2025-12-28 18:30:30,23926,80,6.42,13,0.0375
2025-12-28 18:30:30,23928,79,6.49,13,0.0127
2025-12-28 18:30:30,23931,80,6.20,13,0.0000
2025-12-28 18:30:30,23935,78,6.22,13,0.0385
2025-12-28 18:30:30,23939,77,6.34,13,0.0260
2025-12-28 18:30:30,23940,79,6.14,13,0.0506
2025-12-28 18:30:30,23941,81,6.09,13,0.0123
2025-12-28 18:30:30,23943,84,6.12,13,0.0119
2025-12-28 18:30:31,23943,87,6.24,13,0.0230
2025-12-28 18:30:31,23947,87,5.99,13,0.0115
2025-12-28 18:30:31,23950,87,6.06,13,0.0345
2025-12-28 18:30:31,23952,88,6.01,13,0.0000
2025-12-28 18:30:31,23957,87,5.90,13,0.0000
2025-12-28 18:30:31,23959,88,6.03,13,0.0114
2025-12-28 18:30:31,23960,88,6.32,13,0.0000
2025-12-28 18:30:31,23964,85,6.41,13,0.0000
2025-12-28 18:30:31,23967,87,6.22,13,0.0345
2025-12-28 18:30:31,23968,87,6.43,13,0.0230
2025-12-28 18:30:32,23969,88,6.56,13,0.0227
2025-12-28 18:30:32,23973,87,6.48,13,0.0000
2025-12-28 18:30:32,23977,89,6.11,13,0.0225
2025-12-28 18:30:32,23981,88,6.42,13,0.0114
2025-12-28 18:30:32,23985,87,6.72,13,0.0000
2025-12-28 18:30:32,23990,88,6.39,13,0.0000
2025-12-28 18:30:32,23993,91,6.31,13,0.0110
2025-12-28 18:30:32,23995,92,6.22,13,0.0000
2025-12-28 18:30:32,23997,92,6.53,13,0.0217
2025-12-28 18:30:32,24001,91,6.64,13,0.0000
2025-12-28 18:30:33,24003,89,7.01,13,0.0000
2025-12-28 18:30:33,24005,90,7.10,13,0.0222
2025-12-28 18:30:33,24006,91,6.88,13,0.0000
2025-12-28 18:30:33,24010,89,6.81,13,0.0000
2025-12-28 18:30:33,24012,89,6.65,13,0.0112
2025-12-28 18:30:33,24013,91,6.53,13,0.0110
2025-12-28 18:30:33,24015,93,6.60,13,0.0000
2025-12-28 18:30:33,24018,92,6.64,13,0.0000
2025-12-28 18:30:33,24022,94,6.43,13,0.0000
2025-12-28 18:30:33,24022,95,6.65,13,0.0000
2025-12-28 18:30:34,24024,94,6.91,13,0.0000
2025-12-28 18:30:34,24026,94,6.94,13,0.0000
2025-12-28 18:30:34,24031,94,6.85,13,0.0106
2025-12-28 18:30:34,24032,99,6.57,13,0.0101
2025-12-28 18:30:34,24034,100,6.58,13,0.0000
2025-12-28 18:30:34,24035,102,6.63,13,0.0098
2025-12-28 18:30:34,24040,100,6.68,13,0.0100
2025-12-28 18:30:34,24041,103,6.66,13,0.0194
2025-12-28 18:30:34,24043,105,6.51,13,0.0000
2025-12-28 18:30:35,24046,109,5.98,13,0.0092
2025-12-28 18:30:35,24049,108,6.23,13,0.0185
2025-12-28 18:30:35,24052,107,6.34,13,0.0000
2025-12-28 18:30:35,24056,105,6.44,13,0.0000
2025-12-28 18:30:35,24060,102,6.63,13,0.0000
2025-12-28 18:30:35,24064,104,6.34,13,0.0000
2025-12-28 18:30:35,24066,106,6.23,13,0.0094
2025-12-28 18:30:35,24069,108,5.96,13,0.0000
2025-12-28 18:30:36,24074,104,6.34,13,0.0000
2025-12-28 18:30:36,24077,104,6.37,13,0.0096
2025-12-28 18:30:36,24079,107,6.08,13,0.0000
2025-12-28 18:30:36,24080,110,5.94,13,0.0091
2025-12-28 18:30:36,24084,111,5.82,13,0.0000
2025-12-28 18:30:36,24089,108,6.03,13,0.0093
2025-12-28 18:30:36,24091,108,6.30,13,0.0000
2025-12-28 18:30:36,24093,107,6.45,13,0.0000
2025-12-28 18:30:36,24095,107,6.40,13,0.0000
2025-12-28 18:30:37,24100,109,6.06,13,0.0000
2025-12-28 18:30:37,24103,110,6.17,13,0.0091
2025-12-28 18:30:37,24103,114,6.05,13,0.0088
2025-12-28 18:30:37,24108,110,6.36,13,0.0091
2025-12-28 18:30:37,24111,112,6.34,13,0.0000
2025-12-28 18:30:37,24115,112,6.39,13,0.0000
2025-12-28 18:30:37,24119,111,6.19,13,0.0000
2025-12-28 18:30:37,24120,114,5.98,13,0.0000
2025-12-28 18:30:38,24121,115,6.06,13,0.0087
2025-12-28 18:30:38,24125,112,6.32,13,0.0000
2025-12-28 18:30:38,24129,111,6.34,13,0.0000
2025-12-28 18:30:38,24133,110,6.45,13,0.0000
2025-12-28 18:30:38,24136,108,6.81,13,0.0093
2025-12-28 18:30:38,24144,105,6.76,13,0.0000
2025-12-28 18:30:38,24147,107,6.49,13,0.0000
2025-12-28 18:30:38,24147,107,6.65,13,0.0000
2025-12-28 18:30:39,24151,107,6.60,13,0.0093
2025-12-28 18:30:39,24151,110,6.63,13,0.0000
2025-12-28 18:30:39,24153,111,6.60,13,0.0090
2025-12-28 18:30:39,24157,110,6.65,13,0.0000
2025-12-28 18:30:39,24164,107,6.64,13,0.0000
2025-12-28 18:30:39,24166,108,6.77,13,0.0000
2025-12-28 18:30:39,24166,113,6.57,13,0.0000
2025-12-28 18:30:39,24170,114,6.28,13,0.0000
2025-12-28 18:30:40,24173,117,6.04,13,0.0000
2025-12-28 18:30:40,24179,114,6.11,13,0.0088
2025-12-28 18:30:40,24181,113,6.16,13,0.0000
2025-12-28 18:30:40,24185,110,6.46,13,0.0091
2025-12-28 18:30:40,24190,108,6.57,13,0.0000
2025-12-28 18:30:40,24192,111,6.50,13,0.0000
2025-12-28 18:30:40,24193,113,6.49,13,0.0000
2025-12-28 18:30:40,24194,117,6.34,13,0.0000
2025-12-28 18:30:41,24198,116,6.43,13,0.0000
2025-12-28 18:30:41,24203,118,6.27,13,0.0085
2025-12-28 18:30:41,24204,121,6.41,13,0.0000
2025-12-28 18:30:41,24208,120,6.62,13,0.0250
2025-12-28 18:30:41,24211,123,6.47,13,0.0163
2025-12-28 18:30:41,24213,124,6.58,13,0.0081
2025-12-28 18:30:41,24215,130,6.15,13,0.0077
2025-12-28 18:30:41,24224,125,6.37,13,0.0080
2025-12-28 18:30:42,24225,126,6.44,13,0.0079
2025-12-28 18:30:42,24230,124,6.44,13,0.0000
2025-12-28 18:30:42,24232,123,6.52,13,0.0081
2025-12-28 18:30:42,24239,122,6.40,13,0.0164
2025-12-28 18:30:42,24242,121,6.60,13,0.0083
2025-12-28 18:30:42,24245,122,6.61,13,0.0082
2025-12-28 18:30:43,24252,121,6.59,13,0.0083
2025-12-28 18:30:43,24255,119,6.90,13,0.0000
2025-12-28 18:30:43,24256,122,6.75,13,0.0000
2025-12-28 18:30:43,24263,117,6.90,13,0.0000
2025-12-28 18:30:43,24264,119,6.76,13,0.0084
2025-12-28 18:30:43,24265,122,6.82,13,0.0082
2025-12-28 18:30:43,24270,121,6.70,13,0.0083
2025-12-28 18:30:43,24274,119,6.98,13,0.0000
2025-12-28 18:30:44,24278,120,6.78,13,0.0000
2025-12-28 18:30:44,24282,120,6.56,13,0.0000
2025-12-28 18:30:44,24286,118,6.64,13,0.0085
2025-12-28 18:30:44,24288,120,6.28,13,0.0083
2025-12-28 18:30:44,24295,115,6.34,13,0.0087
2025-12-28 18:30:44,24298,117,6.25,13,0.0085
2025-12-28 18:30:44,24299,118,6.31,13,0.0169
2025-12-28 18:30:45,24304,115,6.45,13,0.0087
2025-12-28 18:30:45,24308,113,6.69,13,0.0000
2025-12-28 18:30:45,24312,112,6.71,13,0.0000
2025-12-28 18:30:45,24315,111,6.81,13,0.0090
2025-12-28 18:30:45,24317,113,6.50,13,0.0177
2025-12-28 18:30:45,24318,115,6.36,13,0.0000
2025-12-28 18:30:45,24320,115,6.43,13,0.0087
2025-12-28 18:30:45,24323,117,6.38,13,0.0000
2025-12-28 18:30:46,24324,119,6.11,13,0.0000
2025-12-28 18:30:46,24327,119,6.11,13,0.0168
2025-12-28 18:30:46,24333,113,6.47,13,0.0088
2025-12-28 18:30:46,24335,113,6.55,13,0.0177
2025-12-28 18:30:46,24340,110,6.55,13,0.0000
2025-12-28 18:30:46,24345,110,6.63,13,0.0000
2025-12-28 18:30:46,24347,113,6.64,13,0.0000
2025-12-28 18:30:46,24351,115,6.41,13,0.0000
2025-12-28 18:30:47,24354,117,6.32,13,0.0256
2025-12-28 18:30:47,24356,117,6.51,13,0.0000
2025-12-28 18:30:47,24358,118,6.66,13,0.0000
2025-12-28 18:30:47,24362,118,6.81,13,0.0085
2025-12-28 18:30:47,24363,124,6.64,13,0.0000
2025-12-28 18:30:47,24367,122,6.84,13,0.0000
2025-12-28 18:30:47,24367,125,6.84,13,0.0000
2025-12-28 18:30:47,24371,129,6.64,13,0.0078
2025-12-28 18:30:48,24375,126,6.85,13,0.0079
2025-12-28 18:30:48,24377,131,6.48,13,0.0076
2025-12-28 18:30:48,24382,127,6.65,13,0.0000
2025-12-28 18:30:48,24385,128,6.73,13,0.0078
2025-12-28 18:30:48,24389,129,6.50,13,0.0000
2025-12-28 18:30:48,24390,131,6.49,13,0.0000
2025-12-28 18:30:48,24394,128,6.73,13,0.0078
2025-12-28 18:30:49,24398,131,6.43,13,0.0076
2025-12-28 18:30:49,24402,131,6.35,13,0.0153
2025-12-28 18:30:49,24407,128,6.67,13,0.0000
2025-12-28 18:30:49,24411,128,6.88,13,0.0156
2025-12-28 18:30:49,24412,129,6.87,13,0.0000
2025-12-28 18:30:49,24418,127,6.91,13,0.0157
2025-12-28 18:30:49,24420,129,6.73,13,0.0078
2025-12-28 18:30:50,24421,129,6.88,13,0.0000
2025-12-28 18:30:50,24421,132,6.70,13,0.0227
2025-12-28 18:30:50,24423,132,6.62,13,0.0076
2025-12-28 18:30:50,24427,130,6.76,13,0.0000
2025-12-28 18:30:50,24432,126,6.92,13,0.0079
2025-12-28 18:30:50,24435,126,6.85,13,0.0079
2025-12-28 18:30:50,24437,130,6.53,13,0.0000
2025-12-28 18:30:51,24437,132,6.50,13,0.0076
2025-12-28 18:30:51,24441,131,6.39,13,0.0076
2025-12-28 18:30:51,24445,130,6.60,13,0.0077
2025-12-28 18:30:51,24447,131,6.37,13,0.0000
2025-12-28 18:30:51,24448,133,6.23,13,0.0075
2025-12-28 18:30:51,24451,132,6.30,13,0.0000
2025-12-28 18:30:51,24457,127,6.68,13,0.0000
2025-12-28 18:30:52,24458,129,6.63,13,0.0078
2025-12-28 18:30:52,24461,130,6.46,13,0.0077
2025-12-28 18:30:52,24466,128,6.52,13,0.0000
2025-12-28 18:30:52,24472,129,6.16,13,0.0000
2025-12-28 18:30:52,24476,129,6.09,13,0.0000
2025-12-28 18:30:52,24484,125,6.12,13,0.0000
2025-12-28 18:30:52,24486,129,5.89,13,0.0000
2025-12-28 18:30:53,24492,125,6.10,13,0.0160
2025-12-28 18:30:53,24498,122,6.39,13,0.0000
2025-12-28 18:30:53,24502,123,6.46,13,0.0000
2025-12-28 18:30:53,24506,125,6.40,13,0.0080
2025-12-28 18:30:53,24507,129,6.21,13,0.0078
2025-12-28 18:30:53,24511,129,6.44,13,0.0155
2025-12-28 18:30:53,24517,128,6.52,13,0.0000
2025-12-28 18:30:54,24526,124,6.48,13,0.0000
2025-12-28 18:30:54,24527,127,6.39,13,0.0000
2025-12-28 18:30:54,24529,128,6.24,13,0.0000
2025-12-28 18:30:54,24533,127,6.43,13,0.0079
2025-12-28 18:30:54,24542,120,6.58,13,0.0000
2025-12-28 18:30:54,24545,120,6.67,13,0.0083
2025-12-28 18:30:54,24547,124,6.44,13,0.0000
2025-12-28 18:30:55,24553,121,6.53,13,0.0083
2025-12-28 18:30:55,24554,122,6.57,13,0.0000
2025-12-28 18:30:55,24557,122,6.63,13,0.0000
2025-12-28 18:30:55,24559,123,6.70,13,0.0000
2025-12-28 18:30:55,24561,126,6.26,13,0.0000
2025-12-28 18:30:55,24567,124,6.21,13,0.0000
2025-12-28 18:30:55,24572,121,6.25,13,0.0000
2025-12-28 18:30:56,24576,121,6.17,13,0.0000
2025-12-28 18:30:56,24580,121,6.08,13,0.0000
2025-12-28 18:30:56,24582,120,6.33,13,0.0000
2025-12-28 18:30:56,24586,121,6.20,13,0.0083
2025-12-28 18:30:56,24588,121,6.37,13,0.0000
2025-12-28 18:30:56,24588,126,6.24,13,0.0000
2025-12-28 18:30:56,24588,133,5.89,13,0.0000
2025-12-28 18:30:56,24592,132,5.96,13,0.0000
2025-12-28 18:30:57,24596,135,5.67,13,0.0000
2025-12-28 18:30:57,24605,126,5.95,13,0.0079
2025-12-28 18:30:57,24609,122,5.91,13,0.0000
2025-12-28 18:30:57,24610,125,5.82,13,0.0000
2025-12-28 18:30:57,24612,125,5.83,13,0.0000
2025-12-28 18:30:57,24621,118,6.19,13,0.0000
2025-12-28 18:30:57,24624,117,6.42,13,0.0000
2025-12-28 18:30:58,24629,115,6.44,13,0.0000
2025-12-28 18:30:58,24632,115,6.46,13,0.0000
2025-12-28 18:30:58,24638,115,6.03,13,0.0087
2025-12-28 18:30:58,24643,111,6.22,13,0.0000
2025-12-28 18:30:58,24646,112,6.21,13,0.0089
2025-12-28 18:30:58,24652,108,6.44,13,0.0093
2025-12-28 18:30:58,24653,112,6.19,13,0.0000
2025-12-28 18:30:59,24655,115,5.84,13,0.0087
2025-12-28 18:30:59,24659,113,5.95,13,0.0000
2025-12-28 18:30:59,24668,106,6.40,13,0.0094
2025-12-28 18:30:59,24676,101,6.29,13,0.0000
2025-12-28 18:30:59,24682,98,6.11,13,0.0000
2025-12-28 18:30:59,24690,96,5.84,13,0.0000
2025-12-28 18:30:59,24692,94,5.84,13,0.0000
2025-12-28 18:30:59,24695,92,6.16,13,0.0109
2025-12-28 18:30:59,24699,90,6.10,13,0.0111
2025-12-28 18:30:59,24705,86,6.42,13,0.0116
2025-12-28 18:31:00,24709,84,6.39,13,0.0000
2025-12-28 18:31:00,24711,84,6.55,13,0.0000
2025-12-28 18:31:00,24714,81,6.89,13,0.0000
2025-12-28 18:31:00,24721,78,7.04,13,0.0000
2025-12-28 18:31:00,24723,81,6.77,13,0.0000
2025-12-28 18:31:00,24724,84,6.57,13,0.0238
2025-12-28 18:31:00,24725,86,6.41,13,0.0233
2025-12-28 18:31:00,24727,85,6.62,13,0.0000
2025-12-28 18:31:00,24729,84,6.74,13,0.0000
2025-12-28 18:31:00,24729,85,6.67,13,0.0000
2025-12-28 18:31:01,24732,87,6.31,13,0.0000
2025-12-28 18:31:01,24736,84,6.64,13,0.0119
2025-12-28 18:31:01,24738,83,6.93,13,0.0120
2025-12-28 18:31:01,24740,83,7.11,13,0.0000
2025-12-28 18:31:01,24741,86,7.19,13,0.0000
2025-12-28 18:31:01,24744,88,7.03,13,0.0000
2025-12-28 18:31:01,24747,92,6.78,13,0.0109
2025-12-28 18:31:01,24749,92,6.91,13,0.0000
2025-12-28 18:31:01,24753,92,7.03,13,0.0000
2025-12-28 18:31:01,24755,91,7.08,13,0.0000
2025-12-28 18:31:01,24760,87,7.30,13,0.0000
2025-12-28 18:31:02,24761,91,6.91,13,0.0110
2025-12-28 18:31:02,24766,88,7.10,13,0.0114
2025-12-28 18:31:02,24770,88,7.02,13,0.0114
2025-12-28 18:31:02,24774,91,6.65,13,0.0000
2025-12-28 18:31:02,24775,90,6.92,13,0.0000
2025-12-28 18:31:02,24778,93,6.46,13,0.0000
2025-12-28 18:31:02,24781,94,6.53,13,0.0000
2025-12-28 18:31:02,24781,98,6.29,13,0.0000
2025-12-28 18:31:02,24786,95,6.41,13,0.0000
2025-12-28 18:31:03,24792,90,6.57,13,0.0111
2025-12-28 18:31:03,24795,91,6.54,13,0.0000
2025-12-28 18:31:03,24797,91,6.68,13,0.0000
2025-12-28 18:31:03,24800,94,6.47,13,0.0106
2025-12-28 18:31:03,24800,95,6.67,13,0.0105
2025-12-28 18:31:03,24801,98,6.56,13,0.0000
2025-12-28 18:31:03,24803,98,6.66,13,0.0000
2025-12-28 18:31:03,24806,99,6.64,13,0.0101
2025-12-28 18:31:03,24810,102,6.53,13,0.0000
2025-12-28 18:31:03,24811,105,6.42,13,0.0190
2025-12-28 18:31:04,24813,104,6.61,13,0.0000
2025-12-28 18:31:04,24817,104,6.41,13,0.0000
2025-12-28 18:31:04,24821,105,6.48,13,0.0095
2025-12-28 18:31:04,24823,106,6.61,13,0.0000
2025-12-28 18:31:04,24826,108,6.66,13,0.0093
2025-12-28 18:31:04,24829,110,6.51,13,0.0000
2025-12-28 18:31:04,24834,110,6.56,13,0.0182
2025-12-28 18:31:04,24838,109,6.83,13,0.0000
2025-12-28 18:31:05,24841,114,6.46,13,0.0000
2025-12-28 18:31:05,24849,111,6.28,13,0.0000
2025-12-28 18:31:05,24856,106,6.50,13,0.0000
2025-12-28 18:31:05,24861,104,6.64,13,0.0096
2025-12-28 18:31:05,24864,104,6.49,13,0.0000
2025-12-28 18:31:05,24867,104,6.45,13,0.0000
2025-12-28 18:31:05,24874,102,6.61,13,0.0000
2025-12-28 18:31:05,24875,104,6.62,13,0.0385
2025-12-28 18:31:05,24879,103,6.72,13,0.0000
2025-12-28 18:31:06,24881,102,6.93,13,0.0098
2025-12-28 18:31:06,24882,103,6.90,13,0.0000
2025-12-28 18:31:06,24882,107,6.39,13,0.0093
2025-12-28 18:31:06,24885,105,6.30,13,0.0095
2025-12-28 18:31:06,24888,105,6.11,13,0.0095
2025-12-28 18:31:06,24890,107,5.86,13,0.0280
2025-12-28 18:31:06,24892,108,5.79,13,0.0093
2025-12-28 18:31:06,24893,112,5.51,13,0.0179
2025-12-28 18:31:07,24901,106,5.74,13,0.0094
2025-12-28 18:31:07,24906,103,5.77,13,0.0097
2025-12-28 18:31:07,24910,103,5.85,13,0.0000
2025-12-28 18:31:07,24914,101,5.95,13,0.0198
2025-12-28 18:31:07,24919,97,6.38,13,0.0206
2025-12-28 18:31:07,24920,99,6.22,13,0.0000
2025-12-28 18:31:07,24920,103,5.96,13,0.0194
2025-12-28 18:31:07,24929,95,6.26,13,0.0000
2025-12-28 18:31:07,24932,96,6.03,13,0.0000
2025-12-28 18:31:08,24935,95,6.12,13,0.0000
2025-12-28 18:31:08,24938,94,6.16,13,0.0000
2025-12-28 18:31:08,24941,95,5.74,13,0.0316
2025-12-28 18:31:08,24944,92,5.96,13,0.0000
2025-12-28 18:31:08,24948,89,6.25,13,0.0449
2025-12-28 18:31:08,24951,92,6.18,13,0.0109
2025-12-28 18:31:08,24954,90,6.69,13,0.0000
2025-12-28 18:31:08,24956,89,7.00,13,0.0000
2025-12-28 18:31:08,24958,90,6.78,13,0.0000
2025-12-28 18:31:08,24961,89,6.82,13,0.0112
2025-12-28 18:31:09,24962,91,6.82,13,0.0000
2025-12-28 18:31:09,24966,89,6.90,13,0.0000
2025-12-28 18:31:09,24966,90,6.82,13,0.0111
2025-12-28 18:31:09,24967,90,6.87,13,0.0000
2025-12-28 18:31:09,24968,92,6.53,13,0.0000
2025-12-28 18:31:09,24971,92,6.54,13,0.0000
2025-12-28 18:31:09,24973,93,6.56,13,0.0000
2025-12-28 18:31:09,24975,97,6.24,13,0.0000
2025-12-28 18:31:09,24977,97,6.43,13,0.0103
2025-12-28 18:31:09,24978,98,6.57,13,0.0000
2025-12-28 18:31:10,24979,100,6.65,13,0.0300
2025-12-28 18:31:10,24985,100,6.67,13,0.0000
2025-12-28 18:31:10,24989,99,6.67,13,0.0000
2025-12-28 18:31:10,24989,100,6.86,13,0.0100
2025-12-28 18:31:10,24993,101,6.60,13,0.0099
2025-12-28 18:31:10,24998,98,6.76,13,0.0204
2025-12-28 18:31:10,25001,99,6.37,13,0.0202
2025-12-28 18:31:10,25006,98,6.39,13,0.0102
2025-12-28 18:31:10,25008,101,6.35,13,0.0198
2025-12-28 18:31:11,25013,96,6.90,13,0.0000
2025-12-28 18:31:11,25016,97,6.77,13,0.0103
2025-12-28 18:31:11,25016,99,6.82,13,0.0101
2025-12-28 18:31:11,25017,101,6.62,13,0.0000
2025-12-28 18:31:11,25018,107,6.20,13,0.0000
2025-12-28 18:31:11,25020,107,6.39,13,0.0093
2025-12-28 18:31:11,25023,108,6.21,13,0.0000
2025-12-28 18:31:11,25028,104,6.51,13,0.0096
2025-12-28 18:31:11,25029,106,6.60,13,0.0094
2025-12-28 18:31:12,25030,110,6.50,13,0.0091
2025-12-28 18:31:12,25032,113,6.20,13,0.0000
2025-12-28 18:31:12,25034,115,6.22,13,0.0174
2025-12-28 18:31:12,25040,112,6.42,13,0.0179
2025-12-28 18:31:12,25043,113,6.35,13,0.0088
2025-12-28 18:31:12,25047,116,6.19,13,0.0000
2025-12-28 18:31:12,25048,116,6.49,13,0.0000
2025-12-28 18:31:12,25050,119,6.47,13,0.0084
2025-12-28 18:31:13,25053,122,6.39,13,0.0082
2025-12-28 18:31:13,25054,124,6.30,13,0.0081
2025-12-28 18:31:13,25056,126,6.23,13,0.0238
2025-12-28 18:31:13,25059,125,6.26,13,0.0000
2025-12-28 18:31:13,25061,126,6.19,13,0.0000
2025-12-28 18:31:13,25065,126,6.28,13,0.0079
2025-12-28 18:31:13,25068,127,6.13,13,0.0079
2025-12-28 18:31:14,25070,128,6.03,13,0.0078
2025-12-28 18:31:14,25073,127,6.14,13,0.0079
2025-12-28 18:31:14,25076,127,6.15,13,0.0000
2025-12-28 18:31:14,25081,126,6.29,13,0.0079
2025-12-28 18:31:14,25085,124,6.39,13,0.0000
2025-12-28 18:31:14,25088,126,6.34,13,0.0159
2025-12-28 18:31:14,25088,132,5.98,13,0.0000
2025-12-28 18:31:15,25090,136,5.80,13,0.0000
2025-12-28 18:31:15,25095,134,6.01,13,0.0000
2025-12-28 18:31:15,25098,133,6.17,13,0.0075
2025-12-28 18:31:15,25103,131,6.24,13,0.0076
2025-12-28 18:31:15,25105,132,6.22,13,0.0000
2025-12-28 18:31:15,25107,133,6.22,13,0.0000
2025-12-28 18:31:15,25108,132,6.43,13,0.0152
2025-12-28 18:31:16,25108,135,6.31,13,0.0000
2025-12-28 18:31:16,25113,131,6.50,13,0.0076
2025-12-28 18:31:16,25116,131,6.57,13,0.0000
2025-12-28 18:31:16,25120,131,6.49,13,0.0076
2025-12-28 18:31:16,25124,138,6.01,13,0.0072
2025-12-28 18:31:16,25126,141,5.89,13,0.0071
2025-12-28 18:31:17,25131,140,5.90,13,0.0000
2025-12-28 18:31:17,25134,140,5.96,13,0.0071
2025-12-28 18:31:17,25139,138,5.88,13,0.0000
2025-12-28 18:31:17,25148,132,6.13,13,0.0076
2025-12-28 18:31:17,25156,132,6.11,13,0.0000
2025-12-28 18:31:17,25161,135,6.16,13,0.0000
2025-12-28 18:31:17,25163,135,6.52,13,0.0148
2025-12-28 18:31:18,25170,132,6.55,13,0.0000
2025-12-28 18:31:18,25172,137,6.47,13,0.0000
2025-12-28 18:31:18,25179,135,6.47,13,0.0000
2025-12-28 18:31:18,25184,135,6.42,13,0.0000
2025-12-28 18:31:18,25187,134,6.54,13,0.0075
2025-12-28 18:31:18,25193,131,6.56,13,0.0000
2025-12-28 18:31:19,25196,131,6.55,13,0.0076
2025-12-28 18:31:19,25198,135,6.28,13,0.0000
2025-12-28 18:31:19,25203,133,6.50,13,0.0150
2025-12-28 18:31:19,25204,139,6.40,13,0.0000
2025-12-28 18:31:19,25209,137,6.31,13,0.0000
2025-12-28 18:31:19,25215,136,6.36,13,0.0074
2025-12-28 18:31:19,25221,133,6.60,13,0.0150
2025-12-28 18:31:20,25225,133,6.61,13,0.0150
2025-12-28 18:31:20,25228,136,6.37,13,0.0074
2025-12-28 18:31:20,25232,134,6.51,13,0.0149
2025-12-28 18:31:20,25238,131,6.48,13,0.0076
2025-12-28 18:31:20,25243,128,6.56,13,0.0156
2025-12-28 18:31:20,25245,127,6.61,13,0.0000
2025-12-28 18:31:20,25249,124,6.95,13,0.0000
2025-12-28 18:31:21,25254,124,6.93,13,0.0081
2025-12-28 18:31:21,25257,123,6.99,13,0.0000
2025-12-28 18:31:21,25260,123,7.14,13,0.0000
2025-12-28 18:31:21,25262,129,6.75,13,0.0078
2025-12-28 18:31:21,25264,131,6.68,13,0.0153
2025-12-28 18:31:21,25264,134,6.60,13,0.0000
2025-12-28 18:31:21,25267,136,6.58,13,0.0000
2025-12-28 18:31:22,25267,142,6.24,13,0.0141
2025-12-28 18:31:22,25276,133,6.59,13,0.0000
2025-12-28 18:31:22,25286,126,6.64,13,0.0000
2025-12-28 18:31:22,25287,130,6.28,13,0.0077
2025-12-28 18:31:22,25289,133,6.10,13,0.0000
2025-12-28 18:31:22,25293,133,6.17,13,0.0150
2025-12-28 18:31:23,25296,133,6.26,13,0.0000
2025-12-28 18:31:23,25305,126,6.52,13,0.0000
2025-12-28 18:31:23,25308,128,6.30,13,0.0000
2025-12-28 18:31:23,25309,133,5.90,13,0.0000
2025-12-28 18:31:23,25312,134,5.69,13,0.0075
2025-12-28 18:31:23,25316,131,5.81,13,0.0000
2025-12-28 18:31:23,25319,130,5.93,13,0.0000
2025-12-28 18:31:24,25323,131,5.89,13,0.0000
2025-12-28 18:31:24,25324,132,6.14,13,0.0152
2025-12-28 18:31:24,25329,131,6.26,13,0.0000
2025-12-28 18:31:24,25333,132,6.11,13,0.0076
2025-12-28 18:31:24,25341,125,6.28,13,0.0000
2025-12-28 18:31:24,25345,123,6.17,13,0.0000
2025-12-28 18:31:24,25348,121,6.17,13,0.0000
2025-12-28 18:31:25,25354,116,6.25,13,0.0000
2025-12-28 18:31:25,25358,113,6.42,13,0.0000
2025-12-28 18:31:25,25359,116,6.14,13,0.0000
2025-12-28 18:31:25,25361,116,6.27,13,0.0000
2025-12-28 18:31:25,25362,117,6.43,13,0.0000
2025-12-28 18:31:25,25370,115,6.38,13,0.0261
2025-12-28 18:31:25,25370,117,6.42,13,0.0000
2025-12-28 18:31:25,25371,122,5.96,13,0.0082
2025-12-28 18:31:26,25379,117,5.95,13,0.0085
2025-12-28 18:31:26,25384,116,6.15,13,0.0000
2025-12-28 18:31:26,25388,117,6.27,13,0.0000
2025-12-28 18:31:26,25391,116,6.46,13,0.0000
2025-12-28 18:31:26,25392,119,6.48,13,0.0000
2025-12-28 18:31:26,25396,117,6.50,13,0.0000
2025-12-28 18:31:26,25396,121,6.55,13,0.0000
2025-12-28 18:31:26,25398,124,6.43,13,0.0000
2025-12-28 18:31:27,25399,127,6.30,13,0.0079
2025-12-28 18:31:27,25401,127,6.33,13,0.0000
2025-12-28 18:31:27,25408,128,5.96,13,0.0000
2025-12-28 18:31:27,25412,125,6.34,13,0.0000
2025-12-28 18:31:27,25414,128,6.22,13,0.0000
2025-12-28 18:31:27,25416,131,6.18,13,0.0000
2025-12-28 18:31:27,25419,131,6.44,13,0.0000
2025-12-28 18:31:28,25425,131,6.37,13,0.0000
2025-12-28 18:31:28,25428,132,6.43,13,0.0000
2025-12-28 18:31:28,25430,137,6.22,13,0.0073
2025-12-28 18:31:28,25439,131,6.49,13,0.0000
2025-12-28 18:31:28,25444,131,6.38,13,0.0000
2025-12-28 18:31:28,25445,134,6.27,13,0.0000
2025-12-28 18:31:29,25449,134,6.21,13,0.0000
2025-12-28 18:31:29,25455,133,6.24,13,0.0000
2025-12-28 18:31:29,25461,132,6.35,13,0.0000
2025-12-28 18:31:29,25466,131,6.39,13,0.0000
2025-12-28 18:31:29,25471,129,6.38,13,0.0078
2025-12-28 18:31:29,25472,132,6.32,13,0.0000
2025-12-28 18:31:29,25475,134,6.10,13,0.0000
2025-12-28 18:31:30,25484,127,6.13,13,0.0000
2025-12-28 18:31:30,25487,128,5.92,13,0.0000
2025-12-28 18:31:30,25495,123,5.94,13,0.0000
2025-12-28 18:31:30,25504,119,5.76,13,0.0000
2025-12-28 18:31:30,25514,110,6.05,13,0.0000
2025-12-28 18:31:30,25515,114,5.94,13,0.0088
2025-12-28 18:31:30,25517,113,6.22,13,0.0088
2025-12-28 18:31:30,25519,114,6.25,13,0.0000
2025-12-28 18:31:31,25522,117,5.85,13,0.0085
2025-12-28 18:31:31,25524,116,6.03,13,0.0000
2025-12-28 18:31:31,25531,113,6.00,13,0.0000
2025-12-28 18:31:31,25532,114,6.09,13,0.0088
2025-12-28 18:31:31,25536,110,6.60,13,0.0000
2025-12-28 18:31:31,25540,112,6.67,13,0.0089
2025-12-28 18:31:31,25541,118,6.31,13,0.0000
2025-12-28 18:31:31,25542,123,6.11,13,0.0000
2025-12-28 18:31:32,25548,118,6.61,13,0.0000
2025-12-28 18:31:32,25552,123,6.27,13,0.0000
2025-12-28 18:31:32,25556,123,6.29,13,0.0000
2025-12-28 18:31:32,25559,123,6.51,13,0.0000
2025-12-28 18:31:32,25562,123,6.59,13,0.0081
2025-12-28 18:31:32,25562,127,6.43,13,0.0236
2025-12-28 18:31:32,25563,133,6.04,13,0.0000
2025-12-28 18:31:33,25568,131,6.17,13,0.0076
2025-12-28 18:31:33,25571,129,6.20,13,0.0155
2025-12-28 18:31:33,25576,125,6.28,13,0.0000
2025-12-28 18:31:33,25580,125,6.14,13,0.0000
2025-12-28 18:31:33,25583,128,6.00,13,0.0078
2025-12-28 18:31:33,25586,130,6.02,13,0.0000
2025-12-28 18:31:33,25587,134,5.91,13,0.0000
2025-12-28 18:31:34,25592,134,5.91,13,0.0000
2025-12-28 18:31:34,25598,130,6.11,13,0.0000
2025-12-28 18:31:34,25602,133,5.90,13,0.0000
2025-12-28 18:31:34,25605,130,6.22,13,0.0077
2025-12-28 18:31:34,25609,132,6.23,13,0.0076
2025-12-28 18:31:34,25611,133,6.23,13,0.0075
2025-12-28 18:31:35,25616,130,6.45,13,0.0000
2025-12-28 18:31:35,25623,124,6.75,13,0.0081
2025-12-28 18:31:35,25625,126,6.86,13,0.0000
2025-12-28 18:31:35,25626,129,6.62,13,0.0000
2025-12-28 18:31:35,25631,130,6.25,13,0.0000
2025-12-28 18:31:35,25632,130,6.37,13,0.0077
2025-12-28 18:31:35,25633,129,6.66,13,0.0000
2025-12-28 18:31:36,25637,128,6.73,13,0.0000
2025-12-28 18:31:36,25641,125,7.16,13,0.0080
2025-12-28 18:31:36,25647,123,7.00,13,0.0000
2025-12-28 18:31:36,25647,126,6.99,13,0.0000
2025-12-28 18:31:36,25649,128,6.71,13,0.0156
2025-12-28 18:31:36,25658,122,6.85,13,0.0000
2025-12-28 18:31:36,25663,119,6.82,13,0.0000
2025-12-28 18:31:36,25665,124,6.60,13,0.0000
2025-12-28 18:31:37,25667,132,5.95,13,0.0000
2025-12-28 18:31:37,25671,131,6.18,13,0.0076
2025-12-28 18:31:37,25675,130,6.08,13,0.0000
2025-12-28 18:31:37,25681,126,6.29,13,0.0079
2025-12-28 18:31:37,25684,126,6.16,13,0.0079
2025-12-28 18:31:37,25686,126,6.33,13,0.0079
2025-12-28 18:31:37,25686,131,6.20,13,0.0076
2025-12-28 18:31:38,25689,130,6.36,13,0.0000
2025-12-28 18:31:38,25690,134,6.13,13,0.0000
2025-12-28 18:31:38,25696,132,6.02,13,0.0076
2025-12-28 18:31:38,25699,133,6.00,13,0.0000
2025-12-28 18:31:38,25704,131,6.24,13,0.0076
2025-12-28 18:31:38,25707,133,6.16,13,0.0000
2025-12-28 18:31:39,25709,133,6.28,13,0.0075
2025-12-28 18:31:39,25712,134,6.19,13,0.0000
2025-12-28 18:31:39,25716,135,6.18,13,0.0000
2025-12-28 18:31:39,25721,131,6.53,13,0.0000
2025-12-28 18:31:39,25722,133,6.62,13,0.0075
2025-12-28 18:31:39,25728,131,6.72,13,0.0076
2025-12-28 18:31:39,25732,130,6.75,13,0.0077
2025-12-28 18:31:40,25737,132,6.55,13,0.0000
2025-12-28 18:31:40,25739,133,6.58,13,0.0075
2025-12-28 18:31:40,25743,133,6.64,13,0.0075
2025-12-28 18:31:40,25743,140,6.29,13,0.0214
2025-12-28 18:31:40,25746,140,6.25,13,0.0143
2025-12-28 18:31:40,25751,138,6.22,13,0.0000
2025-12-28 18:31:40,25754,138,6.20,13,0.0000
2025-12-28 18:31:41,25756,143,5.97,13,0.0070
2025-12-28 18:31:41,25763,138,6.40,13,0.0217
2025-12-28 18:31:41,25765,137,6.75,13,0.0073
2025-12-28 18:31:41,25771,135,6.85,13,0.0000
2025-12-28 18:31:41,25773,136,6.90,13,0.0074
2025-12-28 18:31:41,25777,136,6.89,13,0.0074
2025-12-28 18:31:42,25782,134,6.90,13,0.0000
2025-12-28 18:31:42,25785,136,6.76,13,0.0074
2025-12-28 18:31:42,25786,142,6.39,13,0.0000
2025-12-28 18:31:42,25791,141,6.34,13,0.0142
2025-12-28 18:31:42,25798,137,6.34,13,0.0073
2025-12-28 18:31:42,25802,138,6.30,13,0.0000
2025-12-28 18:31:42,25806,136,6.38,13,0.0074
2025-12-28 18:31:43,25813,135,6.19,13,0.0000
2025-12-28 18:31:43,25818,133,6.45,13,0.0075
2025-12-28 18:31:43,25821,133,6.62,13,0.0150
2025-12-28 18:31:43,25822,134,6.55,13,0.0000
2025-12-28 18:31:43,25826,138,6.36,13,0.0000
2025-12-28 18:31:43,25828,142,6.18,13,0.0000
2025-12-28 18:31:44,25831,142,6.18,13,0.0070
2025-12-28 18:31:44,25835,141,6.16,13,0.0071
2025-12-28 18:31:44,25837,140,6.31,13,0.0071
2025-12-28 18:31:44,25838,141,6.37,13,0.0000
2025-12-28 18:31:44,25844,140,6.20,13,0.0214
2025-12-28 18:31:44,25848,140,6.23,13,0.0000
2025-12-28 18:31:44,25852,140,6.32,13,0.0000
2025-12-28 18:31:45,25858,139,6.21,13,0.0000
2025-12-28 18:31:45,25861,139,6.38,13,0.0000
2025-12-28 18:31:45,25866,138,6.50,13,0.0072
2025-12-28 18:31:45,25870,138,6.46,13,0.0000
2025-12-28 18:31:45,25873,140,6.37,13,0.0071
2025-12-28 18:31:45,25876,140,6.34,13,0.0000
2025-12-28 18:31:46,25878,142,6.25,13,0.0070
2025-12-28 18:31:46,25884,140,6.26,13,0.0000
2025-12-28 18:31:46,25891,135,6.39,13,0.0000
2025-12-28 18:31:46,25894,140,6.02,13,0.0000
2025-12-28 18:31:46,25898,141,5.92,13,0.0000
2025-12-28 18:31:46,25905,137,6.04,13,0.0073
2025-12-28 18:31:46,25908,138,5.87,13,0.0072
2025-12-28 18:31:47,25912,135,6.24,13,0.0000
2025-12-28 18:31:47,25918,132,6.27,13,0.0076
2025-12-28 18:31:47,25923,131,6.45,13,0.0000
2025-12-28 18:31:47,25924,131,6.50,13,0.0000
2025-12-28 18:31:47,25930,130,6.60,13,0.0000
2025-12-28 18:31:47,25935,127,6.81,13,0.0000
2025-12-28 18:31:48,25939,127,6.75,13,0.0079
2025-12-28 18:31:48,25943,130,6.48,13,0.0077
2025-12-28 18:31:48,25945,131,6.59,13,0.0000
2025-12-28 18:31:48,25946,137,6.38,13,0.0073
2025-12-28 18:31:48,25951,136,6.37,13,0.0000
2025-12-28 18:31:48,25953,137,6.31,13,0.0000
2025-12-28 18:31:48,25960,133,6.26,13,0.0075
2025-12-28 18:31:49,25968,133,6.02,13,0.0000
2025-12-28 18:31:49,25969,135,6.02,13,0.0000
2025-12-28 18:31:49,25976,135,5.84,13,0.0000
2025-12-28 18:31:49,25980,134,5.90,13,0.0000
2025-12-28 18:31:49,25980,137,5.93,13,0.0073
2025-12-28 18:31:49,25986,133,6.17,13,0.0000
2025-12-28 18:31:49,25989,131,6.42,13,0.0000
2025-12-28 18:31:50,25990,133,6.35,13,0.0075
2025-12-28 18:31:50,25992,136,6.17,13,0.0000
2025-12-28 18:31:50,25996,134,6.28,13,0.0000
2025-12-28 18:31:50,26000,134,6.13,13,0.0000
2025-12-28 18:31:50,26010,129,6.02,13,0.0000
2025-12-28 18:31:50,26018,123,6.41,13,0.0081
2025-12-28 18:31:50,26027,119,6.50,13,0.0084
2025-12-28 18:31:51,26030,118,6.77,13,0.0000
2025-12-28 18:31:51,26034,120,6.63,13,0.0083
2025-12-28 18:31:51,26036,121,6.52,13,0.0083
2025-12-28 18:31:51,26040,120,6.73,13,0.0000
2025-12-28 18:31:51,26044,120,6.84,13,0.0167
2025-12-28 18:31:51,26046,120,6.97,13,0.0167
2025-12-28 18:31:51,26048,125,6.69,13,0.0000
2025-12-28 18:31:52,26049,127,6.48,13,0.0079
2025-12-28 18:31:52,26051,129,6.69,13,0.0078
2025-12-28 18:31:52,26054,133,6.43,13,0.0000
2025-12-28 18:31:52,26059,134,6.19,13,0.0000
2025-12-28 18:31:52,26061,132,6.35,13,0.0076
2025-12-28 18:31:52,26065,131,6.18,13,0.0000
2025-12-28 18:31:52,26071,128,6.07,13,0.0000
2025-12-28 18:31:53,26072,130,5.99,13,0.0000
2025-12-28 18:31:53,26076,129,5.81,13,0.0000
2025-12-28 18:31:53,26080,129,5.59,13,0.0078
2025-12-28 18:31:53,26085,125,5.74,13,0.0000
2025-12-28 18:31:53,26090,122,6.10,13,0.0000
2025-12-28 18:31:53,26093,123,6.19,13,0.0081
2025-12-28 18:31:53,26095,122,6.34,13,0.0000
2025-12-28 18:31:54,26098,123,6.36,13,0.0000
2025-12-28 18:31:54,26098,128,6.29,13,0.0000
2025-12-28 18:31:54,26100,131,6.31,13,0.0000
2025-12-28 18:31:54,26104,132,6.18,13,0.0000
2025-12-28 18:31:54,26104,132,6.48,13,0.0000
2025-12-28 18:31:54,26107,133,6.43,13,0.0075
2025-12-28 18:31:54,26107,140,6.12,13,0.0143
2025-12-28 18:31:55,26111,141,6.21,13,0.0000
2025-12-28 18:31:55,26112,143,6.25,13,0.0070
2025-12-28 18:31:55,26112,148,6.11,13,0.0000
2025-12-28 18:31:55,26117,149,5.98,13,0.0000
2025-12-28 18:31:55,26121,149,5.85,13,0.0000
2025-12-28 18:31:55,26126,144,6.19,13,0.0069
2025-12-28 18:31:56,26132,141,6.38,13,0.0000
2025-12-28 18:31:56,26134,141,6.53,13,0.0000
2025-12-28 18:31:56,26136,144,6.34,13,0.0000
2025-12-28 18:31:56,26141,145,6.25,13,0.0069
2025-12-28 18:31:56,26143,145,6.39,13,0.0069
2025-12-28 18:31:56,26143,146,6.49,13,0.0000
2025-12-28 18:31:56,26146,147,6.39,13,0.0068
2025-12-28 18:31:57,26149,149,6.18,13,0.0067
2025-12-28 18:31:57,26156,148,6.11,13,0.0068
2025-12-28 18:31:57,26160,149,6.12,13,0.0067
2025-12-28 18:31:57,26169,143,6.28,13,0.0070
2025-12-28 18:31:57,26176,138,6.28,13,0.0072
2025-12-28 18:31:57,26185,131,6.60,13,0.0076
2025-12-28 18:31:58,26189,132,6.45,13,0.0152
2025-12-28 18:31:58,26192,132,6.48,13,0.0076
2025-12-28 18:31:58,26197,130,6.28,13,0.0000
2025-12-28 18:31:58,26200,131,6.27,13,0.0000
2025-12-28 18:31:58,26201,134,6.21,13,0.0075
2025-12-28 18:31:58,26212,126,6.60,13,0.0079
2025-12-28 18:31:58,26218,127,6.47,13,0.0000
2025-12-28 18:31:59,26219,128,6.41,13,0.0000
2025-12-28 18:31:59,26220,128,6.61,13,0.0000
2025-12-28 18:31:59,26221,133,6.34,13,0.0150
2025-12-28 18:31:59,26225,133,6.29,13,0.0075
2025-12-28 18:31:59,26230,131,6.09,13,0.0000
2025-12-28 18:31:59,26232,132,5.96,13,0.0000
2025-12-28 18:31:59,26236,132,5.73,13,0.0000
2025-12-28 18:32:00,26242,131,5.61,13,0.0000
2025-12-28 18:32:00,26247,128,5.76,13,0.0000
2025-12-28 18:32:00,26252,125,5.88,13,0.0000
2025-12-28 18:32:00,26255,126,5.78,13,0.0000
2025-12-28 18:32:00,26262,122,5.83,13,0.0000
2025-12-28 18:32:00,26266,119,5.89,13,0.0084
2025-12-28 18:32:00,26269,117,6.02,13,0.0000
2025-12-28 18:32:01,26274,115,5.96,13,0.0000
2025-12-28 18:32:01,26281,108,6.25,13,0.0093
2025-12-28 18:32:01,26288,102,6.58,13,0.0000
2025-12-28 18:32:01,26288,105,6.46,13,0.0095
2025-12-28 18:32:01,26290,108,6.31,13,0.0000
2025-12-28 18:32:01,26291,110,6.39,13,0.0000
2025-12-28 18:32:01,26294,110,6.48,13,0.0000
2025-12-28 18:32:01,26297,114,6.31,13,0.0263
2025-12-28 18:32:02,26299,115,6.37,13,0.0087
2025-12-28 18:32:02,26300,118,6.45,13,0.0085
2025-12-28 18:32:02,26304,117,6.49,13,0.0000
2025-12-28 18:32:02,26309,116,6.58,13,0.0000
2025-12-28 18:32:02,26310,118,6.53,13,0.0085
2025-12-28 18:32:02,26314,117,6.54,13,0.0000
2025-12-28 18:32:02,26315,120,6.31,13,0.0167
2025-12-28 18:32:03,26319,118,6.46,13,0.0000
2025-12-28 18:32:03,26323,116,6.61,13,0.0000
2025-12-28 18:32:03,26330,113,6.41,13,0.0000
2025-12-28 18:32:03,26337,109,6.39,13,0.0092
2025-12-28 18:32:03,26341,108,6.44,13,0.0000
2025-12-28 18:32:03,26343,113,5.95,13,0.0000
2025-12-28 18:32:03,26346,114,6.09,13,0.0000
2025-12-28 18:32:03,26349,114,6.17,13,0.0000
2025-12-28 18:32:04,26351,116,6.08,13,0.0086
2025-12-28 18:32:04,26356,113,6.25,13,0.0000
2025-12-28 18:32:04,26356,117,6.21,13,0.0000
2025-12-28 18:32:04,26359,117,6.22,13,0.0085
2025-12-28 18:32:04,26360,119,6.37,13,0.0084
2025-12-28 18:32:04,26364,118,6.52,13,0.0085
2025-12-28 18:32:04,26368,121,6.22,13,0.0000
2025-12-28 18:32:04,26371,121,6.19,13,0.0083
2025-12-28 18:32:05,26372,120,6.30,13,0.0000
2025-12-28 18:32:05,26375,122,6.24,13,0.0082
2025-12-28 18:32:05,26382,117,6.44,13,0.0000
2025-12-28 18:32:05,26386,118,6.41,13,0.0000
2025-12-28 18:32:05,26388,120,6.34,13,0.0083
2025-12-28 18:32:05,26390,123,6.28,13,0.0000
2025-12-28 18:32:05,26393,123,6.43,13,0.0081
2025-12-28 18:32:06,26402,116,6.72,13,0.0086
2025-12-28 18:32:06,26403,115,6.83,13,0.0000
2025-12-28 18:32:06,26409,112,6.85,13,0.0089
2025-12-28 18:32:06,26414,108,6.99,13,0.0185
2025-12-28 18:32:06,26415,107,7.17,13,0.0000
2025-12-28 18:32:06,26415,111,6.87,13,0.0000
2025-12-28 18:32:06,26416,110,7.18,13,0.0000
2025-12-28 18:32:06,26417,112,7.19,13,0.0089
2025-12-28 18:32:07,26418,117,6.91,13,0.0085
2025-12-28 18:32:07,26421,115,7.23,13,0.0000
2025-12-28 18:32:07,26423,116,7.16,13,0.0000
2025-12-28 18:32:07,26428,118,6.95,13,0.0000
2025-12-28 18:32:07,26429,121,6.98,13,0.0083
2025-12-28 18:32:07,26430,124,6.88,13,0.0081
2025-12-28 18:32:07,26433,123,6.92,13,0.0081
2025-12-28 18:32:07,26436,125,6.93,13,0.0000
2025-12-28 18:32:08,26438,130,6.65,13,0.0000
2025-12-28 18:32:08,26442,130,6.62,13,0.0000
2025-12-28 18:32:08,26444,134,6.45,13,0.0075
2025-12-28 18:32:08,26450,130,6.82,13,0.0000
2025-12-28 18:32:08,26452,131,6.86,13,0.0000
2025-12-28 18:32:08,26460,128,6.89,13,0.0000
2025-12-28 18:32:08,26462,131,6.74,13,0.0000
2025-12-28 18:32:09,26464,134,6.65,13,0.0000
2025-12-28 18:32:09,26468,135,6.61,13,0.0000
2025-12-28 18:32:09,26470,135,6.70,13,0.0000
2025-12-28 18:32:09,26473,134,6.65,13,0.0075
2025-12-28 18:32:09,26474,139,6.24,13,0.0000
2025-12-28 18:32:09,26475,139,6.50,13,0.0072
2025-12-28 18:32:10,26479,141,6.38,13,0.0071
2025-12-28 18:32:10,26481,143,6.39,13,0.0000
2025-12-28 18:32:10,26484,145,6.39,13,0.0000
2025-12-28 18:32:10,26485,147,6.49,13,0.0000
2025-12-28 18:32:10,26488,149,6.26,13,0.0134
2025-12-28 18:32:10,26493,151,6.12,13,0.0066
2025-12-28 18:32:11,26499,148,6.32,13,0.0000
2025-12-28 18:32:11,26505,149,6.24,13,0.0000
2025-12-28 18:32:11,26507,150,6.19,13,0.0000
2025-12-28 18:32:11,26513,146,6.21,13,0.0000
2025-12-28 18:32:11,26521,141,6.21,13,0.0000
2025-12-28 18:32:11,26525,139,6.35,13,0.0072
2025-12-28 18:32:12,26530,139,6.38,13,0.0000
2025-12-28 18:32:12,26535,135,6.59,13,0.0000
2025-12-28 18:32:12,26536,137,6.42,13,0.0000
2025-12-28 18:32:12,26538,140,6.27,13,0.0000
2025-12-28 18:32:12,26539,144,6.09,13,0.0000
2025-12-28 18:32:12,26543,142,6.15,13,0.0000
2025-12-28 18:32:12,26545,141,6.49,13,0.0000
2025-12-28 18:32:13,26549,145,6.35,13,0.0069
2025-12-28 18:32:13,26550,149,6.21,13,0.0000
2025-12-28 18:32:13,26550,151,6.29,13,0.0066
2025-12-28 18:32:13,26557,146,6.45,13,0.0000
2025-12-28 18:32:13,26560,149,6.28,13,0.0000
2025-12-28 18:32:13,26564,151,6.06,13,0.0066
2025-12-28 18:32:14,26573,145,6.03,13,0.0000
2025-12-28 18:32:14,26576,144,6.07,13,0.0069
2025-12-28 18:32:14,26589,134,6.12,13,0.0000
2025-12-28 18:32:14,26591,136,6.05,13,0.0000
2025-12-28 18:32:14,26592,135,6.40,13,0.0074
2025-12-28 18:32:14,26597,131,6.60,13,0.0000
2025-12-28 18:32:15,26598,133,6.53,13,0.0000
2025-12-28 18:32:15,26598,137,6.45,13,0.0000
2025-12-28 18:32:15,26600,138,6.59,13,0.0000
2025-12-28 18:32:15,26603,140,6.48,13,0.0071
2025-12-28 18:32:15,26606,144,6.36,13,0.0000
2025-12-28 18:32:15,26607,143,6.55,13,0.0000
2025-12-28 18:32:16,26609,143,6.67,13,0.0000
2025-12-28 18:32:16,26613,145,6.48,13,0.0000
2025-12-28 18:32:16,26616,145,6.41,13,0.0000
2025-12-28 18:32:16,26625,137,6.70,13,0.0219
2025-12-28 18:32:16,26630,135,6.72,13,0.0148
2025-12-28 18:32:16,26631,138,6.71,13,0.0000
2025-12-28 18:32:17,26635,139,6.91,13,0.0144
2025-12-28 18:32:17,26639,143,6.59,13,0.0000
2025-12-28 18:32:17,26640,149,6.29,13,0.0067
2025-12-28 18:32:17,26645,150,6.31,13,0.0000
2025-12-28 18:32:17,26651,152,6.22,13,0.0066
2025-12-28 18:32:17,26658,148,6.39,13,0.0000
2025-12-28 18:32:17,26659,149,6.43,13,0.0134
2025-12-28 18:32:18,26663,147,6.59,13,0.0000
2025-12-28 18:32:18,26665,150,6.49,13,0.0067
2025-12-28 18:32:18,26668,148,6.42,13,0.0068
2025-12-28 18:32:18,26672,150,6.33,13,0.0133
2025-12-28 18:32:18,26676,149,6.36,13,0.0067
2025-12-28 18:32:19,26680,147,6.24,13,0.0000
2025-12-28 18:32:19,26686,141,6.61,13,0.0000
2025-12-28 18:32:19,26690,145,6.33,13,0.0069
2025-12-28 18:32:19,26693,144,6.49,13,0.0069
2025-12-28 18:32:19,26696,142,6.66,13,0.0000
2025-12-28 18:32:19,26699,145,6.59,13,0.0069
2025-12-28 18:32:20,26702,148,6.43,13,0.0000
2025-12-28 18:32:20,26707,148,6.37,13,0.0068
2025-12-28 18:32:20,26708,152,6.28,13,0.0000
2025-12-28 18:32:20,26713,149,6.44,13,0.0134
2025-12-28 18:32:20,26716,148,6.64,13,0.0000
2025-12-28 18:32:20,26722,143,6.91,13,0.0000
2025-12-28 18:32:21,26725,144,6.88,13,0.0000
2025-12-28 18:32:21,26730,144,6.60,13,0.0000
2025-12-28 18:32:21,26734,145,6.54,13,0.0000
2025-12-28 18:32:21,26736,147,6.37,13,0.0000
2025-12-28 18:32:21,26740,146,6.70,13,0.0000
2025-12-28 18:32:21,26744,147,6.80,13,0.0000
2025-12-28 18:32:22,26747,147,6.80,13,0.0204
2025-12-28 18:32:22,26747,154,6.45,13,0.0065
2025-12-28 18:32:22,26757,150,6.51,13,0.0000
2025-12-28 18:32:22,26765,150,6.22,13,0.0000
2025-12-28 18:32:22,26767,149,6.40,13,0.0067
2025-12-28 18:32:22,26769,148,6.52,13,0.0000
2025-12-28 18:32:23,26774,145,6.63,13,0.0000
2025-12-28 18:32:23,26777,146,6.48,13,0.0205
2025-12-28 18:32:23,26778,151,6.36,13,0.0000
2025-12-28 18:32:23,26781,151,6.49,13,0.0000
2025-12-28 18:32:23,26783,151,6.57,13,0.0000
2025-12-28 18:32:23,26789,149,6.71,13,0.0000
2025-12-28 18:32:24,26794,147,6.72,13,0.0068
2025-12-28 18:32:24,26797,150,6.49,13,0.0000
2025-12-28 18:32:24,26798,150,6.56,13,0.0000
2025-12-28 18:32:24,26803,148,6.55,13,0.0000
2025-12-28 18:32:24,26807,148,6.66,13,0.0000
2025-12-28 18:32:24,26813,148,6.47,13,0.0000
2025-12-28 18:32:25,26816,150,6.39,13,0.0067
2025-12-28 18:32:25,26818,150,6.31,13,0.0000
2025-12-28 18:32:25,26821,148,6.42,13,0.0068
2025-12-28 18:32:25,26825,148,6.53,13,0.0068
2025-12-28 18:32:25,26828,152,6.19,13,0.0066
2025-12-28 18:32:25,26829,155,6.26,13,0.0000
2025-12-28 18:32:26,26832,155,6.32,13,0.0000
2025-12-28 18:32:26,26836,153,6.42,13,0.0000
2025-12-28 18:32:26,26841,152,6.40,13,0.0000
2025-12-28 18:32:26,26849,146,6.60,13,0.0068
2025-12-28 18:32:26,26851,149,6.50,13,0.0000
2025-12-28 18:32:26,26860,144,6.44,13,0.0000
2025-12-28 18:32:27,26865,144,6.36,13,0.0069
2025-12-28 18:32:27,26870,140,6.49,13,0.0000
2025-12-28 18:32:27,26875,140,6.24,13,0.0000
2025-12-28 18:32:27,26879,143,6.03,13,0.0000
2025-12-28 18:32:27,26881,143,6.18,13,0.0000
2025-12-28 18:32:27,26886,141,6.26,13,0.0071
2025-12-28 18:32:27,26888,141,6.25,13,0.0000
2025-12-28 18:32:28,26897,133,6.76,13,0.0075
2025-12-28 18:32:28,26899,136,6.81,13,0.0000
2025-12-28 18:32:28,26902,139,6.71,13,0.0072
2025-12-28 18:32:28,26910,139,6.62,13,0.0000
2025-12-28 18:32:28,26911,147,6.30,13,0.0000
2025-12-28 18:32:28,26913,149,6.41,13,0.0000
2025-12-28 18:32:29,26916,152,6.21,13,0.0132
2025-12-28 18:32:29,26930,143,6.13,13,0.0000
2025-12-28 18:32:29,26936,140,6.26,13,0.0071
2025-12-28 18:32:29,26940,138,6.46,13,0.0072
2025-12-28 18:32:29,26942,141,6.36,13,0.0000
2025-12-28 18:32:29,26944,142,6.44,13,0.0000
2025-12-28 18:32:30,26947,143,6.53,13,0.0070
2025-12-28 18:32:30,26951,141,6.72,13,0.0000
2025-12-28 18:32:30,26960,133,7.05,13,0.0000
2025-12-28 18:32:30,26964,135,6.72,13,0.0074
2025-12-28 18:32:30,26971,135,6.36,13,0.0000
2025-12-28 18:32:30,26974,136,6.43,13,0.0000
2025-12-28 18:32:30,26980,136,6.50,13,0.0000
2025-12-28 18:32:31,26982,138,6.67,13,0.0000
2025-12-28 18:32:31,26983,144,6.44,13,0.0069
2025-12-28 18:32:31,26984,148,6.48,13,0.0135
2025-12-28 18:32:31,26990,147,6.59,13,0.0068
2025-12-28 18:32:31,26990,153,6.33,13,0.0000
2025-12-28 18:32:31,26992,157,6.20,13,0.0064
2025-12-28 18:32:32,26998,155,6.11,13,0.0129
2025-12-28 18:32:32,27001,154,6.16,13,0.0000
2025-12-28 18:32:32,27003,157,5.91,13,0.0127
2025-12-28 18:32:32,27008,155,6.06,13,0.0129
2025-12-28 18:32:32,27011,155,6.19,13,0.0065
2025-12-28 18:32:33,27019,150,6.29,13,0.0133
2025-12-28 18:32:33,27022,148,6.38,13,0.0068
2025-12-28 18:32:33,27026,147,6.46,13,0.0000
2025-12-28 18:32:34,27029,148,6.30,13,0.0000
2025-12-28 18:32:35,27035,145,6.30,13,0.0069
2025-12-28 18:32:36,27042,142,6.37,13,0.0000
2025-12-28 18:32:37,27034,143,6.39,13,0.0000
2025-12-28 18:32:38,27039,145,6.21,13,0.0000
2025-12-28 18:32:39,27034,144,6.32,13,0.0000
2025-12-28 18:32:40,27034,144,6.31,13,0.0000
2025-12-28 18:32:41,27033,144,6.36,13,0.0000
2025-12-28 18:32:42,27034,143,6.42,13,0.0000
2025-12-28 18:32:43,27035,145,6.28,13,0.0000
2025-12-28 18:32:44,27038,146,6.24,13,0.0068
2025-12-28 18:32:45,27034,143,6.41,13,0.0000
2025-12-28 18:32:46,27034,145,6.37,13,0.0069
2025-12-28 18:32:47,27038,145,6.32,13,0.0069
2025-12-28 18:32:48,27034,143,6.40,13,0.0000
2025-12-28 18:32:49,27039,143,6.31,13,0.0000
2025-12-28 18:32:50,27035,145,6.34,13,0.0000
2025-12-28 18:32:52,27040,147,6.22,13,0.0000
2025-12-28 18:32:53,27043,145,6.50,13,0.0000
2025-12-28 18:32:54,27047,145,6.51,13,0.0000
2025-12-28 18:32:55,27050,148,6.53,13,0.0000
2025-12-28 18:32:56,27054,151,6.39,13,0.0066
2025-12-28 18:32:57,27058,151,6.52,13,0.0000
2025-12-28 18:32:58,27063,151,6.44,13,0.0000
2025-12-28 18:32:59,27065,156,6.17,13,0.0000
2025-12-28 18:33:00,27070,153,6.41,13,0.0000
2025-12-28 18:33:01,27073,154,6.45,13,0.0065
2025-12-28 18:33:02,27081,149,6.63,13,0.0000
2025-12-28 18:33:03,27087,146,6.71,13,0.0068
2025-12-28 18:33:04,27091,144,6.78,13,0.0000
2025-12-28 18:33:05,27091,147,6.76,13,0.0000
2025-12-28 18:33:06,27095,148,6.65,13,0.0068
2025-12-28 18:33:07,27097,147,6.82,13,0.0068
2025-12-28 18:33:08,27102,143,6.90,13,0.0000
2025-12-28 18:33:09,27104,147,6.55,13,0.0000
2025-12-28 18:33:10,27107,148,6.41,13,0.0068
2025-12-28 18:33:11,27115,143,6.34,13,0.0000
2025-12-28 18:33:12,27120,143,6.11,13,0.0070
2025-12-28 18:33:13,27131,134,6.19,13,0.0149
2025-12-28 18:33:14,27135,132,6.17,13,0.0000
2025-12-28 18:33:15,27140,128,6.38,13,0.0156
2025-12-28 18:33:16,27146,123,6.55,13,0.0163
2025-12-28 18:33:17,27149,120,6.86,13,0.0000
2025-12-28 18:33:18,27150,126,6.44,13,0.0000
2025-12-28 18:33:19,27151,127,6.41,13,0.0000
2025-12-28 18:33:19,27153,128,6.28,13,0.0078
2025-12-28 18:33:20,27160,123,6.34,13,0.0000
2025-12-28 18:33:21,27163,124,6.29,13,0.0000
2025-12-28 18:33:22,27166,122,6.38,13,0.0082
2025-12-28 18:33:24,27167,126,6.22,13,0.0000
2025-12-28 18:33:25,27170,125,6.41,13,0.0080
2025-12-28 18:33:26,27177,121,6.60,13,0.0000
2025-12-28 18:33:27,27180,123,6.54,13,0.0000
2025-12-28 18:33:28,27182,124,6.64,13,0.0081
2025-12-28 18:33:29,27184,126,6.45,13,0.0159
2025-12-28 18:33:30,27186,128,6.38,13,0.0000
2025-12-28 18:33:31,27188,130,6.35,13,0.0000
2025-12-28 18:33:32,27195,128,6.48,13,0.0000
2025-12-28 18:33:33,27203,122,6.43,13,0.0164
2025-12-28 18:35:41,51,149,1.19,3,0.2081
2025-12-28 18:35:42,120,80,1.38,3,0.0875
2025-12-28 18:35:43,157,43,1.56,3,0.0698
2025-12-28 18:35:44,179,21,1.48,4,0.0952
2025-12-28 18:35:45,189,11,1.45,4,0.0000
2025-12-28 18:35:46,195,15,1.07,4,0.3333
2025-12-28 18:35:47,201,19,1.16,4,0.1053
2025-12-28 18:35:48,206,14,1.29,4,0.3571
2025-12-28 18:35:49,210,10,1.70,6,0.2000
2025-12-28 18:35:50,222,18,1.06,6,0.2222
2025-12-28 18:35:51,225,15,1.20,6,0.1333
2025-12-28 18:35:52,229,11,1.09,6,0.0000
2025-12-28 18:35:52,234,16,1.12,6,0.0625
2025-12-28 18:35:52,242,18,1.00,6,0.2778
2025-12-28 18:35:52,246,14,1.00,6,0.1429
2025-12-28 18:35:52,254,16,1.12,6,0.2500
2025-12-28 18:35:52,262,18,1.11,6,0.2778
2025-12-28 18:35:52,266,14,1.07,6,0.1429
2025-12-28 18:35:52,274,16,1.12,6,0.1875
2025-12-28 18:35:52,278,12,1.17,6,0.4167
2025-12-28 18:35:52,284,16,1.12,6,0.1250
2025-12-28 18:35:52,290,10,1.40,6,0.2000
2025-12-28 18:35:52,297,13,1.38,6,0.1538
2025-12-28 18:35:52,301,19,1.16,6,0.2105
2025-12-28 18:35:52,307,13,1.15,6,0.1538
2025-12-28 18:35:52,312,18,1.11,6,0.2222
2025-12-28 18:35:52,318,12,1.08,6,0.0833
2025-12-28 18:35:52,326,14,1.00,6,0.2857
2025-12-28 18:35:52,334,16,1.06,6,0.2500
2025-12-28 18:35:52,337,13,1.31,6,0.1538
2025-12-28 18:35:52,343,17,1.35,6,0.2941
2025-12-28 18:35:52,349,11,1.36,6,0.3636
2025-12-28 18:35:52,355,15,1.20,6,0.2000
2025-12-28 18:35:52,362,18,1.06,6,0.2778
2025-12-28 18:35:52,369,11,1.09,6,0.1818
2025-12-28 18:35:52,374,16,1.31,6,0.1250
2025-12-28 18:35:52,377,13,1.31,6,0.2308
2025-12-28 18:35:52,385,15,1.20,6,0.3333
2025-12-28 18:35:52,390,10,1.20,6,0.3000
2025-12-28 18:35:52,395,15,1.07,6,0.2667
2025-12-28 18:35:52,407,13,1.15,6,0.0000
2025-12-28 18:35:52,410,10,1.10,6,0.1000
2025-12-28 18:35:52,413,17,1.29,6,0.0588
2025-12-28 18:35:53,420,10,1.60,6,0.1000
2025-12-28 18:35:54,425,15,1.27,6,0.2000
2025-12-28 18:35:55,430,10,1.50,6,0.1000
2025-12-28 18:35:56,431,19,1.26,6,0.2632
2025-12-28 18:35:57,436,14,1.50,6,0.0000
2025-12-28 18:35:58,442,18,1.39,6,0.0556
2025-12-28 18:35:59,27034,145,6.28,13,0.0000
2025-12-28 18:36:00,27040,142,6.48,13,0.0000
2025-12-28 18:36:01,27041,146,6.35,13,0.0000
2025-12-28 18:36:02,27044,145,6.44,13,0.0276
2025-12-28 18:36:03,27046,148,6.43,13,0.0000
2025-12-28 18:36:04,27048,152,6.27,13,0.0132
2025-12-28 18:36:05,27053,150,6.29,13,0.0200
2025-12-28 18:36:06,27059,148,6.31,13,0.0068
2025-12-28 18:36:07,27064,145,6.52,13,0.0138
2025-12-28 18:36:08,27069,147,6.10,13,0.0068
2025-12-28 18:36:09,27074,147,5.97,13,0.0068
2025-12-28 18:36:10,27077,145,6.15,13,0.0069
2025-12-28 18:36:11,27079,146,6.30,13,0.0000
2025-12-28 18:36:12,27083,145,6.31,13,0.0000
2025-12-28 18:36:13,27088,142,6.35,13,0.0070
2025-12-28 18:36:13,27094,142,6.13,13,0.0000
2025-12-28 18:36:13,27097,141,6.44,13,0.0000
2025-12-28 18:36:13,27101,142,6.44,13,0.0000
2025-12-28 18:36:14,27104,143,6.54,13,0.0140
2025-12-28 18:36:14,27105,145,6.52,13,0.0000
2025-12-28 18:36:14,27109,143,6.50,13,0.0140
2025-12-28 18:36:14,27119,135,6.84,13,0.0074
2025-12-28 18:36:14,27122,134,7.03,13,0.0075
2025-12-28 18:36:14,27124,142,6.51,13,0.0000
2025-12-28 18:36:15,27125,144,6.49,13,0.0208
2025-12-28 18:36:15,27127,144,6.51,13,0.0069
2025-12-28 18:36:15,27128,146,6.47,13,0.0068
2025-12-28 18:36:15,27135,145,6.34,13,0.0000
2025-12-28 18:36:16,27139,146,6.39,13,0.0137
2025-12-28 18:36:16,27139,151,6.40,13,0.0132
2025-12-28 18:36:16,27146,151,6.09,13,0.0132
2025-12-28 18:36:16,27151,149,6.23,13,0.0067
2025-12-28 18:36:16,27153,151,6.23,13,0.0066
2025-12-28 18:36:16,27161,146,6.51,13,0.0000
2025-12-28 18:36:17,27163,151,6.26,13,0.0066
2025-12-28 18:36:17,27167,152,6.24,13,0.0000
2025-12-28 18:36:17,27168,156,6.29,13,0.0000
2025-12-28 18:36:17,27172,155,6.30,13,0.0065
2025-12-28 18:36:17,27174,157,6.29,13,0.0064
2025-12-28 18:36:18,27179,154,6.48,13,0.0000
2025-12-28 18:36:19,27181,161,6.20,13,0.0000
2025-12-28 18:36:19,27186,159,6.34,13,0.0000
2025-12-28 18:36:19,27190,160,6.23,13,0.0000
2025-12-28 18:36:19,27193,160,6.19,13,0.0125
2025-12-28 18:36:19,27197,157,6.24,13,0.0000
2025-12-28 18:36:20,27203,159,6.00,13,0.0000
2025-12-28 18:36:20,27209,158,5.89,13,0.0000
2025-12-28 18:36:20,27217,152,6.12,13,0.0066
2025-12-28 18:36:20,27221,152,6.20,13,0.0066
2025-12-28 18:36:20,27223,153,6.21,13,0.0065
2025-12-28 18:36:20,27227,153,6.29,13,0.0000
2025-12-28 18:36:21,27229,160,5.95,13,0.0000
2025-12-28 18:36:21,27231,163,5.91,13,0.0000
2025-12-28 18:36:21,27236,163,6.12,13,0.0000
2025-12-28 18:36:22,27243,160,6.17,13,0.0000
2025-12-28 18:36:23,27249,159,6.00,13,0.0000
2025-12-28 18:36:24,27256,154,6.16,13,0.0000
2025-12-28 18:36:25,27259,155,6.10,13,0.0065
2025-12-28 18:36:26,27261,155,6.21,13,0.0065
2025-12-28 18:36:27,27266,155,6.36,13,0.0000
2025-12-28 18:36:28,27270,153,6.61,13,0.0065
2025-12-28 18:36:29,27271,153,6.65,13,0.0000
2025-12-28 18:36:30,27277,153,6.54,13,0.0000
2025-12-28 18:36:32,27279,154,6.58,13,0.0065
2025-12-28 18:36:33,27282,157,6.51,13,0.0000
2025-12-28 18:36:34,27284,162,6.36,13,0.0000
2025-12-28 18:36:35,27289,161,6.30,13,0.0124
2025-12-28 18:36:36,27295,158,6.41,13,0.0000
2025-12-28 18:36:37,27301,156,6.60,13,0.0000
